solid OpenSCAD_Model
  facet normal 0.586968 -0.80961 9.17442e-07
    outer loop
      vertex 10.5594 -6.29991 92.4
      vertex 35.8007 12 57.2
      vertex 53.2645 24.6613 92.4
    endloop
  endfacet
  facet normal 0.586967 -0.809611 0
    outer loop
      vertex 10.5594 -6.29991 92.4
      vertex 35.8007 12 35.2
      vertex 35.8007 12 57.2
    endloop
  endfacet
  facet normal 0.586967 -0.809611 0
    outer loop
      vertex 10.5594 -6.29991 1.90735e-07
      vertex 35.8007 12 35.2
      vertex 10.5594 -6.29991 92.4
    endloop
  endfacet
  facet normal 0.586968 -0.80961 -9.17442e-07
    outer loop
      vertex 53.2645 24.6613 1.90735e-07
      vertex 35.8007 12 35.2
      vertex 10.5594 -6.29991 1.90735e-07
    endloop
  endfacet
  facet normal 0.586969 -0.809609 0
    outer loop
      vertex 35.8007 12 35.2
      vertex 53.2645 24.6613 1.90735e-07
      vertex 53.2645 24.6613 35.2
    endloop
  endfacet
  facet normal 0.586969 -0.809609 0
    outer loop
      vertex 53.2645 24.6613 92.4
      vertex 35.8007 12 57.2
      vertex 53.2645 24.6613 57.2
    endloop
  endfacet
  facet normal -0.287284 -0.957845 -0
    outer loop
      vertex 0 -3.13209 3.5
      vertex 0 -3.13209 1.90735e-07
      vertex 0.0999908 -3.16208 3.5
    endloop
  endfacet
  facet normal -0.287284 -0.957845 0
    outer loop
      vertex 0.0999908 -3.16208 88.9
      vertex 0 -3.13209 92.4
      vertex 0 -3.13209 88.9
    endloop
  endfacet
  facet normal -0.287348 -0.957826 -1.98133e-06
    outer loop
      vertex 0 -3.13209 92.4
      vertex 0.0999908 -3.16208 88.9
      vertex 10.5594 -6.29991 92.4
    endloop
  endfacet
  facet normal -0.287348 -0.957826 0
    outer loop
      vertex 0.0999908 -3.16208 3.5
      vertex 10.5594 -6.29991 92.4
      vertex 0.0999908 -3.16208 88.9
    endloop
  endfacet
  facet normal -0.287348 -0.957826 1.98133e-06
    outer loop
      vertex 10.5594 -6.29991 1.90735e-07
      vertex 0.0999908 -3.16208 3.5
      vertex 0 -3.13209 1.90735e-07
    endloop
  endfacet
  facet normal -0.287348 -0.957826 0
    outer loop
      vertex 0.0999908 -3.16208 3.5
      vertex 10.5594 -6.29991 1.90735e-07
      vertex 10.5594 -6.29991 92.4
    endloop
  endfacet
  facet normal 0 0 -1
    outer loop
      vertex 10.5594 -6.29991 1.90735e-07
      vertex 51.7536 33.727 1.90735e-07
      vertex 53.2645 24.6613 1.90735e-07
    endloop
  endfacet
  facet normal -0 0 -1
    outer loop
      vertex 51.7536 33.727 1.90735e-07
      vertex 10.5594 -6.29991 1.90735e-07
      vertex 12.2055 61.7 1.90735e-07
    endloop
  endfacet
  facet normal 0 0 -1
    outer loop
      vertex 0 -3.13209 1.90735e-07
      vertex 12.2055 61.7 1.90735e-07
      vertex 10.5594 -6.29991 1.90735e-07
    endloop
  endfacet
  facet normal -0 0 -1
    outer loop
      vertex 12.2055 61.7 1.90735e-07
      vertex 0 -3.13209 1.90735e-07
      vertex 0 61.7 1.90735e-07
    endloop
  endfacet
  facet normal -0 0 1
    outer loop
      vertex 0 61.7 92.4
      vertex 18 57.6014 92.4
      vertex 12.2055 61.7 92.4
    endloop
  endfacet
  facet normal 0 0 1
    outer loop
      vertex 30 14 92.4
      vertex 51.7536 33.727 92.4
      vertex 30 49.1136 92.4
    endloop
  endfacet
  facet normal 0 0 1
    outer loop
      vertex 51.7536 33.727 92.4
      vertex 30 14 92.4
      vertex 53.2645 24.6613 92.4
    endloop
  endfacet
  facet normal -0 0 1
    outer loop
      vertex 30 14 92.4
      vertex 10.5594 -6.29991 92.4
      vertex 53.2645 24.6613 92.4
    endloop
  endfacet
  facet normal -0 0 1
    outer loop
      vertex 18 14 92.4
      vertex 10.5594 -6.29991 92.4
      vertex 30 14 92.4
    endloop
  endfacet
  facet normal 0 0 1
    outer loop
      vertex 18 57.6014 92.4
      vertex 0 61.7 92.4
      vertex 18 14 92.4
    endloop
  endfacet
  facet normal 0 0 1
    outer loop
      vertex 18 14 92.4
      vertex 0 61.7 92.4
      vertex 0 -3.13209 92.4
    endloop
  endfacet
  facet normal 0 0 1
    outer loop
      vertex 18 14 92.4
      vertex 0 -3.13209 92.4
      vertex 10.5594 -6.29991 92.4
    endloop
  endfacet
  facet normal 0.986395 0.164394 0
    outer loop
      vertex 53.2645 24.6613 92.4
      vertex 51.7536 33.727 57.2
      vertex 51.7536 33.727 92.4
    endloop
  endfacet
  facet normal 0.986395 0.164394 0
    outer loop
      vertex 51.7536 33.727 57.2
      vertex 53.2645 24.6613 92.4
      vertex 53.2645 24.6613 57.2
    endloop
  endfacet
  facet normal 0.986395 0.164394 0
    outer loop
      vertex 53.2645 24.6613 35.2
      vertex 51.7536 33.727 1.90735e-07
      vertex 51.7536 33.727 35.2
    endloop
  endfacet
  facet normal 0.986395 0.164394 0
    outer loop
      vertex 51.7536 33.727 1.90735e-07
      vertex 53.2645 24.6613 35.2
      vertex 53.2645 24.6613 1.90735e-07
    endloop
  endfacet
  facet normal 0.577464 0.816416 0
    outer loop
      vertex 51.7536 33.727 35.2
      vertex 51.7536 33.727 1.90735e-07
      vertex 13 61.138 35.2
    endloop
  endfacet
  facet normal 0.577462 0.816417 0
    outer loop
      vertex 51.7536 33.727 92.4
      vertex 30 49.1136 91.4
      vertex 30 49.1136 92.4
    endloop
  endfacet
  facet normal 0.577464 0.816416 1.10129e-06
    outer loop
      vertex 13 61.138 57.2
      vertex 30 49.1136 91.4
      vertex 51.7536 33.727 57.2
    endloop
  endfacet
  facet normal 0.577462 0.816417 -0
    outer loop
      vertex 51.7536 33.727 57.2
      vertex 30 49.1136 91.4
      vertex 51.7536 33.727 92.4
    endloop
  endfacet
  facet normal 0.57747 0.816412 -0
    outer loop
      vertex 18 57.6014 91.4
      vertex 12.2055 61.7 92.4
      vertex 18 57.6014 92.4
    endloop
  endfacet
  facet normal 0.577464 0.816416 3.97863e-07
    outer loop
      vertex 30 49.1136 91.4
      vertex 13 61.138 57.2
      vertex 18 57.6014 91.4
    endloop
  endfacet
  facet normal 0.577469 0.816412 -6.8834e-07
    outer loop
      vertex 18 57.6014 91.4
      vertex 13 61.138 57.2
      vertex 12.2055 61.7 92.4
    endloop
  endfacet
  facet normal 0.57749 0.816398 -0
    outer loop
      vertex 13 61.138 35.2
      vertex 12.2055 61.7 92.4
      vertex 13 61.138 57.2
    endloop
  endfacet
  facet normal 0.57749 0.816398 0
    outer loop
      vertex 13 61.138 35.2
      vertex 12.2055 61.7 1.90735e-07
      vertex 12.2055 61.7 92.4
    endloop
  endfacet
  facet normal 0.577464 0.816416 8.7014e-07
    outer loop
      vertex 12.2055 61.7 1.90735e-07
      vertex 13 61.138 35.2
      vertex 51.7536 33.727 1.90735e-07
    endloop
  endfacet
  facet normal 0 0 1
    outer loop
      vertex 0.0999908 61.7 3.5
      vertex 0 61.7 3.5
      vertex 0.0999908 -0.760818 3.5
    endloop
  endfacet
  facet normal 0 0 1
    outer loop
      vertex 0.0999908 -0.760818 3.5
      vertex 0 61.7 3.5
      vertex 0 -3.13209 3.5
    endloop
  endfacet
  facet normal 0 0 1
    outer loop
      vertex 0.0999908 -0.760818 3.5
      vertex 0 -3.13209 3.5
      vertex 0.0999908 -3.16208 3.5
    endloop
  endfacet
  facet normal 0 0 1
    outer loop
      vertex 49.6425 32.403 3.5
      vertex 10.1305 -3.76997 3.5
      vertex 50.7617 25.6876 3.5
    endloop
  endfacet
  facet normal 0 0 1
    outer loop
      vertex 8.22253 61.7 3.5
      vertex 10.1305 -3.76997 3.5
      vertex 49.6425 32.403 3.5
    endloop
  endfacet
  facet normal 0 0 1
    outer loop
      vertex 0.0999908 -0.760818 3.5
      vertex 8.22253 61.7 3.5
      vertex 0.0999908 61.7 3.5
    endloop
  endfacet
  facet normal 0 0 1
    outer loop
      vertex 8.22253 61.7 3.5
      vertex 0.0999908 -0.760818 3.5
      vertex 10.1305 -3.76997 3.5
    endloop
  endfacet
  facet normal 0 0 -1
    outer loop
      vertex 0 -3.13209 88.9
      vertex 0.0999908 -0.760818 88.9
      vertex 0.0999908 -3.16208 88.9
    endloop
  endfacet
  facet normal 0 0 -1
    outer loop
      vertex 0 61.7 88.9
      vertex 0.0999908 -0.760818 88.9
      vertex 0 -3.13209 88.9
    endloop
  endfacet
  facet normal 0 0 -1
    outer loop
      vertex 0.0999908 -0.760818 88.9
      vertex 0 61.7 88.9
      vertex 0.0999908 61.7 88.9
    endloop
  endfacet
  facet normal 0 0 -1
    outer loop
      vertex 10.1305 -3.76997 88.9
      vertex 49.6425 32.403 88.9
      vertex 50.7617 25.6876 88.9
    endloop
  endfacet
  facet normal 0 0 -1
    outer loop
      vertex 10.1305 -3.76997 88.9
      vertex 8.22253 61.7 88.9
      vertex 49.6425 32.403 88.9
    endloop
  endfacet
  facet normal 0 0 -1
    outer loop
      vertex 0.0999908 -0.760818 88.9
      vertex 8.22253 61.7 88.9
      vertex 10.1305 -3.76997 88.9
    endloop
  endfacet
  facet normal -0 0 -1
    outer loop
      vertex 8.22253 61.7 88.9
      vertex 0.0999908 -0.760818 88.9
      vertex 0.0999908 61.7 88.9
    endloop
  endfacet
  facet normal -0.577464 -0.816416 5.12375e-07
    outer loop
      vertex 8.22253 61.7 88.9
      vertex 13 58.3208 57.2
      vertex 49.6425 32.403 88.9
    endloop
  endfacet
  facet normal -0.577466 -0.816415 0
    outer loop
      vertex 8.22253 61.7 88.9
      vertex 13 58.3208 35.2
      vertex 13 58.3208 57.2
    endloop
  endfacet
  facet normal -0.577466 -0.816415 0
    outer loop
      vertex 8.22253 61.7 3.5
      vertex 13 58.3208 35.2
      vertex 8.22253 61.7 88.9
    endloop
  endfacet
  facet normal -0.577464 -0.816416 -5.12375e-07
    outer loop
      vertex 49.6425 32.403 3.5
      vertex 13 58.3208 35.2
      vertex 8.22253 61.7 3.5
    endloop
  endfacet
  facet normal -0.577464 -0.816416 0
    outer loop
      vertex 13 58.3208 35.2
      vertex 49.6425 32.403 3.5
      vertex 49.6425 32.403 35.2
    endloop
  endfacet
  facet normal -0.577464 -0.816416 -0
    outer loop
      vertex 49.6425 32.403 88.9
      vertex 13 58.3208 57.2
      vertex 49.6425 32.403 57.2
    endloop
  endfacet
  facet normal 0 -1 0
    outer loop
      vertex 0.0999908 61.7 3.5
      vertex 8.22253 61.7 88.9
      vertex 0.0999908 61.7 88.9
    endloop
  endfacet
  facet normal 0 -1 -0
    outer loop
      vertex 8.22253 61.7 88.9
      vertex 0.0999908 61.7 3.5
      vertex 8.22253 61.7 3.5
    endloop
  endfacet
  facet normal -1 0 0
    outer loop
      vertex 0.0999908 -3.16208 3.5
      vertex 0.0999908 -0.760818 88.9
      vertex 0.0999908 -0.760818 3.5
    endloop
  endfacet
  facet normal -1 -0 0
    outer loop
      vertex 0.0999908 -0.760818 88.9
      vertex 0.0999908 -3.16208 3.5
      vertex 0.0999908 -3.16208 88.9
    endloop
  endfacet
  facet normal 0.287348 0.957826 -0
    outer loop
      vertex 10.1305 -3.76997 3.5
      vertex 0.0999908 -0.760818 88.9
      vertex 10.1305 -3.76997 88.9
    endloop
  endfacet
  facet normal 0.287348 0.957826 0
    outer loop
      vertex 0.0999908 -0.760818 88.9
      vertex 10.1305 -3.76997 3.5
      vertex 0.0999908 -0.760818 3.5
    endloop
  endfacet
  facet normal -0.586967 0.809611 0
    outer loop
      vertex 50.7617 25.6876 35.2
      vertex 50.7617 25.6876 3.5
      vertex 31.8822 12 35.2
    endloop
  endfacet
  facet normal -0.586967 0.809611 0
    outer loop
      vertex 31.8822 12 57.2
      vertex 50.7617 25.6876 88.9
      vertex 50.7617 25.6876 57.2
    endloop
  endfacet
  facet normal -0.586967 0.809611 3.64382e-07
    outer loop
      vertex 50.7617 25.6876 88.9
      vertex 31.8822 12 57.2
      vertex 10.1305 -3.76997 88.9
    endloop
  endfacet
  facet normal -0.586967 0.809611 0
    outer loop
      vertex 31.8822 12 35.2
      vertex 10.1305 -3.76997 88.9
      vertex 31.8822 12 57.2
    endloop
  endfacet
  facet normal -0.586967 0.809611 0
    outer loop
      vertex 31.8822 12 35.2
      vertex 10.1305 -3.76997 3.5
      vertex 10.1305 -3.76997 88.9
    endloop
  endfacet
  facet normal -0.586967 0.809611 -3.64382e-07
    outer loop
      vertex 10.1305 -3.76997 3.5
      vertex 31.8822 12 35.2
      vertex 50.7617 25.6876 3.5
    endloop
  endfacet
  facet normal -0.986395 -0.164394 0
    outer loop
      vertex 50.7617 25.6876 3.5
      vertex 49.6425 32.403 35.2
      vertex 49.6425 32.403 3.5
    endloop
  endfacet
  facet normal -0.986395 -0.164394 0
    outer loop
      vertex 49.6425 32.403 35.2
      vertex 50.7617 25.6876 3.5
      vertex 50.7617 25.6876 35.2
    endloop
  endfacet
  facet normal -0.986395 -0.164394 0
    outer loop
      vertex 50.7617 25.6876 57.2
      vertex 49.6425 32.403 88.9
      vertex 49.6425 32.403 57.2
    endloop
  endfacet
  facet normal -0.986395 -0.164394 0
    outer loop
      vertex 49.6425 32.403 88.9
      vertex 50.7617 25.6876 57.2
      vertex 50.7617 25.6876 88.9
    endloop
  endfacet
  facet normal -1 0 0
    outer loop
      vertex 0 -3.13209 1.90735e-07
      vertex 0 61.7 3.5
      vertex 0 61.7 1.90735e-07
    endloop
  endfacet
  facet normal -1 -0 0
    outer loop
      vertex 0 61.7 3.5
      vertex 0 -3.13209 1.90735e-07
      vertex 0 -3.13209 3.5
    endloop
  endfacet
  facet normal -1 0 0
    outer loop
      vertex 0 -3.13209 88.9
      vertex 0 61.7 92.4
      vertex 0 61.7 88.9
    endloop
  endfacet
  facet normal -1 -0 0
    outer loop
      vertex 0 61.7 92.4
      vertex 0 -3.13209 88.9
      vertex 0 -3.13209 92.4
    endloop
  endfacet
  facet normal 0 1 0
    outer loop
      vertex 12.2055 61.7 92.4
      vertex 0.0999908 61.7 88.9
      vertex 0 61.7 92.4
    endloop
  endfacet
  facet normal 0 1 0
    outer loop
      vertex 12.2055 61.7 92.4
      vertex 0.0999908 61.7 3.5
      vertex 0.0999908 61.7 88.9
    endloop
  endfacet
  facet normal 0 1 -0
    outer loop
      vertex 12.2055 61.7 1.90735e-07
      vertex 0.0999908 61.7 3.5
      vertex 12.2055 61.7 92.4
    endloop
  endfacet
  facet normal 0 1 0
    outer loop
      vertex 0 61.7 1.90735e-07
      vertex 0.0999908 61.7 3.5
      vertex 12.2055 61.7 1.90735e-07
    endloop
  endfacet
  facet normal 0 1 0
    outer loop
      vertex 0.0999908 61.7 3.5
      vertex 0 61.7 1.90735e-07
      vertex 0 61.7 3.5
    endloop
  endfacet
  facet normal 0 1 0
    outer loop
      vertex 0 61.7 92.4
      vertex 0.0999908 61.7 88.9
      vertex 0 61.7 88.9
    endloop
  endfacet
  facet normal 0 0 -1
    outer loop
      vertex 53.2645 24.6613 57.2
      vertex 50.7617 25.6876 57.2
      vertex 51.7536 33.727 57.2
    endloop
  endfacet
  facet normal 0 0 -1
    outer loop
      vertex 35.8007 12 57.2
      vertex 50.7617 25.6876 57.2
      vertex 53.2645 24.6613 57.2
    endloop
  endfacet
  facet normal 0 0 -1
    outer loop
      vertex 50.7617 25.6876 57.2
      vertex 35.8007 12 57.2
      vertex 31.8822 12 57.2
    endloop
  endfacet
  facet normal 0 0 -1
    outer loop
      vertex 49.6425 32.403 57.2
      vertex 51.7536 33.727 57.2
      vertex 50.7617 25.6876 57.2
    endloop
  endfacet
  facet normal 0 0 -1
    outer loop
      vertex 13 58.3208 57.2
      vertex 51.7536 33.727 57.2
      vertex 49.6425 32.403 57.2
    endloop
  endfacet
  facet normal 0 0 -1
    outer loop
      vertex 51.7536 33.727 57.2
      vertex 13 58.3208 57.2
      vertex 13 61.138 57.2
    endloop
  endfacet
  facet normal 1 -0 0
    outer loop
      vertex 13 58.3208 57.2
      vertex 13 61.138 35.2
      vertex 13 61.138 57.2
    endloop
  endfacet
  facet normal 1 0 0
    outer loop
      vertex 13 61.138 35.2
      vertex 13 58.3208 57.2
      vertex 13 58.3208 35.2
    endloop
  endfacet
  facet normal 0 0 1
    outer loop
      vertex 51.7536 33.727 35.2
      vertex 49.6425 32.403 35.2
      vertex 50.7617 25.6876 35.2
    endloop
  endfacet
  facet normal -0 0 1
    outer loop
      vertex 13 58.3208 35.2
      vertex 51.7536 33.727 35.2
      vertex 13 61.138 35.2
    endloop
  endfacet
  facet normal 0 0 1
    outer loop
      vertex 51.7536 33.727 35.2
      vertex 13 58.3208 35.2
      vertex 49.6425 32.403 35.2
    endloop
  endfacet
  facet normal -0 0 1
    outer loop
      vertex 50.7617 25.6876 35.2
      vertex 53.2645 24.6613 35.2
      vertex 51.7536 33.727 35.2
    endloop
  endfacet
  facet normal 0 0 1
    outer loop
      vertex 50.7617 25.6876 35.2
      vertex 35.8007 12 35.2
      vertex 53.2645 24.6613 35.2
    endloop
  endfacet
  facet normal 0 -0 1
    outer loop
      vertex 35.8007 12 35.2
      vertex 50.7617 25.6876 35.2
      vertex 31.8822 12 35.2
    endloop
  endfacet
  facet normal 0 1 -0
    outer loop
      vertex 35.8007 12 35.2
      vertex 31.8822 12 57.2
      vertex 35.8007 12 57.2
    endloop
  endfacet
  facet normal 0 1 0
    outer loop
      vertex 31.8822 12 57.2
      vertex 35.8007 12 35.2
      vertex 31.8822 12 35.2
    endloop
  endfacet
  facet normal -0.999047 0 -0.043651
    outer loop
      vertex 14.0381 10.7 107.328
      vertex 14 49.3 108.2
      vertex 14.0381 49.3 107.328
    endloop
  endfacet
  facet normal -0.999047 -0 -0.043651
    outer loop
      vertex 14 49.3 108.2
      vertex 14.0381 10.7 107.328
      vertex 14 10.7 108.2
    endloop
  endfacet
  facet normal 0.130677 0 0.991425
    outer loop
      vertex 24.8716 49.3 118.162
      vertex 25.7365 10.7 118.048
      vertex 25.7365 49.3 118.048
    endloop
  endfacet
  facet normal 0.130677 0 0.991425
    outer loop
      vertex 25.7365 10.7 118.048
      vertex 24.8716 49.3 118.162
      vertex 24.8716 10.7 118.162
    endloop
  endfacet
  facet normal 0.0435566 0 0.999051
    outer loop
      vertex 24 49.3 118.2
      vertex 24.8716 10.7 118.162
      vertex 24.8716 49.3 118.162
    endloop
  endfacet
  facet normal 0.0435566 0 0.999051
    outer loop
      vertex 24.8716 10.7 118.162
      vertex 24 49.3 118.2
      vertex 24 10.7 118.2
    endloop
  endfacet
  facet normal 0.216639 0 0.976252
    outer loop
      vertex 25.7365 49.3 118.048
      vertex 26.5882 10.7 117.859
      vertex 26.5882 49.3 117.859
    endloop
  endfacet
  facet normal 0.216639 0 0.976252
    outer loop
      vertex 26.5882 10.7 117.859
      vertex 25.7365 49.3 118.048
      vertex 25.7365 10.7 118.048
    endloop
  endfacet
  facet normal 0.991437 0 -0.130585
    outer loop
      vertex 33.9619 10.7 107.328
      vertex 33.8481 49.3 106.464
      vertex 33.9619 49.3 107.328
    endloop
  endfacet
  facet normal 0.991437 0 -0.130585
    outer loop
      vertex 33.8481 49.3 106.464
      vertex 33.9619 10.7 107.328
      vertex 33.8481 10.7 106.464
    endloop
  endfacet
  facet normal 0.300363 0 0.953825
    outer loop
      vertex 26.5882 49.3 117.859
      vertex 27.4202 10.7 117.597
      vertex 27.4202 49.3 117.597
    endloop
  endfacet
  facet normal 0.300363 0 0.953825
    outer loop
      vertex 27.4202 10.7 117.597
      vertex 26.5882 49.3 117.859
      vertex 26.5882 10.7 117.859
    endloop
  endfacet
  facet normal 0.382824 0 0.923821
    outer loop
      vertex 27.4202 49.3 117.597
      vertex 28.2262 10.7 117.263
      vertex 28.2262 49.3 117.263
    endloop
  endfacet
  facet normal 0.382824 0 0.923821
    outer loop
      vertex 28.2262 10.7 117.263
      vertex 27.4202 49.3 117.597
      vertex 27.4202 10.7 117.597
    endloop
  endfacet
  facet normal 0.675351 0 -0.737497
    outer loop
      vertex 30.4279 10.7 100.54
      vertex 31.0711 49.3 101.129
      vertex 31.0711 10.7 101.129
    endloop
  endfacet
  facet normal 0.675351 0 -0.737497
    outer loop
      vertex 31.0711 49.3 101.129
      vertex 30.4279 10.7 100.54
      vertex 30.4279 49.3 100.54
    endloop
  endfacet
  facet normal 0.737221 0 -0.675652
    outer loop
      vertex 31.6604 10.7 101.772
      vertex 31.0711 49.3 101.129
      vertex 31.6604 49.3 101.772
    endloop
  endfacet
  facet normal 0.737221 0 -0.675652
    outer loop
      vertex 31.0711 49.3 101.129
      vertex 31.6604 10.7 101.772
      vertex 31.0711 10.7 101.129
    endloop
  endfacet
  facet normal 0.887067 0 -0.461641
    outer loop
      vertex 33.0631 10.7 103.974
      vertex 32.6603 49.3 103.2
      vertex 33.0631 49.3 103.974
    endloop
  endfacet
  facet normal 0.887067 0 -0.461641
    outer loop
      vertex 32.6603 49.3 103.2
      vertex 33.0631 10.7 103.974
      vertex 32.6603 10.7 103.2
    endloop
  endfacet
  facet normal -0.976316 0 -0.216348
    outer loop
      vertex 14.3407 10.7 105.612
      vertex 14.1519 49.3 106.464
      vertex 14.3407 49.3 105.612
    endloop
  endfacet
  facet normal -0.976316 -0 -0.216348
    outer loop
      vertex 14.1519 49.3 106.464
      vertex 14.3407 10.7 105.612
      vertex 14.1519 10.7 106.464
    endloop
  endfacet
  facet normal 0.30078 0 -0.953693
    outer loop
      vertex 26.5882 10.7 98.5407
      vertex 27.4202 14 98.8031
      vertex 27.4202 10.7 98.8031
    endloop
  endfacet
  facet normal 0.30078 0 -0.953693
    outer loop
      vertex 27.4202 14 98.8031
      vertex 26.5882 10.7 98.5407
      vertex 26.5882 14 98.5407
    endloop
  endfacet
  facet normal 0.30078 0 -0.953693
    outer loop
      vertex 26.5882 46 98.5407
      vertex 27.4202 49.3 98.8031
      vertex 27.4202 46 98.8031
    endloop
  endfacet
  facet normal 0.30078 0 -0.953693
    outer loop
      vertex 27.4202 49.3 98.8031
      vertex 26.5882 46 98.5407
      vertex 26.5882 49.3 98.5407
    endloop
  endfacet
  facet normal -0.953693 0 0.30078
    outer loop
      vertex 14.3407 10.7 110.788
      vertex 14.6031 49.3 111.62
      vertex 14.3407 49.3 110.788
    endloop
  endfacet
  facet normal -0.953693 0 0.30078
    outer loop
      vertex 14.6031 49.3 111.62
      vertex 14.3407 10.7 110.788
      vertex 14.6031 10.7 111.62
    endloop
  endfacet
  facet normal 0.976316 0 -0.216348
    outer loop
      vertex 33.8481 10.7 106.464
      vertex 33.6593 49.3 105.612
      vertex 33.8481 49.3 106.464
    endloop
  endfacet
  facet normal 0.976316 0 -0.216348
    outer loop
      vertex 33.6593 49.3 105.612
      vertex 33.8481 10.7 106.464
      vertex 33.6593 10.7 105.612
    endloop
  endfacet
  facet normal 0.999047 0 -0.043651
    outer loop
      vertex 34 10.7 108.2
      vertex 33.9619 49.3 107.328
      vertex 34 49.3 108.2
    endloop
  endfacet
  facet normal 0.999047 0 -0.043651
    outer loop
      vertex 33.9619 49.3 107.328
      vertex 34 10.7 108.2
      vertex 33.9619 10.7 107.328
    endloop
  endfacet
  facet normal 0.130452 0 -0.991455
    outer loop
      vertex 24.8716 10.7 98.2381
      vertex 25.7365 14 98.3519
      vertex 25.7365 10.7 98.3519
    endloop
  endfacet
  facet normal 0.130452 0 -0.991455
    outer loop
      vertex 25.7365 14 98.3519
      vertex 24.8716 10.7 98.2381
      vertex 24.8716 14 98.2381
    endloop
  endfacet
  facet normal 0.130452 0 -0.991455
    outer loop
      vertex 24.8716 46 98.2381
      vertex 25.7365 49.3 98.3519
      vertex 25.7365 46 98.3519
    endloop
  endfacet
  facet normal 0.130452 0 -0.991455
    outer loop
      vertex 25.7365 49.3 98.3519
      vertex 24.8716 46 98.2381
      vertex 24.8716 49.3 98.2381
    endloop
  endfacet
  facet normal -0.887067 0 0.461641
    outer loop
      vertex 14.9369 10.7 112.426
      vertex 15.3397 49.3 113.2
      vertex 14.9369 49.3 112.426
    endloop
  endfacet
  facet normal -0.887067 0 0.461641
    outer loop
      vertex 15.3397 49.3 113.2
      vertex 14.9369 10.7 112.426
      vertex 15.3397 10.7 113.2
    endloop
  endfacet
  facet normal -0.609434 0 0.792837
    outer loop
      vertex 17.5721 49.3 115.86
      vertex 18.2642 10.7 116.392
      vertex 18.2642 49.3 116.392
    endloop
  endfacet
  facet normal -0.609434 0 0.792837
    outer loop
      vertex 18.2642 10.7 116.392
      vertex 17.5721 49.3 115.86
      vertex 17.5721 10.7 115.86
    endloop
  endfacet
  facet normal -0.843435 0 0.537231
    outer loop
      vertex 15.3397 10.7 113.2
      vertex 15.8085 49.3 113.936
      vertex 15.3397 49.3 113.2
    endloop
  endfacet
  facet normal -0.843435 0 0.537231
    outer loop
      vertex 15.8085 49.3 113.936
      vertex 15.3397 10.7 113.2
      vertex 15.8085 10.7 113.936
    endloop
  endfacet
  facet normal 0.953693 0 -0.30078
    outer loop
      vertex 33.6593 10.7 105.612
      vertex 33.3969 49.3 104.78
      vertex 33.6593 49.3 105.612
    endloop
  endfacet
  facet normal 0.953693 0 -0.30078
    outer loop
      vertex 33.3969 49.3 104.78
      vertex 33.6593 10.7 105.612
      vertex 33.3969 10.7 104.78
    endloop
  endfacet
  facet normal -0.461735 0 -0.887018
    outer loop
      vertex 19 46 99.5397
      vertex 19.7738 49.3 99.1369
      vertex 19.7738 46 99.1369
    endloop
  endfacet
  facet normal -0.461735 0 -0.887018
    outer loop
      vertex 19.7738 49.3 99.1369
      vertex 19 46 99.5397
      vertex 19 49.3 99.5397
    endloop
  endfacet
  facet normal -0.461735 0 -0.887018
    outer loop
      vertex 19 10.7 99.5397
      vertex 19.7738 14 99.1369
      vertex 19.7738 10.7 99.1369
    endloop
  endfacet
  facet normal -0.461735 0 -0.887018
    outer loop
      vertex 19.7738 14 99.1369
      vertex 19 10.7 99.5397
      vertex 19 14 99.5397
    endloop
  endfacet
  facet normal -0.793293 0 -0.608841
    outer loop
      vertex 16.3396 10.7 101.772
      vertex 15.8085 49.3 102.464
      vertex 16.3396 49.3 101.772
    endloop
  endfacet
  facet normal -0.793293 -0 -0.608841
    outer loop
      vertex 15.8085 49.3 102.464
      vertex 16.3396 10.7 101.772
      vertex 15.8085 10.7 102.464
    endloop
  endfacet
  facet normal -0.887067 0 -0.461641
    outer loop
      vertex 15.3397 10.7 103.2
      vertex 14.9369 49.3 103.974
      vertex 15.3397 49.3 103.2
    endloop
  endfacet
  facet normal -0.887067 -0 -0.461641
    outer loop
      vertex 14.9369 49.3 103.974
      vertex 15.3397 10.7 103.2
      vertex 14.9369 10.7 103.974
    endloop
  endfacet
  facet normal -0.991437 0 -0.130585
    outer loop
      vertex 14.1519 10.7 106.464
      vertex 14.0381 49.3 107.328
      vertex 14.1519 49.3 106.464
    endloop
  endfacet
  facet normal -0.991437 -0 -0.130585
    outer loop
      vertex 14.0381 49.3 107.328
      vertex 14.1519 10.7 106.464
      vertex 14.0381 10.7 107.328
    endloop
  endfacet
  facet normal -0.843435 0 -0.537231
    outer loop
      vertex 15.8085 10.7 102.464
      vertex 15.3397 49.3 103.2
      vertex 15.8085 49.3 102.464
    endloop
  endfacet
  facet normal -0.843435 -0 -0.537231
    outer loop
      vertex 15.3397 49.3 103.2
      vertex 15.8085 10.7 102.464
      vertex 15.3397 10.7 103.2
    endloop
  endfacet
  facet normal -0.991437 0 0.130585
    outer loop
      vertex 14.0381 10.7 109.072
      vertex 14.1519 49.3 109.936
      vertex 14.0381 49.3 109.072
    endloop
  endfacet
  facet normal -0.991437 0 0.130585
    outer loop
      vertex 14.1519 49.3 109.936
      vertex 14.0381 10.7 109.072
      vertex 14.1519 10.7 109.936
    endloop
  endfacet
  facet normal 0.793293 -0 0.608841
    outer loop
      vertex 31.6604 10.7 114.628
      vertex 32.1915 49.3 113.936
      vertex 31.6604 49.3 114.628
    endloop
  endfacet
  facet normal 0.793293 0 0.608841
    outer loop
      vertex 32.1915 49.3 113.936
      vertex 31.6604 10.7 114.628
      vertex 32.1915 10.7 113.936
    endloop
  endfacet
  facet normal 0.843435 -0 0.537231
    outer loop
      vertex 32.1915 10.7 113.936
      vertex 32.6603 49.3 113.2
      vertex 32.1915 49.3 113.936
    endloop
  endfacet
  facet normal 0.843435 0 0.537231
    outer loop
      vertex 32.6603 49.3 113.2
      vertex 32.1915 10.7 113.936
      vertex 32.6603 10.7 113.2
    endloop
  endfacet
  facet normal -0.300363 0 0.953825
    outer loop
      vertex 20.5798 49.3 117.597
      vertex 21.4118 10.7 117.859
      vertex 21.4118 49.3 117.859
    endloop
  endfacet
  facet normal -0.300363 0 0.953825
    outer loop
      vertex 21.4118 10.7 117.859
      vertex 20.5798 49.3 117.597
      vertex 20.5798 10.7 117.597
    endloop
  endfacet
  facet normal -0.216421 0 -0.9763
    outer loop
      vertex 21.4118 46 98.5407
      vertex 22.2635 49.3 98.3519
      vertex 22.2635 46 98.3519
    endloop
  endfacet
  facet normal -0.216421 0 -0.9763
    outer loop
      vertex 22.2635 49.3 98.3519
      vertex 21.4118 46 98.5407
      vertex 21.4118 49.3 98.5407
    endloop
  endfacet
  facet normal -0.216421 0 -0.9763
    outer loop
      vertex 21.4118 10.7 98.5407
      vertex 22.2635 14 98.3519
      vertex 22.2635 10.7 98.3519
    endloop
  endfacet
  facet normal -0.216421 0 -0.9763
    outer loop
      vertex 22.2635 14 98.3519
      vertex 21.4118 10.7 98.5407
      vertex 21.4118 14 98.5407
    endloop
  endfacet
  facet normal 0.991437 -0 0.130585
    outer loop
      vertex 33.8481 10.7 109.936
      vertex 33.9619 49.3 109.072
      vertex 33.8481 49.3 109.936
    endloop
  endfacet
  facet normal 0.991437 0 0.130585
    outer loop
      vertex 33.9619 49.3 109.072
      vertex 33.8481 10.7 109.936
      vertex 33.9619 10.7 109.072
    endloop
  endfacet
  facet normal 0.887067 -0 0.461641
    outer loop
      vertex 32.6603 10.7 113.2
      vertex 33.0631 49.3 112.426
      vertex 32.6603 49.3 113.2
    endloop
  endfacet
  facet normal 0.887067 0 0.461641
    outer loop
      vertex 33.0631 49.3 112.426
      vertex 32.6603 10.7 113.2
      vertex 33.0631 10.7 112.426
    endloop
  endfacet
  facet normal -0.30078 0 -0.953693
    outer loop
      vertex 20.5798 46 98.8031
      vertex 21.4118 49.3 98.5407
      vertex 21.4118 46 98.5407
    endloop
  endfacet
  facet normal -0.30078 0 -0.953693
    outer loop
      vertex 21.4118 49.3 98.5407
      vertex 20.5798 46 98.8031
      vertex 20.5798 49.3 98.8031
    endloop
  endfacet
  facet normal -0.30078 0 -0.953693
    outer loop
      vertex 20.5798 10.7 98.8031
      vertex 21.4118 14 98.5407
      vertex 21.4118 10.7 98.5407
    endloop
  endfacet
  facet normal -0.30078 0 -0.953693
    outer loop
      vertex 21.4118 14 98.5407
      vertex 20.5798 10.7 98.8031
      vertex 20.5798 14 98.8031
    endloop
  endfacet
  facet normal 0.609434 0 0.792837
    outer loop
      vertex 29.7358 49.3 116.392
      vertex 30.4279 10.7 115.86
      vertex 30.4279 49.3 115.86
    endloop
  endfacet
  facet normal 0.609434 0 0.792837
    outer loop
      vertex 30.4279 10.7 115.86
      vertex 29.7358 49.3 116.392
      vertex 29.7358 10.7 116.392
    endloop
  endfacet
  facet normal -0.923902 0 0.382629
    outer loop
      vertex 14.6031 10.7 111.62
      vertex 14.9369 49.3 112.426
      vertex 14.6031 49.3 111.62
    endloop
  endfacet
  facet normal -0.923902 0 0.382629
    outer loop
      vertex 14.9369 49.3 112.426
      vertex 14.6031 10.7 111.62
      vertex 14.9369 10.7 112.426
    endloop
  endfacet
  facet normal 0.609532 0 -0.792762
    outer loop
      vertex 30.4279 10.7 100.54
      vertex 30 14 100.211
      vertex 30.4279 49.3 100.54
    endloop
  endfacet
  facet normal 0.609434 -2.01687e-05 -0.792837
    outer loop
      vertex 29.7358 10.7 100.008
      vertex 30 14 100.211
      vertex 30.4279 10.7 100.54
    endloop
  endfacet
  facet normal 0.609276 0 -0.792959
    outer loop
      vertex 30 14 100.211
      vertex 29.7358 10.7 100.008
      vertex 29.7358 14 100.008
    endloop
  endfacet
  facet normal 0.609532 0 -0.792762
    outer loop
      vertex 30 46 100.211
      vertex 30.4279 49.3 100.54
      vertex 30 14 100.211
    endloop
  endfacet
  facet normal 0.609276 0 -0.792959
    outer loop
      vertex 29.7358 49.3 100.008
      vertex 30 46 100.211
      vertex 29.7358 46 100.008
    endloop
  endfacet
  facet normal 0.609434 2.01687e-05 -0.792837
    outer loop
      vertex 30 46 100.211
      vertex 29.7358 49.3 100.008
      vertex 30.4279 49.3 100.54
    endloop
  endfacet
  facet normal 0.953693 -0 0.30078
    outer loop
      vertex 33.3969 10.7 111.62
      vertex 33.6593 49.3 110.788
      vertex 33.3969 49.3 111.62
    endloop
  endfacet
  facet normal 0.953693 0 0.30078
    outer loop
      vertex 33.6593 49.3 110.788
      vertex 33.3969 10.7 111.62
      vertex 33.6593 10.7 110.788
    endloop
  endfacet
  facet normal 0.382629 0 -0.923902
    outer loop
      vertex 27.4202 46 98.8031
      vertex 28.2262 49.3 99.1369
      vertex 28.2262 46 99.1369
    endloop
  endfacet
  facet normal 0.382629 0 -0.923902
    outer loop
      vertex 28.2262 49.3 99.1369
      vertex 27.4202 46 98.8031
      vertex 27.4202 49.3 98.8031
    endloop
  endfacet
  facet normal 0.382629 0 -0.923902
    outer loop
      vertex 27.4202 10.7 98.8031
      vertex 28.2262 14 99.1369
      vertex 28.2262 10.7 99.1369
    endloop
  endfacet
  facet normal 0.382629 0 -0.923902
    outer loop
      vertex 28.2262 14 99.1369
      vertex 27.4202 10.7 98.8031
      vertex 27.4202 14 98.8031
    endloop
  endfacet
  facet normal -0.382629 0 -0.923902
    outer loop
      vertex 19.7738 46 99.1369
      vertex 20.5798 49.3 98.8031
      vertex 20.5798 46 98.8031
    endloop
  endfacet
  facet normal -0.382629 0 -0.923902
    outer loop
      vertex 20.5798 49.3 98.8031
      vertex 19.7738 46 99.1369
      vertex 19.7738 49.3 99.1369
    endloop
  endfacet
  facet normal -0.382629 0 -0.923902
    outer loop
      vertex 19.7738 10.7 99.1369
      vertex 20.5798 14 98.8031
      vertex 20.5798 10.7 98.8031
    endloop
  endfacet
  facet normal -0.382629 0 -0.923902
    outer loop
      vertex 20.5798 14 98.8031
      vertex 19.7738 10.7 99.1369
      vertex 19.7738 14 99.1369
    endloop
  endfacet
  facet normal -0.0435566 0 0.999051
    outer loop
      vertex 23.1284 49.3 118.162
      vertex 24 10.7 118.2
      vertex 24 49.3 118.2
    endloop
  endfacet
  facet normal -0.0435566 0 0.999051
    outer loop
      vertex 24 10.7 118.2
      vertex 23.1284 49.3 118.162
      vertex 23.1284 10.7 118.162
    endloop
  endfacet
  facet normal -0.609276 0 -0.792959
    outer loop
      vertex 18.2642 10.7 100.008
      vertex 18 14 100.211
      vertex 18.2642 14 100.008
    endloop
  endfacet
  facet normal -0.609532 0 -0.792762
    outer loop
      vertex 18 14 100.211
      vertex 17.5721 10.7 100.54
      vertex 18 46 100.211
    endloop
  endfacet
  facet normal -0.609434 -2.01687e-05 -0.792837
    outer loop
      vertex 17.5721 10.7 100.54
      vertex 18 14 100.211
      vertex 18.2642 10.7 100.008
    endloop
  endfacet
  facet normal -0.609276 0 -0.792959
    outer loop
      vertex 18 46 100.211
      vertex 18.2642 49.3 100.008
      vertex 18.2642 46 100.008
    endloop
  endfacet
  facet normal -0.609434 2.01687e-05 -0.792837
    outer loop
      vertex 18 46 100.211
      vertex 17.5721 49.3 100.54
      vertex 18.2642 49.3 100.008
    endloop
  endfacet
  facet normal -0.609532 -0 -0.792762
    outer loop
      vertex 17.5721 49.3 100.54
      vertex 18 46 100.211
      vertex 17.5721 10.7 100.54
    endloop
  endfacet
  facet normal 0.923902 -0 0.382629
    outer loop
      vertex 33.0631 10.7 112.426
      vertex 33.3969 49.3 111.62
      vertex 33.0631 49.3 112.426
    endloop
  endfacet
  facet normal 0.923902 0 0.382629
    outer loop
      vertex 33.3969 49.3 111.62
      vertex 33.0631 10.7 112.426
      vertex 33.3969 10.7 111.62
    endloop
  endfacet
  facet normal 0.923902 0 -0.382629
    outer loop
      vertex 33.3969 10.7 104.78
      vertex 33.0631 49.3 103.974
      vertex 33.3969 49.3 104.78
    endloop
  endfacet
  facet normal 0.923902 0 -0.382629
    outer loop
      vertex 33.0631 49.3 103.974
      vertex 33.3969 10.7 104.78
      vertex 33.0631 10.7 103.974
    endloop
  endfacet
  facet normal -0.461916 0 0.886924
    outer loop
      vertex 19 49.3 116.86
      vertex 19.7738 10.7 117.263
      vertex 19.7738 49.3 117.263
    endloop
  endfacet
  facet normal -0.461916 0 0.886924
    outer loop
      vertex 19.7738 10.7 117.263
      vertex 19 49.3 116.86
      vertex 19 10.7 116.86
    endloop
  endfacet
  facet normal -0.536683 0 0.843784
    outer loop
      vertex 18.2642 49.3 116.392
      vertex 19 10.7 116.86
      vertex 19 49.3 116.86
    endloop
  endfacet
  facet normal -0.536683 0 0.843784
    outer loop
      vertex 19 10.7 116.86
      vertex 18.2642 49.3 116.392
      vertex 18.2642 10.7 116.392
    endloop
  endfacet
  facet normal -0.382824 0 0.923821
    outer loop
      vertex 19.7738 49.3 117.263
      vertex 20.5798 10.7 117.597
      vertex 20.5798 49.3 117.597
    endloop
  endfacet
  facet normal -0.382824 0 0.923821
    outer loop
      vertex 20.5798 10.7 117.597
      vertex 19.7738 49.3 117.263
      vertex 19.7738 10.7 117.263
    endloop
  endfacet
  facet normal 0.536683 0 0.843784
    outer loop
      vertex 29 49.3 116.86
      vertex 29.7358 10.7 116.392
      vertex 29.7358 49.3 116.392
    endloop
  endfacet
  facet normal 0.536683 0 0.843784
    outer loop
      vertex 29.7358 10.7 116.392
      vertex 29 49.3 116.86
      vertex 29 10.7 116.86
    endloop
  endfacet
  facet normal 0.461916 0 0.886924
    outer loop
      vertex 28.2262 49.3 117.263
      vertex 29 10.7 116.86
      vertex 29 49.3 116.86
    endloop
  endfacet
  facet normal 0.461916 0 0.886924
    outer loop
      vertex 29 10.7 116.86
      vertex 28.2262 49.3 117.263
      vertex 28.2262 10.7 117.263
    endloop
  endfacet
  facet normal 0.675351 0 0.737497
    outer loop
      vertex 30.4279 49.3 115.86
      vertex 31.0711 10.7 115.271
      vertex 31.0711 49.3 115.271
    endloop
  endfacet
  facet normal 0.675351 0 0.737497
    outer loop
      vertex 31.0711 10.7 115.271
      vertex 30.4279 49.3 115.86
      vertex 30.4279 10.7 115.86
    endloop
  endfacet
  facet normal -0.737221 0 0.675652
    outer loop
      vertex 16.3396 10.7 114.628
      vertex 16.9289 49.3 115.271
      vertex 16.3396 49.3 114.628
    endloop
  endfacet
  facet normal -0.737221 0 0.675652
    outer loop
      vertex 16.9289 49.3 115.271
      vertex 16.3396 10.7 114.628
      vertex 16.9289 10.7 115.271
    endloop
  endfacet
  facet normal -0.923902 0 -0.382629
    outer loop
      vertex 14.9369 10.7 103.974
      vertex 14.6031 49.3 104.78
      vertex 14.9369 49.3 103.974
    endloop
  endfacet
  facet normal -0.923902 -0 -0.382629
    outer loop
      vertex 14.6031 49.3 104.78
      vertex 14.9369 10.7 103.974
      vertex 14.6031 10.7 104.78
    endloop
  endfacet
  facet normal 0.737221 -0 0.675652
    outer loop
      vertex 31.0711 10.7 115.271
      vertex 31.6604 49.3 114.628
      vertex 31.0711 49.3 115.271
    endloop
  endfacet
  facet normal 0.737221 0 0.675652
    outer loop
      vertex 31.6604 49.3 114.628
      vertex 31.0711 10.7 115.271
      vertex 31.6604 10.7 114.628
    endloop
  endfacet
  facet normal 0.843435 0 -0.537231
    outer loop
      vertex 32.6603 10.7 103.2
      vertex 32.1915 49.3 102.464
      vertex 32.6603 49.3 103.2
    endloop
  endfacet
  facet normal 0.843435 0 -0.537231
    outer loop
      vertex 32.1915 49.3 102.464
      vertex 32.6603 10.7 103.2
      vertex 32.1915 10.7 102.464
    endloop
  endfacet
  facet normal 0.793293 0 -0.608841
    outer loop
      vertex 32.1915 10.7 102.464
      vertex 31.6604 49.3 101.772
      vertex 32.1915 49.3 102.464
    endloop
  endfacet
  facet normal 0.793293 0 -0.608841
    outer loop
      vertex 31.6604 49.3 101.772
      vertex 32.1915 10.7 102.464
      vertex 31.6604 10.7 101.772
    endloop
  endfacet
  facet normal -0.737221 0 -0.675652
    outer loop
      vertex 16.9289 10.7 101.129
      vertex 16.3396 49.3 101.772
      vertex 16.9289 49.3 101.129
    endloop
  endfacet
  facet normal -0.737221 -0 -0.675652
    outer loop
      vertex 16.3396 49.3 101.772
      vertex 16.9289 10.7 101.129
      vertex 16.3396 10.7 101.772
    endloop
  endfacet
  facet normal -0.976316 0 0.216348
    outer loop
      vertex 14.1519 10.7 109.936
      vertex 14.3407 49.3 110.788
      vertex 14.1519 49.3 109.936
    endloop
  endfacet
  facet normal -0.976316 0 0.216348
    outer loop
      vertex 14.3407 49.3 110.788
      vertex 14.1519 10.7 109.936
      vertex 14.3407 10.7 110.788
    endloop
  endfacet
  facet normal 0 1 0
    outer loop
      vertex 24 49.3 111.6
      vertex 24 49.3 118.2
      vertex 24.8716 49.3 118.162
    endloop
  endfacet
  facet normal 0 1 0
    outer loop
      vertex 24.2963 49.3 111.587
      vertex 24.8716 49.3 118.162
      vertex 25.7365 49.3 118.048
    endloop
  endfacet
  facet normal 0 1 0
    outer loop
      vertex 24 49.3 118.2
      vertex 24 49.3 111.6
      vertex 23.1284 49.3 118.162
    endloop
  endfacet
  facet normal 0 1 0
    outer loop
      vertex 24.5904 49.3 111.548
      vertex 25.7365 49.3 118.048
      vertex 26.5882 49.3 117.859
    endloop
  endfacet
  facet normal 0 1 -0
    outer loop
      vertex 23.7037 49.3 111.587
      vertex 23.1284 49.3 118.162
      vertex 24 49.3 111.6
    endloop
  endfacet
  facet normal 0 1 0
    outer loop
      vertex 24.88 49.3 111.484
      vertex 26.5882 49.3 117.859
      vertex 27.4202 49.3 117.597
    endloop
  endfacet
  facet normal 0 1 0
    outer loop
      vertex 23.1284 49.3 118.162
      vertex 23.7037 49.3 111.587
      vertex 22.2635 49.3 118.048
    endloop
  endfacet
  facet normal 0 1 0
    outer loop
      vertex 25.1629 49.3 111.395
      vertex 27.4202 49.3 117.597
      vertex 28.2262 49.3 117.263
    endloop
  endfacet
  facet normal 0 1 -0
    outer loop
      vertex 23.4096 49.3 111.548
      vertex 22.2635 49.3 118.048
      vertex 23.7037 49.3 111.587
    endloop
  endfacet
  facet normal 0 1 0
    outer loop
      vertex 25.4369 49.3 111.281
      vertex 28.2262 49.3 117.263
      vertex 29 49.3 116.86
    endloop
  endfacet
  facet normal 0 1 0
    outer loop
      vertex 22.2635 49.3 118.048
      vertex 23.4096 49.3 111.548
      vertex 21.4118 49.3 117.859
    endloop
  endfacet
  facet normal 0 1 0
    outer loop
      vertex 25.7 49.3 111.144
      vertex 29 49.3 116.86
      vertex 29.7358 49.3 116.392
    endloop
  endfacet
  facet normal 0 1 -0
    outer loop
      vertex 23.12 49.3 111.484
      vertex 21.4118 49.3 117.859
      vertex 23.4096 49.3 111.548
    endloop
  endfacet
  facet normal 0 1 0
    outer loop
      vertex 25.9502 49.3 110.985
      vertex 29.7358 49.3 116.392
      vertex 30.4279 49.3 115.86
    endloop
  endfacet
  facet normal 0 1 0
    outer loop
      vertex 21.4118 49.3 117.859
      vertex 23.12 49.3 111.484
      vertex 20.5798 49.3 117.597
    endloop
  endfacet
  facet normal 0 1 0
    outer loop
      vertex 26.1855 49.3 110.805
      vertex 30.4279 49.3 115.86
      vertex 31.0711 49.3 115.271
    endloop
  endfacet
  facet normal 0 1 -0
    outer loop
      vertex 22.8371 49.3 111.395
      vertex 20.5798 49.3 117.597
      vertex 23.12 49.3 111.484
    endloop
  endfacet
  facet normal 0 1 0
    outer loop
      vertex 26.4042 49.3 110.604
      vertex 31.0711 49.3 115.271
      vertex 31.6604 49.3 114.628
    endloop
  endfacet
  facet normal 0 1 0
    outer loop
      vertex 20.5798 49.3 117.597
      vertex 22.8371 49.3 111.395
      vertex 19.7738 49.3 117.263
    endloop
  endfacet
  facet normal 0 1 0
    outer loop
      vertex 26.6045 49.3 110.385
      vertex 31.6604 49.3 114.628
      vertex 32.1915 49.3 113.936
    endloop
  endfacet
  facet normal 0 1 -0
    outer loop
      vertex 22.5631 49.3 111.281
      vertex 19.7738 49.3 117.263
      vertex 22.8371 49.3 111.395
    endloop
  endfacet
  facet normal 0 1 0
    outer loop
      vertex 26.7851 49.3 110.15
      vertex 32.1915 49.3 113.936
      vertex 32.6603 49.3 113.2
    endloop
  endfacet
  facet normal 0 1 0
    outer loop
      vertex 19.7738 49.3 117.263
      vertex 22.5631 49.3 111.281
      vertex 19 49.3 116.86
    endloop
  endfacet
  facet normal 0 1 0
    outer loop
      vertex 26.9445 49.3 109.9
      vertex 32.6603 49.3 113.2
      vertex 33.0631 49.3 112.426
    endloop
  endfacet
  facet normal 0 1 -0
    outer loop
      vertex 22.3 49.3 111.144
      vertex 19 49.3 116.86
      vertex 22.5631 49.3 111.281
    endloop
  endfacet
  facet normal 0 1 0
    outer loop
      vertex 27.0814 49.3 109.637
      vertex 33.0631 49.3 112.426
      vertex 33.3969 49.3 111.62
    endloop
  endfacet
  facet normal 0 1 0
    outer loop
      vertex 19 49.3 116.86
      vertex 22.3 49.3 111.144
      vertex 18.2642 49.3 116.392
    endloop
  endfacet
  facet normal 0 1 -0
    outer loop
      vertex 22.0498 49.3 110.985
      vertex 18.2642 49.3 116.392
      vertex 22.3 49.3 111.144
    endloop
  endfacet
  facet normal 0 1 0
    outer loop
      vertex 24.8716 49.3 118.162
      vertex 24.2963 49.3 111.587
      vertex 24 49.3 111.6
    endloop
  endfacet
  facet normal 0 1 0
    outer loop
      vertex 25.7365 49.3 118.048
      vertex 24.5904 49.3 111.548
      vertex 24.2963 49.3 111.587
    endloop
  endfacet
  facet normal 0 1 0
    outer loop
      vertex 26.5882 49.3 117.859
      vertex 24.88 49.3 111.484
      vertex 24.5904 49.3 111.548
    endloop
  endfacet
  facet normal 0 1 0
    outer loop
      vertex 27.4202 49.3 117.597
      vertex 25.1629 49.3 111.395
      vertex 24.88 49.3 111.484
    endloop
  endfacet
  facet normal 0 1 0
    outer loop
      vertex 28.2262 49.3 117.263
      vertex 25.4369 49.3 111.281
      vertex 25.1629 49.3 111.395
    endloop
  endfacet
  facet normal 0 1 0
    outer loop
      vertex 29 49.3 116.86
      vertex 25.7 49.3 111.144
      vertex 25.4369 49.3 111.281
    endloop
  endfacet
  facet normal 0 1 0
    outer loop
      vertex 29.7358 49.3 116.392
      vertex 25.9502 49.3 110.985
      vertex 25.7 49.3 111.144
    endloop
  endfacet
  facet normal 0 1 0
    outer loop
      vertex 30.4279 49.3 115.86
      vertex 26.1855 49.3 110.805
      vertex 25.9502 49.3 110.985
    endloop
  endfacet
  facet normal 0 1 0
    outer loop
      vertex 27.195 49.3 109.363
      vertex 33.3969 49.3 111.62
      vertex 33.6593 49.3 110.788
    endloop
  endfacet
  facet normal 0 1 0
    outer loop
      vertex 31.0711 49.3 115.271
      vertex 26.4042 49.3 110.604
      vertex 26.1855 49.3 110.805
    endloop
  endfacet
  facet normal 0 1 0
    outer loop
      vertex 31.6604 49.3 114.628
      vertex 26.6045 49.3 110.385
      vertex 26.4042 49.3 110.604
    endloop
  endfacet
  facet normal 0 1 0
    outer loop
      vertex 32.1915 49.3 113.936
      vertex 26.7851 49.3 110.15
      vertex 26.6045 49.3 110.385
    endloop
  endfacet
  facet normal 0 1 0
    outer loop
      vertex 27.2841 49.3 109.08
      vertex 33.6593 49.3 110.788
      vertex 33.8481 49.3 109.936
    endloop
  endfacet
  facet normal 0 1 0
    outer loop
      vertex 32.6603 49.3 113.2
      vertex 26.9445 49.3 109.9
      vertex 26.7851 49.3 110.15
    endloop
  endfacet
  facet normal 0 1 0
    outer loop
      vertex 33.0631 49.3 112.426
      vertex 27.0814 49.3 109.637
      vertex 26.9445 49.3 109.9
    endloop
  endfacet
  facet normal 0 1 0
    outer loop
      vertex 33.3969 49.3 111.62
      vertex 27.195 49.3 109.363
      vertex 27.0814 49.3 109.637
    endloop
  endfacet
  facet normal 0 1 0
    outer loop
      vertex 33.6593 49.3 110.788
      vertex 27.2841 49.3 109.08
      vertex 27.195 49.3 109.363
    endloop
  endfacet
  facet normal 0 1 0
    outer loop
      vertex 27.3483 49.3 108.79
      vertex 33.8481 49.3 109.936
      vertex 33.9619 49.3 109.072
    endloop
  endfacet
  facet normal 0 1 0
    outer loop
      vertex 33.8481 49.3 109.936
      vertex 27.3483 49.3 108.79
      vertex 27.2841 49.3 109.08
    endloop
  endfacet
  facet normal 0 1 0
    outer loop
      vertex 33.9619 49.3 109.072
      vertex 27.3871 49.3 108.496
      vertex 27.3483 49.3 108.79
    endloop
  endfacet
  facet normal 0 1 0
    outer loop
      vertex 34 49.3 108.2
      vertex 27.3871 49.3 108.496
      vertex 33.9619 49.3 109.072
    endloop
  endfacet
  facet normal 0 1 0
    outer loop
      vertex 34 49.3 108.2
      vertex 27.4 49.3 108.2
      vertex 27.3871 49.3 108.496
    endloop
  endfacet
  facet normal 0 1 0
    outer loop
      vertex 34 49.3 108.2
      vertex 27.3871 49.3 107.904
      vertex 27.4 49.3 108.2
    endloop
  endfacet
  facet normal 0 1 -0
    outer loop
      vertex 33.9619 49.3 107.328
      vertex 27.3871 49.3 107.904
      vertex 34 49.3 108.2
    endloop
  endfacet
  facet normal 0 1 0
    outer loop
      vertex 27.3871 49.3 107.904
      vertex 33.9619 49.3 107.328
      vertex 27.3483 49.3 107.61
    endloop
  endfacet
  facet normal 0 1 -0
    outer loop
      vertex 33.8481 49.3 106.464
      vertex 27.3483 49.3 107.61
      vertex 33.9619 49.3 107.328
    endloop
  endfacet
  facet normal 0 1 0
    outer loop
      vertex 27.3483 49.3 107.61
      vertex 33.8481 49.3 106.464
      vertex 27.2841 49.3 107.32
    endloop
  endfacet
  facet normal 0 1 -0
    outer loop
      vertex 33.6593 49.3 105.612
      vertex 27.2841 49.3 107.32
      vertex 33.8481 49.3 106.464
    endloop
  endfacet
  facet normal 0 1 0
    outer loop
      vertex 27.2841 49.3 107.32
      vertex 33.6593 49.3 105.612
      vertex 27.195 49.3 107.037
    endloop
  endfacet
  facet normal 0 1 -0
    outer loop
      vertex 33.3969 49.3 104.78
      vertex 27.195 49.3 107.037
      vertex 33.6593 49.3 105.612
    endloop
  endfacet
  facet normal 0 1 0
    outer loop
      vertex 27.195 49.3 107.037
      vertex 33.3969 49.3 104.78
      vertex 27.0814 49.3 106.763
    endloop
  endfacet
  facet normal 0 1 -0
    outer loop
      vertex 33.0631 49.3 103.974
      vertex 27.0814 49.3 106.763
      vertex 33.3969 49.3 104.78
    endloop
  endfacet
  facet normal 0 1 0
    outer loop
      vertex 27.0814 49.3 106.763
      vertex 33.0631 49.3 103.974
      vertex 26.9445 49.3 106.5
    endloop
  endfacet
  facet normal 0 1 -0
    outer loop
      vertex 32.6603 49.3 103.2
      vertex 26.9445 49.3 106.5
      vertex 33.0631 49.3 103.974
    endloop
  endfacet
  facet normal 0 1 0
    outer loop
      vertex 26.9445 49.3 106.5
      vertex 32.6603 49.3 103.2
      vertex 26.7851 49.3 106.25
    endloop
  endfacet
  facet normal 0 1 -0
    outer loop
      vertex 32.1915 49.3 102.464
      vertex 26.7851 49.3 106.25
      vertex 32.6603 49.3 103.2
    endloop
  endfacet
  facet normal 0 1 0
    outer loop
      vertex 26.7851 49.3 106.25
      vertex 32.1915 49.3 102.464
      vertex 26.6045 49.3 106.015
    endloop
  endfacet
  facet normal 0 1 -0
    outer loop
      vertex 31.6604 49.3 101.772
      vertex 26.6045 49.3 106.015
      vertex 32.1915 49.3 102.464
    endloop
  endfacet
  facet normal 0 1 0
    outer loop
      vertex 26.6045 49.3 106.015
      vertex 31.6604 49.3 101.772
      vertex 26.4042 49.3 105.796
    endloop
  endfacet
  facet normal 0 1 -0
    outer loop
      vertex 31.0711 49.3 101.129
      vertex 26.4042 49.3 105.796
      vertex 31.6604 49.3 101.772
    endloop
  endfacet
  facet normal 0 1 0
    outer loop
      vertex 26.4042 49.3 105.796
      vertex 31.0711 49.3 101.129
      vertex 26.1855 49.3 105.595
    endloop
  endfacet
  facet normal 0 1 -0
    outer loop
      vertex 30.4279 49.3 100.54
      vertex 26.1855 49.3 105.595
      vertex 31.0711 49.3 101.129
    endloop
  endfacet
  facet normal 0 1 -0
    outer loop
      vertex 29.7358 49.3 100.008
      vertex 25.9502 49.3 105.415
      vertex 30.4279 49.3 100.54
    endloop
  endfacet
  facet normal 0 1 0
    outer loop
      vertex 26.1855 49.3 105.595
      vertex 30.4279 49.3 100.54
      vertex 25.9502 49.3 105.415
    endloop
  endfacet
  facet normal 0 1 0
    outer loop
      vertex 18.2642 49.3 116.392
      vertex 22.0498 49.3 110.985
      vertex 17.5721 49.3 115.86
    endloop
  endfacet
  facet normal 0 1 -0
    outer loop
      vertex 21.8145 49.3 110.805
      vertex 17.5721 49.3 115.86
      vertex 22.0498 49.3 110.985
    endloop
  endfacet
  facet normal 0 1 0
    outer loop
      vertex 17.5721 49.3 115.86
      vertex 21.8145 49.3 110.805
      vertex 16.9289 49.3 115.271
    endloop
  endfacet
  facet normal 0 1 -0
    outer loop
      vertex 21.5958 49.3 110.604
      vertex 16.9289 49.3 115.271
      vertex 21.8145 49.3 110.805
    endloop
  endfacet
  facet normal 0 1 0
    outer loop
      vertex 16.9289 49.3 115.271
      vertex 21.5958 49.3 110.604
      vertex 16.3396 49.3 114.628
    endloop
  endfacet
  facet normal 0 1 -0
    outer loop
      vertex 21.3954 49.3 110.385
      vertex 16.3396 49.3 114.628
      vertex 21.5958 49.3 110.604
    endloop
  endfacet
  facet normal 0 1 0
    outer loop
      vertex 16.3396 49.3 114.628
      vertex 21.3954 49.3 110.385
      vertex 15.8085 49.3 113.936
    endloop
  endfacet
  facet normal 0 1 -0
    outer loop
      vertex 21.2149 49.3 110.15
      vertex 15.8085 49.3 113.936
      vertex 21.3954 49.3 110.385
    endloop
  endfacet
  facet normal 0 1 0
    outer loop
      vertex 15.8085 49.3 113.936
      vertex 21.2149 49.3 110.15
      vertex 15.3397 49.3 113.2
    endloop
  endfacet
  facet normal 0 1 -0
    outer loop
      vertex 21.0555 49.3 109.9
      vertex 15.3397 49.3 113.2
      vertex 21.2149 49.3 110.15
    endloop
  endfacet
  facet normal 0 1 0
    outer loop
      vertex 15.3397 49.3 113.2
      vertex 21.0555 49.3 109.9
      vertex 14.9369 49.3 112.426
    endloop
  endfacet
  facet normal 0 1 -0
    outer loop
      vertex 20.9186 49.3 109.637
      vertex 14.9369 49.3 112.426
      vertex 21.0555 49.3 109.9
    endloop
  endfacet
  facet normal 0 1 0
    outer loop
      vertex 14.9369 49.3 112.426
      vertex 20.9186 49.3 109.637
      vertex 14.6031 49.3 111.62
    endloop
  endfacet
  facet normal 0 1 -0
    outer loop
      vertex 20.805 49.3 109.363
      vertex 14.6031 49.3 111.62
      vertex 20.9186 49.3 109.637
    endloop
  endfacet
  facet normal 0 1 0
    outer loop
      vertex 14.6031 49.3 111.62
      vertex 20.805 49.3 109.363
      vertex 14.3407 49.3 110.788
    endloop
  endfacet
  facet normal 0 1 -0
    outer loop
      vertex 20.7159 49.3 109.08
      vertex 14.3407 49.3 110.788
      vertex 20.805 49.3 109.363
    endloop
  endfacet
  facet normal 0 1 0
    outer loop
      vertex 14.3407 49.3 110.788
      vertex 20.7159 49.3 109.08
      vertex 14.1519 49.3 109.936
    endloop
  endfacet
  facet normal 0 1 -0
    outer loop
      vertex 20.6517 49.3 108.79
      vertex 14.1519 49.3 109.936
      vertex 20.7159 49.3 109.08
    endloop
  endfacet
  facet normal 0 1 0
    outer loop
      vertex 14.1519 49.3 109.936
      vertex 20.6517 49.3 108.79
      vertex 14.0381 49.3 109.072
    endloop
  endfacet
  facet normal 0 1 -0
    outer loop
      vertex 20.6129 49.3 108.496
      vertex 14.0381 49.3 109.072
      vertex 20.6517 49.3 108.79
    endloop
  endfacet
  facet normal 0 1 -0
    outer loop
      vertex 20.6 49.3 108.2
      vertex 14.0381 49.3 109.072
      vertex 20.6129 49.3 108.496
    endloop
  endfacet
  facet normal 0 1 0
    outer loop
      vertex 20.6 49.3 108.2
      vertex 14 49.3 108.2
      vertex 14.0381 49.3 109.072
    endloop
  endfacet
  facet normal 0 1 0
    outer loop
      vertex 20.6129 49.3 107.904
      vertex 14 49.3 108.2
      vertex 20.6 49.3 108.2
    endloop
  endfacet
  facet normal 0 1 0
    outer loop
      vertex 14.0381 49.3 107.328
      vertex 20.6129 49.3 107.904
      vertex 20.6517 49.3 107.61
    endloop
  endfacet
  facet normal 0 1 0
    outer loop
      vertex 20.6129 49.3 107.904
      vertex 14.0381 49.3 107.328
      vertex 14 49.3 108.2
    endloop
  endfacet
  facet normal 0 1 0
    outer loop
      vertex 14.1519 49.3 106.464
      vertex 20.6517 49.3 107.61
      vertex 20.7159 49.3 107.32
    endloop
  endfacet
  facet normal 0 1 0
    outer loop
      vertex 14.3407 49.3 105.612
      vertex 20.7159 49.3 107.32
      vertex 20.805 49.3 107.037
    endloop
  endfacet
  facet normal 0 1 0
    outer loop
      vertex 14.6031 49.3 104.78
      vertex 20.805 49.3 107.037
      vertex 20.9186 49.3 106.763
    endloop
  endfacet
  facet normal 0 1 0
    outer loop
      vertex 14.9369 49.3 103.974
      vertex 20.9186 49.3 106.763
      vertex 21.0555 49.3 106.5
    endloop
  endfacet
  facet normal 0 1 0
    outer loop
      vertex 20.6517 49.3 107.61
      vertex 14.1519 49.3 106.464
      vertex 14.0381 49.3 107.328
    endloop
  endfacet
  facet normal 0 1 0
    outer loop
      vertex 15.3397 49.3 103.2
      vertex 21.0555 49.3 106.5
      vertex 21.2149 49.3 106.25
    endloop
  endfacet
  facet normal 0 1 0
    outer loop
      vertex 15.8085 49.3 102.464
      vertex 21.2149 49.3 106.25
      vertex 21.3954 49.3 106.015
    endloop
  endfacet
  facet normal 0 1 0
    outer loop
      vertex 16.3396 49.3 101.772
      vertex 21.3954 49.3 106.015
      vertex 21.5958 49.3 105.796
    endloop
  endfacet
  facet normal 0 1 0
    outer loop
      vertex 20.7159 49.3 107.32
      vertex 14.3407 49.3 105.612
      vertex 14.1519 49.3 106.464
    endloop
  endfacet
  facet normal 0 1 0
    outer loop
      vertex 16.9289 49.3 101.129
      vertex 21.5958 49.3 105.796
      vertex 21.8145 49.3 105.595
    endloop
  endfacet
  facet normal 0 1 0
    outer loop
      vertex 17.5721 49.3 100.54
      vertex 21.8145 49.3 105.595
      vertex 22.0498 49.3 105.415
    endloop
  endfacet
  facet normal 0 1 0
    outer loop
      vertex 18.2642 49.3 100.008
      vertex 22.0498 49.3 105.415
      vertex 22.3 49.3 105.256
    endloop
  endfacet
  facet normal 0 1 0
    outer loop
      vertex 19 49.3 99.5397
      vertex 22.3 49.3 105.256
      vertex 22.5631 49.3 105.119
    endloop
  endfacet
  facet normal 0 1 0
    outer loop
      vertex 19.7738 49.3 99.1369
      vertex 22.5631 49.3 105.119
      vertex 22.8371 49.3 105.005
    endloop
  endfacet
  facet normal 0 1 0
    outer loop
      vertex 20.5798 49.3 98.8031
      vertex 22.8371 49.3 105.005
      vertex 23.12 49.3 104.916
    endloop
  endfacet
  facet normal 0 1 0
    outer loop
      vertex 21.4118 49.3 98.5407
      vertex 23.12 49.3 104.916
      vertex 23.4096 49.3 104.852
    endloop
  endfacet
  facet normal 0 1 0
    outer loop
      vertex 22.2635 49.3 98.3519
      vertex 23.4096 49.3 104.852
      vertex 23.7037 49.3 104.813
    endloop
  endfacet
  facet normal 0 1 0
    outer loop
      vertex 20.805 49.3 107.037
      vertex 14.6031 49.3 104.78
      vertex 14.3407 49.3 105.612
    endloop
  endfacet
  facet normal 0 1 0
    outer loop
      vertex 23.1284 49.3 98.2381
      vertex 23.7037 49.3 104.813
      vertex 24 49.3 104.8
    endloop
  endfacet
  facet normal 0 1 0
    outer loop
      vertex 25.9502 49.3 105.415
      vertex 29.7358 49.3 100.008
      vertex 25.7 49.3 105.256
    endloop
  endfacet
  facet normal 0 1 -0
    outer loop
      vertex 29 49.3 99.5397
      vertex 25.7 49.3 105.256
      vertex 29.7358 49.3 100.008
    endloop
  endfacet
  facet normal 0 1 0
    outer loop
      vertex 20.9186 49.3 106.763
      vertex 14.9369 49.3 103.974
      vertex 14.6031 49.3 104.78
    endloop
  endfacet
  facet normal 0 1 0
    outer loop
      vertex 25.7 49.3 105.256
      vertex 29 49.3 99.5397
      vertex 25.4369 49.3 105.119
    endloop
  endfacet
  facet normal 0 1 0
    outer loop
      vertex 21.0555 49.3 106.5
      vertex 15.3397 49.3 103.2
      vertex 14.9369 49.3 103.974
    endloop
  endfacet
  facet normal 0 1 -0
    outer loop
      vertex 28.2262 49.3 99.1369
      vertex 25.4369 49.3 105.119
      vertex 29 49.3 99.5397
    endloop
  endfacet
  facet normal 0 1 0
    outer loop
      vertex 21.2149 49.3 106.25
      vertex 15.8085 49.3 102.464
      vertex 15.3397 49.3 103.2
    endloop
  endfacet
  facet normal 0 1 0
    outer loop
      vertex 25.4369 49.3 105.119
      vertex 28.2262 49.3 99.1369
      vertex 25.1629 49.3 105.005
    endloop
  endfacet
  facet normal 0 1 0
    outer loop
      vertex 21.3954 49.3 106.015
      vertex 16.3396 49.3 101.772
      vertex 15.8085 49.3 102.464
    endloop
  endfacet
  facet normal 0 1 -0
    outer loop
      vertex 27.4202 49.3 98.8031
      vertex 25.1629 49.3 105.005
      vertex 28.2262 49.3 99.1369
    endloop
  endfacet
  facet normal 0 1 0
    outer loop
      vertex 21.5958 49.3 105.796
      vertex 16.9289 49.3 101.129
      vertex 16.3396 49.3 101.772
    endloop
  endfacet
  facet normal 0 1 0
    outer loop
      vertex 25.1629 49.3 105.005
      vertex 27.4202 49.3 98.8031
      vertex 24.88 49.3 104.916
    endloop
  endfacet
  facet normal 0 1 0
    outer loop
      vertex 21.8145 49.3 105.595
      vertex 17.5721 49.3 100.54
      vertex 16.9289 49.3 101.129
    endloop
  endfacet
  facet normal 0 1 -0
    outer loop
      vertex 26.5882 49.3 98.5407
      vertex 24.88 49.3 104.916
      vertex 27.4202 49.3 98.8031
    endloop
  endfacet
  facet normal 0 1 0
    outer loop
      vertex 22.0498 49.3 105.415
      vertex 18.2642 49.3 100.008
      vertex 17.5721 49.3 100.54
    endloop
  endfacet
  facet normal 0 1 0
    outer loop
      vertex 24.88 49.3 104.916
      vertex 26.5882 49.3 98.5407
      vertex 24.5904 49.3 104.852
    endloop
  endfacet
  facet normal 0 1 0
    outer loop
      vertex 22.3 49.3 105.256
      vertex 19 49.3 99.5397
      vertex 18.2642 49.3 100.008
    endloop
  endfacet
  facet normal 0 1 -0
    outer loop
      vertex 25.7365 49.3 98.3519
      vertex 24.5904 49.3 104.852
      vertex 26.5882 49.3 98.5407
    endloop
  endfacet
  facet normal 0 1 0
    outer loop
      vertex 22.5631 49.3 105.119
      vertex 19.7738 49.3 99.1369
      vertex 19 49.3 99.5397
    endloop
  endfacet
  facet normal 0 1 0
    outer loop
      vertex 24.5904 49.3 104.852
      vertex 25.7365 49.3 98.3519
      vertex 24.2963 49.3 104.813
    endloop
  endfacet
  facet normal 0 1 0
    outer loop
      vertex 22.8371 49.3 105.005
      vertex 20.5798 49.3 98.8031
      vertex 19.7738 49.3 99.1369
    endloop
  endfacet
  facet normal 0 1 -0
    outer loop
      vertex 24.8716 49.3 98.2381
      vertex 24.2963 49.3 104.813
      vertex 25.7365 49.3 98.3519
    endloop
  endfacet
  facet normal 0 1 0
    outer loop
      vertex 23.12 49.3 104.916
      vertex 21.4118 49.3 98.5407
      vertex 20.5798 49.3 98.8031
    endloop
  endfacet
  facet normal 0 1 0
    outer loop
      vertex 24.2963 49.3 104.813
      vertex 24.8716 49.3 98.2381
      vertex 24 49.3 104.8
    endloop
  endfacet
  facet normal 0 1 0
    outer loop
      vertex 23.4096 49.3 104.852
      vertex 22.2635 49.3 98.3519
      vertex 21.4118 49.3 98.5407
    endloop
  endfacet
  facet normal 0 1 0
    outer loop
      vertex 24 49.3 98.2
      vertex 24 49.3 104.8
      vertex 24.8716 49.3 98.2381
    endloop
  endfacet
  facet normal 0 1 0
    outer loop
      vertex 23.7037 49.3 104.813
      vertex 23.1284 49.3 98.2381
      vertex 22.2635 49.3 98.3519
    endloop
  endfacet
  facet normal 0 1 0
    outer loop
      vertex 24 49.3 104.8
      vertex 24 49.3 98.2
      vertex 23.1284 49.3 98.2381
    endloop
  endfacet
  facet normal -0.675351 0 -0.737497
    outer loop
      vertex 16.9289 10.7 101.129
      vertex 17.5721 49.3 100.54
      vertex 17.5721 10.7 100.54
    endloop
  endfacet
  facet normal -0.675351 0 -0.737497
    outer loop
      vertex 17.5721 49.3 100.54
      vertex 16.9289 10.7 101.129
      vertex 16.9289 49.3 101.129
    endloop
  endfacet
  facet normal -0.130677 0 0.991425
    outer loop
      vertex 22.2635 49.3 118.048
      vertex 23.1284 10.7 118.162
      vertex 23.1284 49.3 118.162
    endloop
  endfacet
  facet normal -0.130677 0 0.991425
    outer loop
      vertex 23.1284 10.7 118.162
      vertex 22.2635 49.3 118.048
      vertex 22.2635 10.7 118.048
    endloop
  endfacet
  facet normal 0.999047 -0 0.043651
    outer loop
      vertex 33.9619 10.7 109.072
      vertex 34 49.3 108.2
      vertex 33.9619 49.3 109.072
    endloop
  endfacet
  facet normal 0.999047 0 0.043651
    outer loop
      vertex 34 49.3 108.2
      vertex 33.9619 10.7 109.072
      vertex 34 10.7 108.2
    endloop
  endfacet
  facet normal -0.130452 0 -0.991455
    outer loop
      vertex 22.2635 46 98.3519
      vertex 23.1284 49.3 98.2381
      vertex 23.1284 46 98.2381
    endloop
  endfacet
  facet normal -0.130452 0 -0.991455
    outer loop
      vertex 23.1284 49.3 98.2381
      vertex 22.2635 46 98.3519
      vertex 22.2635 49.3 98.3519
    endloop
  endfacet
  facet normal -0.130452 0 -0.991455
    outer loop
      vertex 22.2635 10.7 98.3519
      vertex 23.1284 14 98.2381
      vertex 23.1284 10.7 98.2381
    endloop
  endfacet
  facet normal -0.130452 0 -0.991455
    outer loop
      vertex 23.1284 14 98.2381
      vertex 22.2635 10.7 98.3519
      vertex 22.2635 14 98.3519
    endloop
  endfacet
  facet normal 0.461735 0 -0.887018
    outer loop
      vertex 28.2262 46 99.1369
      vertex 29 49.3 99.5397
      vertex 29 46 99.5397
    endloop
  endfacet
  facet normal 0.461735 0 -0.887018
    outer loop
      vertex 29 49.3 99.5397
      vertex 28.2262 46 99.1369
      vertex 28.2262 49.3 99.1369
    endloop
  endfacet
  facet normal 0.461735 0 -0.887018
    outer loop
      vertex 28.2262 10.7 99.1369
      vertex 29 14 99.5397
      vertex 29 10.7 99.5397
    endloop
  endfacet
  facet normal 0.461735 0 -0.887018
    outer loop
      vertex 29 14 99.5397
      vertex 28.2262 10.7 99.1369
      vertex 28.2262 14 99.1369
    endloop
  endfacet
  facet normal -0.793293 0 0.608841
    outer loop
      vertex 15.8085 10.7 113.936
      vertex 16.3396 49.3 114.628
      vertex 15.8085 49.3 113.936
    endloop
  endfacet
  facet normal -0.793293 0 0.608841
    outer loop
      vertex 16.3396 49.3 114.628
      vertex 15.8085 10.7 113.936
      vertex 16.3396 10.7 114.628
    endloop
  endfacet
  facet normal -0.216639 0 0.976252
    outer loop
      vertex 21.4118 49.3 117.859
      vertex 22.2635 10.7 118.048
      vertex 22.2635 49.3 118.048
    endloop
  endfacet
  facet normal -0.216639 0 0.976252
    outer loop
      vertex 22.2635 10.7 118.048
      vertex 21.4118 49.3 117.859
      vertex 21.4118 10.7 117.859
    endloop
  endfacet
  facet normal -0.999047 0 0.043651
    outer loop
      vertex 14 10.7 108.2
      vertex 14.0381 49.3 109.072
      vertex 14 49.3 108.2
    endloop
  endfacet
  facet normal -0.999047 0 0.043651
    outer loop
      vertex 14.0381 49.3 109.072
      vertex 14 10.7 108.2
      vertex 14.0381 10.7 109.072
    endloop
  endfacet
  facet normal -0.536927 0 -0.843628
    outer loop
      vertex 18.2642 46 100.008
      vertex 19 49.3 99.5397
      vertex 19 46 99.5397
    endloop
  endfacet
  facet normal -0.536927 0 -0.843628
    outer loop
      vertex 19 49.3 99.5397
      vertex 18.2642 46 100.008
      vertex 18.2642 49.3 100.008
    endloop
  endfacet
  facet normal -0.536927 0 -0.843628
    outer loop
      vertex 18.2642 10.7 100.008
      vertex 19 14 99.5397
      vertex 19 10.7 99.5397
    endloop
  endfacet
  facet normal -0.536927 0 -0.843628
    outer loop
      vertex 19 14 99.5397
      vertex 18.2642 10.7 100.008
      vertex 18.2642 14 100.008
    endloop
  endfacet
  facet normal 0.536927 0 -0.843628
    outer loop
      vertex 29 46 99.5397
      vertex 29.7358 49.3 100.008
      vertex 29.7358 46 100.008
    endloop
  endfacet
  facet normal 0.536927 0 -0.843628
    outer loop
      vertex 29.7358 49.3 100.008
      vertex 29 46 99.5397
      vertex 29 49.3 99.5397
    endloop
  endfacet
  facet normal 0.536927 0 -0.843628
    outer loop
      vertex 29 10.7 99.5397
      vertex 29.7358 14 100.008
      vertex 29.7358 10.7 100.008
    endloop
  endfacet
  facet normal 0.536927 0 -0.843628
    outer loop
      vertex 29.7358 14 100.008
      vertex 29 10.7 99.5397
      vertex 29 14 99.5397
    endloop
  endfacet
  facet normal 0.043671 0 -0.999046
    outer loop
      vertex 24 10.7 98.2
      vertex 24.8716 14 98.2381
      vertex 24.8716 10.7 98.2381
    endloop
  endfacet
  facet normal 0.043671 0 -0.999046
    outer loop
      vertex 24.8716 14 98.2381
      vertex 24 10.7 98.2
      vertex 24 14 98.2
    endloop
  endfacet
  facet normal 0.043671 0 -0.999046
    outer loop
      vertex 24 46 98.2
      vertex 24.8716 49.3 98.2381
      vertex 24.8716 46 98.2381
    endloop
  endfacet
  facet normal 0.043671 0 -0.999046
    outer loop
      vertex 24.8716 49.3 98.2381
      vertex 24 46 98.2
      vertex 24 49.3 98.2
    endloop
  endfacet
  facet normal -0.043671 0 -0.999046
    outer loop
      vertex 23.1284 10.7 98.2381
      vertex 24 14 98.2
      vertex 24 10.7 98.2
    endloop
  endfacet
  facet normal -0.043671 0 -0.999046
    outer loop
      vertex 24 14 98.2
      vertex 23.1284 10.7 98.2381
      vertex 23.1284 14 98.2381
    endloop
  endfacet
  facet normal -0.043671 0 -0.999046
    outer loop
      vertex 23.1284 46 98.2381
      vertex 24 49.3 98.2
      vertex 24 46 98.2
    endloop
  endfacet
  facet normal -0.043671 0 -0.999046
    outer loop
      vertex 24 49.3 98.2
      vertex 23.1284 46 98.2381
      vertex 23.1284 49.3 98.2381
    endloop
  endfacet
  facet normal 0 -1 0
    outer loop
      vertex 24 10.7 111.6
      vertex 24 10.7 118.2
      vertex 23.1284 10.7 118.162
    endloop
  endfacet
  facet normal 0 -1 0
    outer loop
      vertex 23.7037 10.7 111.587
      vertex 23.1284 10.7 118.162
      vertex 22.2635 10.7 118.048
    endloop
  endfacet
  facet normal 0 -1 0
    outer loop
      vertex 24 10.7 118.2
      vertex 24 10.7 111.6
      vertex 24.8716 10.7 118.162
    endloop
  endfacet
  facet normal 0 -1 0
    outer loop
      vertex 23.4096 10.7 111.548
      vertex 22.2635 10.7 118.048
      vertex 21.4118 10.7 117.859
    endloop
  endfacet
  facet normal 0 -1 0
    outer loop
      vertex 24.2963 10.7 111.587
      vertex 24.8716 10.7 118.162
      vertex 24 10.7 111.6
    endloop
  endfacet
  facet normal 0 -1 0
    outer loop
      vertex 23.12 10.7 111.484
      vertex 21.4118 10.7 117.859
      vertex 20.5798 10.7 117.597
    endloop
  endfacet
  facet normal 0 -1 -0
    outer loop
      vertex 24.8716 10.7 118.162
      vertex 24.2963 10.7 111.587
      vertex 25.7365 10.7 118.048
    endloop
  endfacet
  facet normal 0 -1 0
    outer loop
      vertex 22.8371 10.7 111.395
      vertex 20.5798 10.7 117.597
      vertex 19.7738 10.7 117.263
    endloop
  endfacet
  facet normal 0 -1 0
    outer loop
      vertex 24.5904 10.7 111.548
      vertex 25.7365 10.7 118.048
      vertex 24.2963 10.7 111.587
    endloop
  endfacet
  facet normal 0 -1 0
    outer loop
      vertex 22.5631 10.7 111.281
      vertex 19.7738 10.7 117.263
      vertex 19 10.7 116.86
    endloop
  endfacet
  facet normal 0 -1 -0
    outer loop
      vertex 25.7365 10.7 118.048
      vertex 24.5904 10.7 111.548
      vertex 26.5882 10.7 117.859
    endloop
  endfacet
  facet normal 0 -1 0
    outer loop
      vertex 22.3 10.7 111.144
      vertex 19 10.7 116.86
      vertex 18.2642 10.7 116.392
    endloop
  endfacet
  facet normal 0 -1 0
    outer loop
      vertex 24.88 10.7 111.484
      vertex 26.5882 10.7 117.859
      vertex 24.5904 10.7 111.548
    endloop
  endfacet
  facet normal 0 -1 0
    outer loop
      vertex 22.0498 10.7 110.985
      vertex 18.2642 10.7 116.392
      vertex 17.5721 10.7 115.86
    endloop
  endfacet
  facet normal 0 -1 -0
    outer loop
      vertex 26.5882 10.7 117.859
      vertex 24.88 10.7 111.484
      vertex 27.4202 10.7 117.597
    endloop
  endfacet
  facet normal 0 -1 0
    outer loop
      vertex 21.8145 10.7 110.805
      vertex 17.5721 10.7 115.86
      vertex 16.9289 10.7 115.271
    endloop
  endfacet
  facet normal 0 -1 0
    outer loop
      vertex 25.1629 10.7 111.395
      vertex 27.4202 10.7 117.597
      vertex 24.88 10.7 111.484
    endloop
  endfacet
  facet normal 0 -1 0
    outer loop
      vertex 21.5958 10.7 110.604
      vertex 16.9289 10.7 115.271
      vertex 16.3396 10.7 114.628
    endloop
  endfacet
  facet normal 0 -1 -0
    outer loop
      vertex 27.4202 10.7 117.597
      vertex 25.1629 10.7 111.395
      vertex 28.2262 10.7 117.263
    endloop
  endfacet
  facet normal 0 -1 0
    outer loop
      vertex 21.3954 10.7 110.385
      vertex 16.3396 10.7 114.628
      vertex 15.8085 10.7 113.936
    endloop
  endfacet
  facet normal 0 -1 0
    outer loop
      vertex 25.4369 10.7 111.281
      vertex 28.2262 10.7 117.263
      vertex 25.1629 10.7 111.395
    endloop
  endfacet
  facet normal 0 -1 0
    outer loop
      vertex 21.2149 10.7 110.15
      vertex 15.8085 10.7 113.936
      vertex 15.3397 10.7 113.2
    endloop
  endfacet
  facet normal 0 -1 -0
    outer loop
      vertex 28.2262 10.7 117.263
      vertex 25.4369 10.7 111.281
      vertex 29 10.7 116.86
    endloop
  endfacet
  facet normal 0 -1 0
    outer loop
      vertex 21.0555 10.7 109.9
      vertex 15.3397 10.7 113.2
      vertex 14.9369 10.7 112.426
    endloop
  endfacet
  facet normal 0 -1 0
    outer loop
      vertex 25.7 10.7 111.144
      vertex 29 10.7 116.86
      vertex 25.4369 10.7 111.281
    endloop
  endfacet
  facet normal 0 -1 0
    outer loop
      vertex 20.9186 10.7 109.637
      vertex 14.9369 10.7 112.426
      vertex 14.6031 10.7 111.62
    endloop
  endfacet
  facet normal 0 -1 -0
    outer loop
      vertex 29 10.7 116.86
      vertex 25.7 10.7 111.144
      vertex 29.7358 10.7 116.392
    endloop
  endfacet
  facet normal 0 -1 0
    outer loop
      vertex 25.9502 10.7 110.985
      vertex 29.7358 10.7 116.392
      vertex 25.7 10.7 111.144
    endloop
  endfacet
  facet normal 0 -1 0
    outer loop
      vertex 23.1284 10.7 118.162
      vertex 23.7037 10.7 111.587
      vertex 24 10.7 111.6
    endloop
  endfacet
  facet normal 0 -1 0
    outer loop
      vertex 22.2635 10.7 118.048
      vertex 23.4096 10.7 111.548
      vertex 23.7037 10.7 111.587
    endloop
  endfacet
  facet normal 0 -1 0
    outer loop
      vertex 21.4118 10.7 117.859
      vertex 23.12 10.7 111.484
      vertex 23.4096 10.7 111.548
    endloop
  endfacet
  facet normal 0 -1 0
    outer loop
      vertex 20.5798 10.7 117.597
      vertex 22.8371 10.7 111.395
      vertex 23.12 10.7 111.484
    endloop
  endfacet
  facet normal 0 -1 0
    outer loop
      vertex 19.7738 10.7 117.263
      vertex 22.5631 10.7 111.281
      vertex 22.8371 10.7 111.395
    endloop
  endfacet
  facet normal 0 -1 0
    outer loop
      vertex 19 10.7 116.86
      vertex 22.3 10.7 111.144
      vertex 22.5631 10.7 111.281
    endloop
  endfacet
  facet normal 0 -1 0
    outer loop
      vertex 18.2642 10.7 116.392
      vertex 22.0498 10.7 110.985
      vertex 22.3 10.7 111.144
    endloop
  endfacet
  facet normal 0 -1 0
    outer loop
      vertex 17.5721 10.7 115.86
      vertex 21.8145 10.7 110.805
      vertex 22.0498 10.7 110.985
    endloop
  endfacet
  facet normal 0 -1 0
    outer loop
      vertex 20.805 10.7 109.363
      vertex 14.6031 10.7 111.62
      vertex 14.3407 10.7 110.788
    endloop
  endfacet
  facet normal 0 -1 0
    outer loop
      vertex 16.9289 10.7 115.271
      vertex 21.5958 10.7 110.604
      vertex 21.8145 10.7 110.805
    endloop
  endfacet
  facet normal 0 -1 0
    outer loop
      vertex 16.3396 10.7 114.628
      vertex 21.3954 10.7 110.385
      vertex 21.5958 10.7 110.604
    endloop
  endfacet
  facet normal 0 -1 0
    outer loop
      vertex 15.8085 10.7 113.936
      vertex 21.2149 10.7 110.15
      vertex 21.3954 10.7 110.385
    endloop
  endfacet
  facet normal 0 -1 0
    outer loop
      vertex 20.7159 10.7 109.08
      vertex 14.3407 10.7 110.788
      vertex 14.1519 10.7 109.936
    endloop
  endfacet
  facet normal 0 -1 0
    outer loop
      vertex 15.3397 10.7 113.2
      vertex 21.0555 10.7 109.9
      vertex 21.2149 10.7 110.15
    endloop
  endfacet
  facet normal 0 -1 0
    outer loop
      vertex 14.9369 10.7 112.426
      vertex 20.9186 10.7 109.637
      vertex 21.0555 10.7 109.9
    endloop
  endfacet
  facet normal 0 -1 0
    outer loop
      vertex 14.6031 10.7 111.62
      vertex 20.805 10.7 109.363
      vertex 20.9186 10.7 109.637
    endloop
  endfacet
  facet normal 0 -1 0
    outer loop
      vertex 14.3407 10.7 110.788
      vertex 20.7159 10.7 109.08
      vertex 20.805 10.7 109.363
    endloop
  endfacet
  facet normal 0 -1 0
    outer loop
      vertex 20.6517 10.7 108.79
      vertex 14.1519 10.7 109.936
      vertex 14.0381 10.7 109.072
    endloop
  endfacet
  facet normal 0 -1 0
    outer loop
      vertex 14.1519 10.7 109.936
      vertex 20.6517 10.7 108.79
      vertex 20.7159 10.7 109.08
    endloop
  endfacet
  facet normal 0 -1 0
    outer loop
      vertex 14.0381 10.7 109.072
      vertex 20.6129 10.7 108.496
      vertex 20.6517 10.7 108.79
    endloop
  endfacet
  facet normal 0 -1 0
    outer loop
      vertex 14 10.7 108.2
      vertex 20.6129 10.7 108.496
      vertex 14.0381 10.7 109.072
    endloop
  endfacet
  facet normal 0 -1 0
    outer loop
      vertex 14 10.7 108.2
      vertex 20.6 10.7 108.2
      vertex 20.6129 10.7 108.496
    endloop
  endfacet
  facet normal 0 -1 0
    outer loop
      vertex 14 10.7 108.2
      vertex 20.6129 10.7 107.904
      vertex 20.6 10.7 108.2
    endloop
  endfacet
  facet normal 0 -1 0
    outer loop
      vertex 14.0381 10.7 107.328
      vertex 20.6129 10.7 107.904
      vertex 14 10.7 108.2
    endloop
  endfacet
  facet normal 0 -1 -0
    outer loop
      vertex 20.6129 10.7 107.904
      vertex 14.0381 10.7 107.328
      vertex 20.6517 10.7 107.61
    endloop
  endfacet
  facet normal 0 -1 0
    outer loop
      vertex 14.1519 10.7 106.464
      vertex 20.6517 10.7 107.61
      vertex 14.0381 10.7 107.328
    endloop
  endfacet
  facet normal 0 -1 -0
    outer loop
      vertex 20.6517 10.7 107.61
      vertex 14.1519 10.7 106.464
      vertex 20.7159 10.7 107.32
    endloop
  endfacet
  facet normal 0 -1 0
    outer loop
      vertex 14.3407 10.7 105.612
      vertex 20.7159 10.7 107.32
      vertex 14.1519 10.7 106.464
    endloop
  endfacet
  facet normal 0 -1 -0
    outer loop
      vertex 20.7159 10.7 107.32
      vertex 14.3407 10.7 105.612
      vertex 20.805 10.7 107.037
    endloop
  endfacet
  facet normal 0 -1 0
    outer loop
      vertex 14.6031 10.7 104.78
      vertex 20.805 10.7 107.037
      vertex 14.3407 10.7 105.612
    endloop
  endfacet
  facet normal 0 -1 -0
    outer loop
      vertex 20.805 10.7 107.037
      vertex 14.6031 10.7 104.78
      vertex 20.9186 10.7 106.763
    endloop
  endfacet
  facet normal 0 -1 0
    outer loop
      vertex 14.9369 10.7 103.974
      vertex 20.9186 10.7 106.763
      vertex 14.6031 10.7 104.78
    endloop
  endfacet
  facet normal 0 -1 -0
    outer loop
      vertex 20.9186 10.7 106.763
      vertex 14.9369 10.7 103.974
      vertex 21.0555 10.7 106.5
    endloop
  endfacet
  facet normal 0 -1 0
    outer loop
      vertex 15.3397 10.7 103.2
      vertex 21.0555 10.7 106.5
      vertex 14.9369 10.7 103.974
    endloop
  endfacet
  facet normal 0 -1 -0
    outer loop
      vertex 21.0555 10.7 106.5
      vertex 15.3397 10.7 103.2
      vertex 21.2149 10.7 106.25
    endloop
  endfacet
  facet normal 0 -1 0
    outer loop
      vertex 15.8085 10.7 102.464
      vertex 21.2149 10.7 106.25
      vertex 15.3397 10.7 103.2
    endloop
  endfacet
  facet normal 0 -1 -0
    outer loop
      vertex 21.2149 10.7 106.25
      vertex 15.8085 10.7 102.464
      vertex 21.3954 10.7 106.015
    endloop
  endfacet
  facet normal 0 -1 0
    outer loop
      vertex 16.3396 10.7 101.772
      vertex 21.3954 10.7 106.015
      vertex 15.8085 10.7 102.464
    endloop
  endfacet
  facet normal 0 -1 -0
    outer loop
      vertex 21.3954 10.7 106.015
      vertex 16.3396 10.7 101.772
      vertex 21.5958 10.7 105.796
    endloop
  endfacet
  facet normal 0 -1 0
    outer loop
      vertex 16.9289 10.7 101.129
      vertex 21.5958 10.7 105.796
      vertex 16.3396 10.7 101.772
    endloop
  endfacet
  facet normal 0 -1 -0
    outer loop
      vertex 21.5958 10.7 105.796
      vertex 16.9289 10.7 101.129
      vertex 21.8145 10.7 105.595
    endloop
  endfacet
  facet normal 0 -1 0
    outer loop
      vertex 17.5721 10.7 100.54
      vertex 21.8145 10.7 105.595
      vertex 16.9289 10.7 101.129
    endloop
  endfacet
  facet normal 0 -1 0
    outer loop
      vertex 18.2642 10.7 100.008
      vertex 22.0498 10.7 105.415
      vertex 17.5721 10.7 100.54
    endloop
  endfacet
  facet normal 0 -1 -0
    outer loop
      vertex 21.8145 10.7 105.595
      vertex 17.5721 10.7 100.54
      vertex 22.0498 10.7 105.415
    endloop
  endfacet
  facet normal 0 -1 -0
    outer loop
      vertex 29.7358 10.7 116.392
      vertex 25.9502 10.7 110.985
      vertex 30.4279 10.7 115.86
    endloop
  endfacet
  facet normal 0 -1 0
    outer loop
      vertex 26.1855 10.7 110.805
      vertex 30.4279 10.7 115.86
      vertex 25.9502 10.7 110.985
    endloop
  endfacet
  facet normal 0 -1 -0
    outer loop
      vertex 30.4279 10.7 115.86
      vertex 26.1855 10.7 110.805
      vertex 31.0711 10.7 115.271
    endloop
  endfacet
  facet normal 0 -1 0
    outer loop
      vertex 26.4042 10.7 110.604
      vertex 31.0711 10.7 115.271
      vertex 26.1855 10.7 110.805
    endloop
  endfacet
  facet normal 0 -1 -0
    outer loop
      vertex 31.0711 10.7 115.271
      vertex 26.4042 10.7 110.604
      vertex 31.6604 10.7 114.628
    endloop
  endfacet
  facet normal 0 -1 0
    outer loop
      vertex 26.6045 10.7 110.385
      vertex 31.6604 10.7 114.628
      vertex 26.4042 10.7 110.604
    endloop
  endfacet
  facet normal 0 -1 -0
    outer loop
      vertex 31.6604 10.7 114.628
      vertex 26.6045 10.7 110.385
      vertex 32.1915 10.7 113.936
    endloop
  endfacet
  facet normal 0 -1 0
    outer loop
      vertex 26.7851 10.7 110.15
      vertex 32.1915 10.7 113.936
      vertex 26.6045 10.7 110.385
    endloop
  endfacet
  facet normal 0 -1 -0
    outer loop
      vertex 32.1915 10.7 113.936
      vertex 26.7851 10.7 110.15
      vertex 32.6603 10.7 113.2
    endloop
  endfacet
  facet normal 0 -1 0
    outer loop
      vertex 26.9445 10.7 109.9
      vertex 32.6603 10.7 113.2
      vertex 26.7851 10.7 110.15
    endloop
  endfacet
  facet normal 0 -1 -0
    outer loop
      vertex 32.6603 10.7 113.2
      vertex 26.9445 10.7 109.9
      vertex 33.0631 10.7 112.426
    endloop
  endfacet
  facet normal 0 -1 0
    outer loop
      vertex 27.0814 10.7 109.637
      vertex 33.0631 10.7 112.426
      vertex 26.9445 10.7 109.9
    endloop
  endfacet
  facet normal 0 -1 -0
    outer loop
      vertex 33.0631 10.7 112.426
      vertex 27.0814 10.7 109.637
      vertex 33.3969 10.7 111.62
    endloop
  endfacet
  facet normal 0 -1 0
    outer loop
      vertex 27.195 10.7 109.363
      vertex 33.3969 10.7 111.62
      vertex 27.0814 10.7 109.637
    endloop
  endfacet
  facet normal 0 -1 -0
    outer loop
      vertex 33.3969 10.7 111.62
      vertex 27.195 10.7 109.363
      vertex 33.6593 10.7 110.788
    endloop
  endfacet
  facet normal 0 -1 0
    outer loop
      vertex 27.2841 10.7 109.08
      vertex 33.6593 10.7 110.788
      vertex 27.195 10.7 109.363
    endloop
  endfacet
  facet normal 0 -1 -0
    outer loop
      vertex 33.6593 10.7 110.788
      vertex 27.2841 10.7 109.08
      vertex 33.8481 10.7 109.936
    endloop
  endfacet
  facet normal 0 -1 0
    outer loop
      vertex 27.3483 10.7 108.79
      vertex 33.8481 10.7 109.936
      vertex 27.2841 10.7 109.08
    endloop
  endfacet
  facet normal 0 -1 -0
    outer loop
      vertex 33.8481 10.7 109.936
      vertex 27.3483 10.7 108.79
      vertex 33.9619 10.7 109.072
    endloop
  endfacet
  facet normal 0 -1 0
    outer loop
      vertex 27.3871 10.7 108.496
      vertex 33.9619 10.7 109.072
      vertex 27.3483 10.7 108.79
    endloop
  endfacet
  facet normal 0 -1 0
    outer loop
      vertex 27.4 10.7 108.2
      vertex 33.9619 10.7 109.072
      vertex 27.3871 10.7 108.496
    endloop
  endfacet
  facet normal 0 -1 0
    outer loop
      vertex 27.4 10.7 108.2
      vertex 34 10.7 108.2
      vertex 33.9619 10.7 109.072
    endloop
  endfacet
  facet normal 0 -1 0
    outer loop
      vertex 27.3871 10.7 107.904
      vertex 34 10.7 108.2
      vertex 27.4 10.7 108.2
    endloop
  endfacet
  facet normal 0 -1 0
    outer loop
      vertex 33.9619 10.7 107.328
      vertex 27.3871 10.7 107.904
      vertex 27.3483 10.7 107.61
    endloop
  endfacet
  facet normal 0 -1 0
    outer loop
      vertex 27.3871 10.7 107.904
      vertex 33.9619 10.7 107.328
      vertex 34 10.7 108.2
    endloop
  endfacet
  facet normal 0 -1 0
    outer loop
      vertex 33.8481 10.7 106.464
      vertex 27.3483 10.7 107.61
      vertex 27.2841 10.7 107.32
    endloop
  endfacet
  facet normal 0 -1 0
    outer loop
      vertex 33.6593 10.7 105.612
      vertex 27.2841 10.7 107.32
      vertex 27.195 10.7 107.037
    endloop
  endfacet
  facet normal 0 -1 0
    outer loop
      vertex 33.3969 10.7 104.78
      vertex 27.195 10.7 107.037
      vertex 27.0814 10.7 106.763
    endloop
  endfacet
  facet normal 0 -1 0
    outer loop
      vertex 33.0631 10.7 103.974
      vertex 27.0814 10.7 106.763
      vertex 26.9445 10.7 106.5
    endloop
  endfacet
  facet normal 0 -1 0
    outer loop
      vertex 27.3483 10.7 107.61
      vertex 33.8481 10.7 106.464
      vertex 33.9619 10.7 107.328
    endloop
  endfacet
  facet normal 0 -1 0
    outer loop
      vertex 32.6603 10.7 103.2
      vertex 26.9445 10.7 106.5
      vertex 26.7851 10.7 106.25
    endloop
  endfacet
  facet normal 0 -1 0
    outer loop
      vertex 32.1915 10.7 102.464
      vertex 26.7851 10.7 106.25
      vertex 26.6045 10.7 106.015
    endloop
  endfacet
  facet normal 0 -1 0
    outer loop
      vertex 31.6604 10.7 101.772
      vertex 26.6045 10.7 106.015
      vertex 26.4042 10.7 105.796
    endloop
  endfacet
  facet normal 0 -1 0
    outer loop
      vertex 27.2841 10.7 107.32
      vertex 33.6593 10.7 105.612
      vertex 33.8481 10.7 106.464
    endloop
  endfacet
  facet normal 0 -1 0
    outer loop
      vertex 31.0711 10.7 101.129
      vertex 26.4042 10.7 105.796
      vertex 26.1855 10.7 105.595
    endloop
  endfacet
  facet normal 0 -1 0
    outer loop
      vertex 30.4279 10.7 100.54
      vertex 26.1855 10.7 105.595
      vertex 25.9502 10.7 105.415
    endloop
  endfacet
  facet normal 0 -1 0
    outer loop
      vertex 29.7358 10.7 100.008
      vertex 25.9502 10.7 105.415
      vertex 25.7 10.7 105.256
    endloop
  endfacet
  facet normal 0 -1 0
    outer loop
      vertex 29 10.7 99.5397
      vertex 25.7 10.7 105.256
      vertex 25.4369 10.7 105.119
    endloop
  endfacet
  facet normal 0 -1 0
    outer loop
      vertex 28.2262 10.7 99.1369
      vertex 25.4369 10.7 105.119
      vertex 25.1629 10.7 105.005
    endloop
  endfacet
  facet normal 0 -1 0
    outer loop
      vertex 27.4202 10.7 98.8031
      vertex 25.1629 10.7 105.005
      vertex 24.88 10.7 104.916
    endloop
  endfacet
  facet normal 0 -1 0
    outer loop
      vertex 26.5882 10.7 98.5407
      vertex 24.88 10.7 104.916
      vertex 24.5904 10.7 104.852
    endloop
  endfacet
  facet normal 0 -1 0
    outer loop
      vertex 25.7365 10.7 98.3519
      vertex 24.5904 10.7 104.852
      vertex 24.2963 10.7 104.813
    endloop
  endfacet
  facet normal 0 -1 0
    outer loop
      vertex 27.195 10.7 107.037
      vertex 33.3969 10.7 104.78
      vertex 33.6593 10.7 105.612
    endloop
  endfacet
  facet normal 0 -1 0
    outer loop
      vertex 24.8716 10.7 98.2381
      vertex 24.2963 10.7 104.813
      vertex 24 10.7 104.8
    endloop
  endfacet
  facet normal 0 -1 -0
    outer loop
      vertex 22.0498 10.7 105.415
      vertex 18.2642 10.7 100.008
      vertex 22.3 10.7 105.256
    endloop
  endfacet
  facet normal 0 -1 0
    outer loop
      vertex 19 10.7 99.5397
      vertex 22.3 10.7 105.256
      vertex 18.2642 10.7 100.008
    endloop
  endfacet
  facet normal 0 -1 0
    outer loop
      vertex 27.0814 10.7 106.763
      vertex 33.0631 10.7 103.974
      vertex 33.3969 10.7 104.78
    endloop
  endfacet
  facet normal 0 -1 -0
    outer loop
      vertex 22.3 10.7 105.256
      vertex 19 10.7 99.5397
      vertex 22.5631 10.7 105.119
    endloop
  endfacet
  facet normal 0 -1 0
    outer loop
      vertex 26.9445 10.7 106.5
      vertex 32.6603 10.7 103.2
      vertex 33.0631 10.7 103.974
    endloop
  endfacet
  facet normal 0 -1 0
    outer loop
      vertex 19.7738 10.7 99.1369
      vertex 22.5631 10.7 105.119
      vertex 19 10.7 99.5397
    endloop
  endfacet
  facet normal 0 -1 0
    outer loop
      vertex 26.7851 10.7 106.25
      vertex 32.1915 10.7 102.464
      vertex 32.6603 10.7 103.2
    endloop
  endfacet
  facet normal 0 -1 -0
    outer loop
      vertex 22.5631 10.7 105.119
      vertex 19.7738 10.7 99.1369
      vertex 22.8371 10.7 105.005
    endloop
  endfacet
  facet normal 0 -1 0
    outer loop
      vertex 26.6045 10.7 106.015
      vertex 31.6604 10.7 101.772
      vertex 32.1915 10.7 102.464
    endloop
  endfacet
  facet normal 0 -1 0
    outer loop
      vertex 20.5798 10.7 98.8031
      vertex 22.8371 10.7 105.005
      vertex 19.7738 10.7 99.1369
    endloop
  endfacet
  facet normal 0 -1 0
    outer loop
      vertex 26.4042 10.7 105.796
      vertex 31.0711 10.7 101.129
      vertex 31.6604 10.7 101.772
    endloop
  endfacet
  facet normal 0 -1 -0
    outer loop
      vertex 22.8371 10.7 105.005
      vertex 20.5798 10.7 98.8031
      vertex 23.12 10.7 104.916
    endloop
  endfacet
  facet normal 0 -1 0
    outer loop
      vertex 26.1855 10.7 105.595
      vertex 30.4279 10.7 100.54
      vertex 31.0711 10.7 101.129
    endloop
  endfacet
  facet normal 0 -1 0
    outer loop
      vertex 21.4118 10.7 98.5407
      vertex 23.12 10.7 104.916
      vertex 20.5798 10.7 98.8031
    endloop
  endfacet
  facet normal 0 -1 0
    outer loop
      vertex 25.9502 10.7 105.415
      vertex 29.7358 10.7 100.008
      vertex 30.4279 10.7 100.54
    endloop
  endfacet
  facet normal 0 -1 -0
    outer loop
      vertex 23.12 10.7 104.916
      vertex 21.4118 10.7 98.5407
      vertex 23.4096 10.7 104.852
    endloop
  endfacet
  facet normal 0 -1 0
    outer loop
      vertex 25.7 10.7 105.256
      vertex 29 10.7 99.5397
      vertex 29.7358 10.7 100.008
    endloop
  endfacet
  facet normal 0 -1 0
    outer loop
      vertex 22.2635 10.7 98.3519
      vertex 23.4096 10.7 104.852
      vertex 21.4118 10.7 98.5407
    endloop
  endfacet
  facet normal 0 -1 0
    outer loop
      vertex 25.4369 10.7 105.119
      vertex 28.2262 10.7 99.1369
      vertex 29 10.7 99.5397
    endloop
  endfacet
  facet normal 0 -1 -0
    outer loop
      vertex 23.4096 10.7 104.852
      vertex 22.2635 10.7 98.3519
      vertex 23.7037 10.7 104.813
    endloop
  endfacet
  facet normal 0 -1 0
    outer loop
      vertex 25.1629 10.7 105.005
      vertex 27.4202 10.7 98.8031
      vertex 28.2262 10.7 99.1369
    endloop
  endfacet
  facet normal 0 -1 0
    outer loop
      vertex 23.1284 10.7 98.2381
      vertex 23.7037 10.7 104.813
      vertex 22.2635 10.7 98.3519
    endloop
  endfacet
  facet normal 0 -1 0
    outer loop
      vertex 24.88 10.7 104.916
      vertex 26.5882 10.7 98.5407
      vertex 27.4202 10.7 98.8031
    endloop
  endfacet
  facet normal 0 -1 -0
    outer loop
      vertex 23.7037 10.7 104.813
      vertex 23.1284 10.7 98.2381
      vertex 24 10.7 104.8
    endloop
  endfacet
  facet normal 0 -1 0
    outer loop
      vertex 24.5904 10.7 104.852
      vertex 25.7365 10.7 98.3519
      vertex 26.5882 10.7 98.5407
    endloop
  endfacet
  facet normal 0 -1 0
    outer loop
      vertex 24 10.7 98.2
      vertex 24 10.7 104.8
      vertex 23.1284 10.7 98.2381
    endloop
  endfacet
  facet normal 0 -1 0
    outer loop
      vertex 24.2963 10.7 104.813
      vertex 24.8716 10.7 98.2381
      vertex 25.7365 10.7 98.3519
    endloop
  endfacet
  facet normal 0 -1 0
    outer loop
      vertex 24 10.7 104.8
      vertex 24 10.7 98.2
      vertex 24.8716 10.7 98.2381
    endloop
  endfacet
  facet normal -0.953693 0 -0.30078
    outer loop
      vertex 14.6031 10.7 104.78
      vertex 14.3407 49.3 105.612
      vertex 14.6031 49.3 104.78
    endloop
  endfacet
  facet normal -0.953693 -0 -0.30078
    outer loop
      vertex 14.3407 49.3 105.612
      vertex 14.6031 10.7 104.78
      vertex 14.3407 10.7 105.612
    endloop
  endfacet
  facet normal -0.675351 0 0.737497
    outer loop
      vertex 16.9289 49.3 115.271
      vertex 17.5721 10.7 115.86
      vertex 17.5721 49.3 115.86
    endloop
  endfacet
  facet normal -0.675351 0 0.737497
    outer loop
      vertex 17.5721 10.7 115.86
      vertex 16.9289 49.3 115.271
      vertex 16.9289 10.7 115.271
    endloop
  endfacet
  facet normal 0.216421 0 -0.9763
    outer loop
      vertex 25.7365 10.7 98.3519
      vertex 26.5882 14 98.5407
      vertex 26.5882 10.7 98.5407
    endloop
  endfacet
  facet normal 0.216421 0 -0.9763
    outer loop
      vertex 26.5882 14 98.5407
      vertex 25.7365 10.7 98.3519
      vertex 25.7365 14 98.3519
    endloop
  endfacet
  facet normal 0.216421 0 -0.9763
    outer loop
      vertex 25.7365 46 98.3519
      vertex 26.5882 49.3 98.5407
      vertex 26.5882 46 98.5407
    endloop
  endfacet
  facet normal 0.216421 0 -0.9763
    outer loop
      vertex 26.5882 49.3 98.5407
      vertex 25.7365 46 98.3519
      vertex 25.7365 49.3 98.3519
    endloop
  endfacet
  facet normal 0.976316 -0 0.216348
    outer loop
      vertex 33.6593 10.7 110.788
      vertex 33.8481 49.3 109.936
      vertex 33.6593 49.3 110.788
    endloop
  endfacet
  facet normal 0.976316 0 0.216348
    outer loop
      vertex 33.8481 49.3 109.936
      vertex 33.6593 10.7 110.788
      vertex 33.8481 10.7 109.936
    endloop
  endfacet
  facet normal -0.131457 0 -0.991322
    outer loop
      vertex 24.2963 10.7 111.587
      vertex 24.5904 49.3 111.548
      vertex 24.5904 10.7 111.548
    endloop
  endfacet
  facet normal -0.131457 0 -0.991322
    outer loop
      vertex 24.5904 49.3 111.548
      vertex 24.2963 10.7 111.587
      vertex 24.2963 49.3 111.587
    endloop
  endfacet
  facet normal -0.131457 0 -0.991322
    outer loop
      vertex 24.2963 68.7 111.587
      vertex 24.5904 76.7 111.548
      vertex 24.5904 68.7 111.548
    endloop
  endfacet
  facet normal -0.131457 0 -0.991322
    outer loop
      vertex 24.5904 76.7 111.548
      vertex 24.2963 68.7 111.587
      vertex 24.2963 76.7 111.587
    endloop
  endfacet
  facet normal -0.0438323 0 -0.999039
    outer loop
      vertex 24 10.7 111.6
      vertex 24.2963 49.3 111.587
      vertex 24.2963 10.7 111.587
    endloop
  endfacet
  facet normal -0.0438323 0 -0.999039
    outer loop
      vertex 24.2963 49.3 111.587
      vertex 24 10.7 111.6
      vertex 24 49.3 111.6
    endloop
  endfacet
  facet normal -0.0438323 0 -0.999039
    outer loop
      vertex 24 68.7 111.6
      vertex 24.2963 76.7 111.587
      vertex 24.2963 68.7 111.587
    endloop
  endfacet
  facet normal -0.0438323 0 -0.999039
    outer loop
      vertex 24.2963 76.7 111.587
      vertex 24 68.7 111.6
      vertex 24 76.7 111.6
    endloop
  endfacet
  facet normal 0.215788 0 -0.97644
    outer loop
      vertex 23.12 10.7 111.484
      vertex 23.4096 49.3 111.548
      vertex 23.4096 10.7 111.548
    endloop
  endfacet
  facet normal 0.215788 0 -0.97644
    outer loop
      vertex 23.4096 49.3 111.548
      vertex 23.12 10.7 111.484
      vertex 23.12 49.3 111.484
    endloop
  endfacet
  facet normal 0.215788 0 -0.97644
    outer loop
      vertex 23.12 68.7 111.484
      vertex 23.4096 76.7 111.548
      vertex 23.4096 68.7 111.548
    endloop
  endfacet
  facet normal 0.215788 0 -0.97644
    outer loop
      vertex 23.4096 76.7 111.548
      vertex 23.12 68.7 111.484
      vertex 23.12 76.7 111.484
    endloop
  endfacet
  facet normal 0.953842 -0 0.300309
    outer loop
      vertex 20.7159 10.7 107.32
      vertex 20.805 49.3 107.037
      vertex 20.7159 49.3 107.32
    endloop
  endfacet
  facet normal 0.953842 0 0.300309
    outer loop
      vertex 20.805 49.3 107.037
      vertex 20.7159 10.7 107.32
      vertex 20.805 10.7 107.037
    endloop
  endfacet
  facet normal 0.953842 -0 0.300309
    outer loop
      vertex 20.7159 68.7 107.32
      vertex 20.805 76.7 107.037
      vertex 20.7159 76.7 107.32
    endloop
  endfacet
  facet normal 0.953842 0 0.300309
    outer loop
      vertex 20.805 76.7 107.037
      vertex 20.7159 68.7 107.32
      vertex 20.805 68.7 107.037
    endloop
  endfacet
  facet normal -0.536352 0 -0.843995
    outer loop
      vertex 25.7 10.7 111.144
      vertex 25.9502 49.3 110.985
      vertex 25.9502 10.7 110.985
    endloop
  endfacet
  facet normal -0.536352 0 -0.843995
    outer loop
      vertex 25.9502 49.3 110.985
      vertex 25.7 10.7 111.144
      vertex 25.7 49.3 111.144
    endloop
  endfacet
  facet normal -0.536352 0 -0.843995
    outer loop
      vertex 25.7 68.7 111.144
      vertex 25.9502 76.7 110.985
      vertex 25.9502 68.7 110.985
    endloop
  endfacet
  facet normal -0.536352 0 -0.843995
    outer loop
      vertex 25.9502 76.7 110.985
      vertex 25.7 68.7 111.144
      vertex 25.7 76.7 111.144
    endloop
  endfacet
  facet normal -0.384137 0 -0.923276
    outer loop
      vertex 25.1629 10.7 111.395
      vertex 25.4369 49.3 111.281
      vertex 25.4369 10.7 111.281
    endloop
  endfacet
  facet normal -0.384137 0 -0.923276
    outer loop
      vertex 25.4369 49.3 111.281
      vertex 25.1629 10.7 111.395
      vertex 25.1629 49.3 111.395
    endloop
  endfacet
  facet normal -0.384137 0 -0.923276
    outer loop
      vertex 25.1629 68.7 111.395
      vertex 25.4369 76.7 111.281
      vertex 25.4369 68.7 111.281
    endloop
  endfacet
  facet normal -0.384137 0 -0.923276
    outer loop
      vertex 25.4369 76.7 111.281
      vertex 25.1629 68.7 111.395
      vertex 25.1629 76.7 111.395
    endloop
  endfacet
  facet normal -0.536352 0 0.843995
    outer loop
      vertex 25.7 49.3 105.256
      vertex 25.9502 10.7 105.415
      vertex 25.9502 49.3 105.415
    endloop
  endfacet
  facet normal -0.536352 0 0.843995
    outer loop
      vertex 25.9502 10.7 105.415
      vertex 25.7 49.3 105.256
      vertex 25.7 10.7 105.256
    endloop
  endfacet
  facet normal -0.536352 0 0.843995
    outer loop
      vertex 25.7 76.7 105.256
      vertex 25.9502 68.7 105.415
      vertex 25.9502 76.7 105.415
    endloop
  endfacet
  facet normal -0.536352 0 0.843995
    outer loop
      vertex 25.9502 68.7 105.415
      vertex 25.7 76.7 105.256
      vertex 25.7 68.7 105.256
    endloop
  endfacet
  facet normal -0.923754 0 -0.382987
    outer loop
      vertex 27.195 10.7 109.363
      vertex 27.0814 49.3 109.637
      vertex 27.195 49.3 109.363
    endloop
  endfacet
  facet normal -0.923754 -0 -0.382987
    outer loop
      vertex 27.0814 49.3 109.637
      vertex 27.195 10.7 109.363
      vertex 27.0814 10.7 109.637
    endloop
  endfacet
  facet normal -0.923754 0 -0.382987
    outer loop
      vertex 27.195 68.7 109.363
      vertex 27.0814 76.7 109.637
      vertex 27.195 76.7 109.363
    endloop
  endfacet
  facet normal -0.923754 -0 -0.382987
    outer loop
      vertex 27.0814 76.7 109.637
      vertex 27.195 68.7 109.363
      vertex 27.0814 68.7 109.637
    endloop
  endfacet
  facet normal 0.923754 0 -0.382987
    outer loop
      vertex 20.9186 10.7 109.637
      vertex 20.805 49.3 109.363
      vertex 20.9186 49.3 109.637
    endloop
  endfacet
  facet normal 0.923754 0 -0.382987
    outer loop
      vertex 20.805 49.3 109.363
      vertex 20.9186 10.7 109.637
      vertex 20.805 10.7 109.363
    endloop
  endfacet
  facet normal 0.923754 0 -0.382987
    outer loop
      vertex 20.9186 68.7 109.637
      vertex 20.805 76.7 109.363
      vertex 20.9186 76.7 109.637
    endloop
  endfacet
  facet normal 0.923754 0 -0.382987
    outer loop
      vertex 20.805 76.7 109.363
      vertex 20.9186 68.7 109.637
      vertex 20.805 68.7 109.363
    endloop
  endfacet
  facet normal 0.887023 0 -0.461724
    outer loop
      vertex 21.0555 10.7 109.9
      vertex 20.9186 49.3 109.637
      vertex 21.0555 49.3 109.9
    endloop
  endfacet
  facet normal 0.887023 0 -0.461724
    outer loop
      vertex 20.9186 49.3 109.637
      vertex 21.0555 10.7 109.9
      vertex 20.9186 10.7 109.637
    endloop
  endfacet
  facet normal 0.887023 0 -0.461724
    outer loop
      vertex 21.0555 68.7 109.9
      vertex 20.9186 76.7 109.637
      vertex 21.0555 76.7 109.9
    endloop
  endfacet
  facet normal 0.887023 0 -0.461724
    outer loop
      vertex 20.9186 76.7 109.637
      vertex 21.0555 68.7 109.9
      vertex 20.9186 68.7 109.637
    endloop
  endfacet
  facet normal -0.7929 0 0.609352
    outer loop
      vertex 26.6045 10.7 106.015
      vertex 26.7851 49.3 106.25
      vertex 26.6045 49.3 106.015
    endloop
  endfacet
  facet normal -0.7929 0 0.609352
    outer loop
      vertex 26.7851 49.3 106.25
      vertex 26.6045 10.7 106.015
      vertex 26.7851 10.7 106.25
    endloop
  endfacet
  facet normal -0.7929 0 0.609352
    outer loop
      vertex 26.6045 68.7 106.015
      vertex 26.7851 76.7 106.25
      vertex 26.6045 76.7 106.015
    endloop
  endfacet
  facet normal -0.7929 0 0.609352
    outer loop
      vertex 26.7851 76.7 106.25
      vertex 26.6045 68.7 106.015
      vertex 26.7851 68.7 106.25
    endloop
  endfacet
  facet normal -0.607588 0 0.794252
    outer loop
      vertex 25.9502 49.3 105.415
      vertex 26.1855 10.7 105.595
      vertex 26.1855 49.3 105.595
    endloop
  endfacet
  facet normal -0.607588 0 0.794252
    outer loop
      vertex 26.1855 10.7 105.595
      vertex 25.9502 49.3 105.415
      vertex 25.9502 10.7 105.415
    endloop
  endfacet
  facet normal -0.607588 0 0.794252
    outer loop
      vertex 25.9502 76.7 105.415
      vertex 26.1855 68.7 105.595
      vertex 26.1855 76.7 105.595
    endloop
  endfacet
  facet normal -0.607588 0 0.794252
    outer loop
      vertex 26.1855 68.7 105.595
      vertex 25.9502 76.7 105.415
      vertex 25.9502 68.7 105.415
    endloop
  endfacet
  facet normal -0.976361 0 -0.216146
    outer loop
      vertex 27.3483 10.7 108.79
      vertex 27.2841 49.3 109.08
      vertex 27.3483 49.3 108.79
    endloop
  endfacet
  facet normal -0.976361 -0 -0.216146
    outer loop
      vertex 27.2841 49.3 109.08
      vertex 27.3483 10.7 108.79
      vertex 27.2841 10.7 109.08
    endloop
  endfacet
  facet normal -0.976361 0 -0.216146
    outer loop
      vertex 27.3483 68.7 108.79
      vertex 27.2841 76.7 109.08
      vertex 27.3483 76.7 108.79
    endloop
  endfacet
  facet normal -0.976361 -0 -0.216146
    outer loop
      vertex 27.2841 76.7 109.08
      vertex 27.3483 68.7 108.79
      vertex 27.2841 68.7 109.08
    endloop
  endfacet
  facet normal 0.976361 0 -0.216146
    outer loop
      vertex 20.7159 10.7 109.08
      vertex 20.6517 49.3 108.79
      vertex 20.7159 49.3 109.08
    endloop
  endfacet
  facet normal 0.976361 0 -0.216146
    outer loop
      vertex 20.6517 49.3 108.79
      vertex 20.7159 10.7 109.08
      vertex 20.6517 10.7 108.79
    endloop
  endfacet
  facet normal 0.976361 0 -0.216146
    outer loop
      vertex 20.7159 68.7 109.08
      vertex 20.6517 76.7 108.79
      vertex 20.7159 76.7 109.08
    endloop
  endfacet
  facet normal 0.976361 0 -0.216146
    outer loop
      vertex 20.6517 76.7 108.79
      vertex 20.7159 68.7 109.08
      vertex 20.6517 68.7 108.79
    endloop
  endfacet
  facet normal 0.300098 0 0.953908
    outer loop
      vertex 22.8371 49.3 105.005
      vertex 23.12 10.7 104.916
      vertex 23.12 49.3 104.916
    endloop
  endfacet
  facet normal 0.300098 0 0.953908
    outer loop
      vertex 23.12 10.7 104.916
      vertex 22.8371 49.3 105.005
      vertex 22.8371 10.7 105.005
    endloop
  endfacet
  facet normal 0.300098 0 0.953908
    outer loop
      vertex 22.8371 76.7 105.005
      vertex 23.12 68.7 104.916
      vertex 23.12 76.7 104.916
    endloop
  endfacet
  facet normal 0.300098 0 0.953908
    outer loop
      vertex 23.12 68.7 104.916
      vertex 22.8371 76.7 105.005
      vertex 22.8371 68.7 105.005
    endloop
  endfacet
  facet normal -0.461852 0 -0.886957
    outer loop
      vertex 25.4369 10.7 111.281
      vertex 25.7 49.3 111.144
      vertex 25.7 10.7 111.144
    endloop
  endfacet
  facet normal -0.461852 0 -0.886957
    outer loop
      vertex 25.7 49.3 111.144
      vertex 25.4369 10.7 111.281
      vertex 25.4369 49.3 111.281
    endloop
  endfacet
  facet normal -0.461852 0 -0.886957
    outer loop
      vertex 25.4369 68.7 111.281
      vertex 25.7 76.7 111.144
      vertex 25.7 68.7 111.144
    endloop
  endfacet
  facet normal -0.461852 0 -0.886957
    outer loop
      vertex 25.7 76.7 111.144
      vertex 25.4369 68.7 111.281
      vertex 25.4369 76.7 111.281
    endloop
  endfacet
  facet normal -0.737909 0 -0.6749
    outer loop
      vertex 26.6045 10.7 110.385
      vertex 26.4042 49.3 110.604
      vertex 26.6045 49.3 110.385
    endloop
  endfacet
  facet normal -0.737909 -0 -0.6749
    outer loop
      vertex 26.4042 49.3 110.604
      vertex 26.6045 10.7 110.385
      vertex 26.4042 10.7 110.604
    endloop
  endfacet
  facet normal -0.737909 0 -0.6749
    outer loop
      vertex 26.6045 68.7 110.385
      vertex 26.4042 76.7 110.604
      vertex 26.6045 76.7 110.385
    endloop
  endfacet
  facet normal -0.737909 -0 -0.6749
    outer loop
      vertex 26.4042 76.7 110.604
      vertex 26.6045 68.7 110.385
      vertex 26.4042 68.7 110.604
    endloop
  endfacet
  facet normal -0.887023 0 -0.461724
    outer loop
      vertex 27.0814 10.7 109.637
      vertex 26.9445 49.3 109.9
      vertex 27.0814 49.3 109.637
    endloop
  endfacet
  facet normal -0.887023 -0 -0.461724
    outer loop
      vertex 26.9445 49.3 109.9
      vertex 27.0814 10.7 109.637
      vertex 26.9445 10.7 109.9
    endloop
  endfacet
  facet normal -0.887023 0 -0.461724
    outer loop
      vertex 27.0814 68.7 109.637
      vertex 26.9445 76.7 109.9
      vertex 27.0814 76.7 109.637
    endloop
  endfacet
  facet normal -0.887023 -0 -0.461724
    outer loop
      vertex 26.9445 76.7 109.9
      vertex 27.0814 68.7 109.637
      vertex 26.9445 68.7 109.9
    endloop
  endfacet
  facet normal -0.215788 0 0.97644
    outer loop
      vertex 24.5904 49.3 104.852
      vertex 24.88 10.7 104.916
      vertex 24.88 49.3 104.916
    endloop
  endfacet
  facet normal -0.215788 0 0.97644
    outer loop
      vertex 24.88 10.7 104.916
      vertex 24.5904 49.3 104.852
      vertex 24.5904 10.7 104.852
    endloop
  endfacet
  facet normal -0.215788 0 0.97644
    outer loop
      vertex 24.5904 76.7 104.852
      vertex 24.88 68.7 104.916
      vertex 24.88 76.7 104.916
    endloop
  endfacet
  facet normal -0.215788 0 0.97644
    outer loop
      vertex 24.88 68.7 104.916
      vertex 24.5904 76.7 104.852
      vertex 24.5904 68.7 104.852
    endloop
  endfacet
  facet normal 0.215788 0 0.97644
    outer loop
      vertex 23.12 49.3 104.916
      vertex 23.4096 10.7 104.852
      vertex 23.4096 49.3 104.852
    endloop
  endfacet
  facet normal 0.215788 0 0.97644
    outer loop
      vertex 23.4096 10.7 104.852
      vertex 23.12 49.3 104.916
      vertex 23.12 10.7 104.916
    endloop
  endfacet
  facet normal 0.215788 0 0.97644
    outer loop
      vertex 23.12 76.7 104.916
      vertex 23.4096 68.7 104.852
      vertex 23.4096 76.7 104.852
    endloop
  endfacet
  facet normal 0.215788 0 0.97644
    outer loop
      vertex 23.4096 68.7 104.852
      vertex 23.12 76.7 104.916
      vertex 23.12 68.7 104.916
    endloop
  endfacet
  facet normal 0.999052 -0 0.0435398
    outer loop
      vertex 20.6 10.7 108.2
      vertex 20.6129 49.3 107.904
      vertex 20.6 49.3 108.2
    endloop
  endfacet
  facet normal 0.999052 0 0.0435398
    outer loop
      vertex 20.6129 49.3 107.904
      vertex 20.6 10.7 108.2
      vertex 20.6129 10.7 107.904
    endloop
  endfacet
  facet normal 0.999052 -0 0.0435398
    outer loop
      vertex 20.6 68.7 108.2
      vertex 20.6129 76.7 107.904
      vertex 20.6 76.7 108.2
    endloop
  endfacet
  facet normal 0.999052 0 0.0435398
    outer loop
      vertex 20.6129 76.7 107.904
      vertex 20.6 68.7 108.2
      vertex 20.6129 68.7 107.904
    endloop
  endfacet
  facet normal -0.843189 0 -0.537617
    outer loop
      vertex 26.9445 10.7 109.9
      vertex 26.7851 49.3 110.15
      vertex 26.9445 49.3 109.9
    endloop
  endfacet
  facet normal -0.843189 -0 -0.537617
    outer loop
      vertex 26.7851 49.3 110.15
      vertex 26.9445 10.7 109.9
      vertex 26.7851 10.7 110.15
    endloop
  endfacet
  facet normal -0.843189 0 -0.537617
    outer loop
      vertex 26.9445 68.7 109.9
      vertex 26.7851 76.7 110.15
      vertex 26.9445 76.7 109.9
    endloop
  endfacet
  facet normal -0.843189 -0 -0.537617
    outer loop
      vertex 26.7851 76.7 110.15
      vertex 26.9445 68.7 109.9
      vertex 26.7851 68.7 110.15
    endloop
  endfacet
  facet normal -0.923754 0 0.382987
    outer loop
      vertex 27.0814 10.7 106.763
      vertex 27.195 49.3 107.037
      vertex 27.0814 49.3 106.763
    endloop
  endfacet
  facet normal -0.923754 0 0.382987
    outer loop
      vertex 27.195 49.3 107.037
      vertex 27.0814 10.7 106.763
      vertex 27.195 10.7 107.037
    endloop
  endfacet
  facet normal -0.923754 0 0.382987
    outer loop
      vertex 27.0814 68.7 106.763
      vertex 27.195 76.7 107.037
      vertex 27.0814 76.7 106.763
    endloop
  endfacet
  facet normal -0.923754 0 0.382987
    outer loop
      vertex 27.195 76.7 107.037
      vertex 27.0814 68.7 106.763
      vertex 27.195 68.7 107.037
    endloop
  endfacet
  facet normal 0.536352 0 -0.843995
    outer loop
      vertex 22.0498 10.7 110.985
      vertex 22.3 49.3 111.144
      vertex 22.3 10.7 111.144
    endloop
  endfacet
  facet normal 0.536352 0 -0.843995
    outer loop
      vertex 22.3 49.3 111.144
      vertex 22.0498 10.7 110.985
      vertex 22.0498 49.3 110.985
    endloop
  endfacet
  facet normal 0.536352 0 -0.843995
    outer loop
      vertex 22.0498 68.7 110.985
      vertex 22.3 76.7 111.144
      vertex 22.3 68.7 111.144
    endloop
  endfacet
  facet normal 0.536352 0 -0.843995
    outer loop
      vertex 22.3 76.7 111.144
      vertex 22.0498 68.7 110.985
      vertex 22.0498 76.7 110.985
    endloop
  endfacet
  facet normal -0.976361 0 0.216146
    outer loop
      vertex 27.2841 10.7 107.32
      vertex 27.3483 49.3 107.61
      vertex 27.2841 49.3 107.32
    endloop
  endfacet
  facet normal -0.976361 0 0.216146
    outer loop
      vertex 27.3483 49.3 107.61
      vertex 27.2841 10.7 107.32
      vertex 27.3483 10.7 107.61
    endloop
  endfacet
  facet normal -0.976361 0 0.216146
    outer loop
      vertex 27.2841 68.7 107.32
      vertex 27.3483 76.7 107.61
      vertex 27.2841 76.7 107.32
    endloop
  endfacet
  facet normal -0.976361 0 0.216146
    outer loop
      vertex 27.3483 76.7 107.61
      vertex 27.2841 68.7 107.32
      vertex 27.3483 68.7 107.61
    endloop
  endfacet
  facet normal -0.676684 0 -0.736273
    outer loop
      vertex 26.1855 10.7 110.805
      vertex 26.4042 49.3 110.604
      vertex 26.4042 10.7 110.604
    endloop
  endfacet
  facet normal -0.676684 0 -0.736273
    outer loop
      vertex 26.4042 49.3 110.604
      vertex 26.1855 10.7 110.805
      vertex 26.1855 49.3 110.805
    endloop
  endfacet
  facet normal -0.676684 0 -0.736273
    outer loop
      vertex 26.1855 68.7 110.805
      vertex 26.4042 76.7 110.604
      vertex 26.4042 68.7 110.604
    endloop
  endfacet
  facet normal -0.676684 0 -0.736273
    outer loop
      vertex 26.4042 76.7 110.604
      vertex 26.1855 68.7 110.805
      vertex 26.1855 76.7 110.805
    endloop
  endfacet
  facet normal 0.607588 0 0.794252
    outer loop
      vertex 21.8145 49.3 105.595
      vertex 22.0498 10.7 105.415
      vertex 22.0498 49.3 105.415
    endloop
  endfacet
  facet normal 0.607588 0 0.794252
    outer loop
      vertex 22.0498 10.7 105.415
      vertex 21.8145 49.3 105.595
      vertex 21.8145 10.7 105.595
    endloop
  endfacet
  facet normal 0.607588 0 0.794252
    outer loop
      vertex 21.8145 76.7 105.595
      vertex 22.0498 68.7 105.415
      vertex 22.0498 76.7 105.415
    endloop
  endfacet
  facet normal 0.607588 0 0.794252
    outer loop
      vertex 22.0498 68.7 105.415
      vertex 21.8145 76.7 105.595
      vertex 21.8145 68.7 105.595
    endloop
  endfacet
  facet normal 0.461852 0 0.886957
    outer loop
      vertex 22.3 49.3 105.256
      vertex 22.5631 10.7 105.119
      vertex 22.5631 49.3 105.119
    endloop
  endfacet
  facet normal 0.461852 0 0.886957
    outer loop
      vertex 22.5631 10.7 105.119
      vertex 22.3 49.3 105.256
      vertex 22.3 10.7 105.256
    endloop
  endfacet
  facet normal 0.461852 0 0.886957
    outer loop
      vertex 22.3 76.7 105.256
      vertex 22.5631 68.7 105.119
      vertex 22.5631 76.7 105.119
    endloop
  endfacet
  facet normal 0.461852 0 0.886957
    outer loop
      vertex 22.5631 68.7 105.119
      vertex 22.3 76.7 105.256
      vertex 22.3 68.7 105.256
    endloop
  endfacet
  facet normal -0.953842 0 -0.300309
    outer loop
      vertex 27.2841 10.7 109.08
      vertex 27.195 49.3 109.363
      vertex 27.2841 49.3 109.08
    endloop
  endfacet
  facet normal -0.953842 -0 -0.300309
    outer loop
      vertex 27.195 49.3 109.363
      vertex 27.2841 10.7 109.08
      vertex 27.195 10.7 109.363
    endloop
  endfacet
  facet normal -0.953842 0 -0.300309
    outer loop
      vertex 27.2841 68.7 109.08
      vertex 27.195 76.7 109.363
      vertex 27.2841 76.7 109.08
    endloop
  endfacet
  facet normal -0.953842 -0 -0.300309
    outer loop
      vertex 27.195 76.7 109.363
      vertex 27.2841 68.7 109.08
      vertex 27.195 68.7 109.363
    endloop
  endfacet
  facet normal 0.0438323 0 0.999039
    outer loop
      vertex 23.7037 49.3 104.813
      vertex 24 10.7 104.8
      vertex 24 49.3 104.8
    endloop
  endfacet
  facet normal 0.0438323 0 0.999039
    outer loop
      vertex 24 10.7 104.8
      vertex 23.7037 49.3 104.813
      vertex 23.7037 10.7 104.813
    endloop
  endfacet
  facet normal 0.0438323 0 0.999039
    outer loop
      vertex 23.7037 76.7 104.813
      vertex 24 68.7 104.8
      vertex 24 76.7 104.8
    endloop
  endfacet
  facet normal 0.0438323 0 0.999039
    outer loop
      vertex 24 68.7 104.8
      vertex 23.7037 76.7 104.813
      vertex 23.7037 68.7 104.813
    endloop
  endfacet
  facet normal 0.676684 0 0.736273
    outer loop
      vertex 21.5958 49.3 105.796
      vertex 21.8145 10.7 105.595
      vertex 21.8145 49.3 105.595
    endloop
  endfacet
  facet normal 0.676684 0 0.736273
    outer loop
      vertex 21.8145 10.7 105.595
      vertex 21.5958 49.3 105.796
      vertex 21.5958 10.7 105.796
    endloop
  endfacet
  facet normal 0.676684 0 0.736273
    outer loop
      vertex 21.5958 76.7 105.796
      vertex 21.8145 68.7 105.595
      vertex 21.8145 76.7 105.595
    endloop
  endfacet
  facet normal 0.676684 0 0.736273
    outer loop
      vertex 21.8145 68.7 105.595
      vertex 21.5958 76.7 105.796
      vertex 21.5958 68.7 105.796
    endloop
  endfacet
  facet normal 0.737741 -0 0.675084
    outer loop
      vertex 21.3954 10.7 106.015
      vertex 21.5958 49.3 105.796
      vertex 21.3954 49.3 106.015
    endloop
  endfacet
  facet normal 0.737741 0 0.675084
    outer loop
      vertex 21.5958 49.3 105.796
      vertex 21.3954 10.7 106.015
      vertex 21.5958 10.7 105.796
    endloop
  endfacet
  facet normal 0.737741 -0 0.675084
    outer loop
      vertex 21.3954 68.7 106.015
      vertex 21.5958 76.7 105.796
      vertex 21.3954 76.7 106.015
    endloop
  endfacet
  facet normal 0.737741 0 0.675084
    outer loop
      vertex 21.5958 76.7 105.796
      vertex 21.3954 68.7 106.015
      vertex 21.5958 68.7 105.796
    endloop
  endfacet
  facet normal 0.0438323 0 -0.999039
    outer loop
      vertex 23.7037 10.7 111.587
      vertex 24 49.3 111.6
      vertex 24 10.7 111.6
    endloop
  endfacet
  facet normal 0.0438323 0 -0.999039
    outer loop
      vertex 24 49.3 111.6
      vertex 23.7037 10.7 111.587
      vertex 23.7037 49.3 111.587
    endloop
  endfacet
  facet normal 0.0438323 0 -0.999039
    outer loop
      vertex 23.7037 68.7 111.587
      vertex 24 76.7 111.6
      vertex 24 68.7 111.6
    endloop
  endfacet
  facet normal 0.0438323 0 -0.999039
    outer loop
      vertex 24 76.7 111.6
      vertex 23.7037 68.7 111.587
      vertex 23.7037 76.7 111.587
    endloop
  endfacet
  facet normal -0.300098 0 0.953908
    outer loop
      vertex 24.88 49.3 104.916
      vertex 25.1629 10.7 105.005
      vertex 25.1629 49.3 105.005
    endloop
  endfacet
  facet normal -0.300098 0 0.953908
    outer loop
      vertex 25.1629 10.7 105.005
      vertex 24.88 49.3 104.916
      vertex 24.88 10.7 104.916
    endloop
  endfacet
  facet normal -0.300098 0 0.953908
    outer loop
      vertex 24.88 76.7 104.916
      vertex 25.1629 68.7 105.005
      vertex 25.1629 76.7 105.005
    endloop
  endfacet
  facet normal -0.300098 0 0.953908
    outer loop
      vertex 25.1629 68.7 105.005
      vertex 24.88 76.7 104.916
      vertex 24.88 68.7 104.916
    endloop
  endfacet
  facet normal -0.7929 0 -0.609352
    outer loop
      vertex 26.7851 10.7 110.15
      vertex 26.6045 49.3 110.385
      vertex 26.7851 49.3 110.15
    endloop
  endfacet
  facet normal -0.7929 -0 -0.609352
    outer loop
      vertex 26.6045 49.3 110.385
      vertex 26.7851 10.7 110.15
      vertex 26.6045 10.7 110.385
    endloop
  endfacet
  facet normal -0.7929 0 -0.609352
    outer loop
      vertex 26.7851 68.7 110.15
      vertex 26.6045 76.7 110.385
      vertex 26.7851 76.7 110.15
    endloop
  endfacet
  facet normal -0.7929 -0 -0.609352
    outer loop
      vertex 26.6045 76.7 110.385
      vertex 26.7851 68.7 110.15
      vertex 26.6045 68.7 110.385
    endloop
  endfacet
  facet normal 0.953842 0 -0.300309
    outer loop
      vertex 20.805 10.7 109.363
      vertex 20.7159 49.3 109.08
      vertex 20.805 49.3 109.363
    endloop
  endfacet
  facet normal 0.953842 0 -0.300309
    outer loop
      vertex 20.7159 49.3 109.08
      vertex 20.805 10.7 109.363
      vertex 20.7159 10.7 109.08
    endloop
  endfacet
  facet normal 0.953842 0 -0.300309
    outer loop
      vertex 20.805 68.7 109.363
      vertex 20.7159 76.7 109.08
      vertex 20.805 76.7 109.363
    endloop
  endfacet
  facet normal 0.953842 0 -0.300309
    outer loop
      vertex 20.7159 76.7 109.08
      vertex 20.805 68.7 109.363
      vertex 20.7159 68.7 109.08
    endloop
  endfacet
  facet normal 0.676684 0 -0.736273
    outer loop
      vertex 21.5958 10.7 110.604
      vertex 21.8145 49.3 110.805
      vertex 21.8145 10.7 110.805
    endloop
  endfacet
  facet normal 0.676684 0 -0.736273
    outer loop
      vertex 21.8145 49.3 110.805
      vertex 21.5958 10.7 110.604
      vertex 21.5958 49.3 110.604
    endloop
  endfacet
  facet normal 0.676684 0 -0.736273
    outer loop
      vertex 21.5958 68.7 110.604
      vertex 21.8145 76.7 110.805
      vertex 21.8145 68.7 110.805
    endloop
  endfacet
  facet normal 0.676684 0 -0.736273
    outer loop
      vertex 21.8145 76.7 110.805
      vertex 21.5958 68.7 110.604
      vertex 21.5958 76.7 110.604
    endloop
  endfacet
  facet normal 0.793063 0 -0.60914
    outer loop
      vertex 21.3954 10.7 110.385
      vertex 21.2149 49.3 110.15
      vertex 21.3954 49.3 110.385
    endloop
  endfacet
  facet normal 0.793063 0 -0.60914
    outer loop
      vertex 21.2149 49.3 110.15
      vertex 21.3954 10.7 110.385
      vertex 21.2149 10.7 110.15
    endloop
  endfacet
  facet normal 0.793063 0 -0.60914
    outer loop
      vertex 21.3954 68.7 110.385
      vertex 21.2149 76.7 110.15
      vertex 21.3954 76.7 110.385
    endloop
  endfacet
  facet normal 0.793063 0 -0.60914
    outer loop
      vertex 21.2149 76.7 110.15
      vertex 21.3954 68.7 110.385
      vertex 21.2149 68.7 110.15
    endloop
  endfacet
  facet normal -0.999052 0 -0.0435398
    outer loop
      vertex 27.4 10.7 108.2
      vertex 27.3871 49.3 108.496
      vertex 27.4 49.3 108.2
    endloop
  endfacet
  facet normal -0.999052 -0 -0.0435398
    outer loop
      vertex 27.3871 49.3 108.496
      vertex 27.4 10.7 108.2
      vertex 27.3871 10.7 108.496
    endloop
  endfacet
  facet normal -0.999052 0 -0.0435398
    outer loop
      vertex 27.4 68.7 108.2
      vertex 27.3871 76.7 108.496
      vertex 27.4 76.7 108.2
    endloop
  endfacet
  facet normal -0.999052 -0 -0.0435398
    outer loop
      vertex 27.3871 76.7 108.496
      vertex 27.4 68.7 108.2
      vertex 27.3871 68.7 108.496
    endloop
  endfacet
  facet normal -0.607588 0 -0.794252
    outer loop
      vertex 25.9502 10.7 110.985
      vertex 26.1855 49.3 110.805
      vertex 26.1855 10.7 110.805
    endloop
  endfacet
  facet normal -0.607588 0 -0.794252
    outer loop
      vertex 26.1855 49.3 110.805
      vertex 25.9502 10.7 110.985
      vertex 25.9502 49.3 110.985
    endloop
  endfacet
  facet normal -0.607588 0 -0.794252
    outer loop
      vertex 25.9502 68.7 110.985
      vertex 26.1855 76.7 110.805
      vertex 26.1855 68.7 110.805
    endloop
  endfacet
  facet normal -0.607588 0 -0.794252
    outer loop
      vertex 26.1855 76.7 110.805
      vertex 25.9502 68.7 110.985
      vertex 25.9502 76.7 110.985
    endloop
  endfacet
  facet normal -0.384137 0 0.923276
    outer loop
      vertex 25.1629 49.3 105.005
      vertex 25.4369 10.7 105.119
      vertex 25.4369 49.3 105.119
    endloop
  endfacet
  facet normal -0.384137 0 0.923276
    outer loop
      vertex 25.4369 10.7 105.119
      vertex 25.1629 49.3 105.005
      vertex 25.1629 10.7 105.005
    endloop
  endfacet
  facet normal -0.384137 0 0.923276
    outer loop
      vertex 25.1629 76.7 105.005
      vertex 25.4369 68.7 105.119
      vertex 25.4369 76.7 105.119
    endloop
  endfacet
  facet normal -0.384137 0 0.923276
    outer loop
      vertex 25.4369 68.7 105.119
      vertex 25.1629 76.7 105.005
      vertex 25.1629 68.7 105.005
    endloop
  endfacet
  facet normal 0.607588 0 -0.794252
    outer loop
      vertex 21.8145 10.7 110.805
      vertex 22.0498 49.3 110.985
      vertex 22.0498 10.7 110.985
    endloop
  endfacet
  facet normal 0.607588 0 -0.794252
    outer loop
      vertex 22.0498 49.3 110.985
      vertex 21.8145 10.7 110.805
      vertex 21.8145 49.3 110.805
    endloop
  endfacet
  facet normal 0.607588 0 -0.794252
    outer loop
      vertex 21.8145 68.7 110.805
      vertex 22.0498 76.7 110.985
      vertex 22.0498 68.7 110.985
    endloop
  endfacet
  facet normal 0.607588 0 -0.794252
    outer loop
      vertex 22.0498 76.7 110.985
      vertex 21.8145 68.7 110.805
      vertex 21.8145 76.7 110.805
    endloop
  endfacet
  facet normal 0.384137 0 0.923276
    outer loop
      vertex 22.5631 49.3 105.119
      vertex 22.8371 10.7 105.005
      vertex 22.8371 49.3 105.005
    endloop
  endfacet
  facet normal 0.384137 0 0.923276
    outer loop
      vertex 22.8371 10.7 105.005
      vertex 22.5631 49.3 105.119
      vertex 22.5631 10.7 105.119
    endloop
  endfacet
  facet normal 0.384137 0 0.923276
    outer loop
      vertex 22.5631 76.7 105.119
      vertex 22.8371 68.7 105.005
      vertex 22.8371 76.7 105.005
    endloop
  endfacet
  facet normal 0.384137 0 0.923276
    outer loop
      vertex 22.8371 68.7 105.005
      vertex 22.5631 76.7 105.119
      vertex 22.5631 68.7 105.119
    endloop
  endfacet
  facet normal -0.737909 0 0.6749
    outer loop
      vertex 26.4042 10.7 105.796
      vertex 26.6045 49.3 106.015
      vertex 26.4042 49.3 105.796
    endloop
  endfacet
  facet normal -0.737909 0 0.6749
    outer loop
      vertex 26.6045 49.3 106.015
      vertex 26.4042 10.7 105.796
      vertex 26.6045 10.7 106.015
    endloop
  endfacet
  facet normal -0.737909 0 0.6749
    outer loop
      vertex 26.4042 68.7 105.796
      vertex 26.6045 76.7 106.015
      vertex 26.4042 76.7 105.796
    endloop
  endfacet
  facet normal -0.737909 0 0.6749
    outer loop
      vertex 26.6045 76.7 106.015
      vertex 26.4042 68.7 105.796
      vertex 26.6045 68.7 106.015
    endloop
  endfacet
  facet normal -0.676684 0 0.736273
    outer loop
      vertex 26.1855 49.3 105.595
      vertex 26.4042 10.7 105.796
      vertex 26.4042 49.3 105.796
    endloop
  endfacet
  facet normal -0.676684 0 0.736273
    outer loop
      vertex 26.4042 10.7 105.796
      vertex 26.1855 49.3 105.595
      vertex 26.1855 10.7 105.595
    endloop
  endfacet
  facet normal -0.676684 0 0.736273
    outer loop
      vertex 26.1855 76.7 105.595
      vertex 26.4042 68.7 105.796
      vertex 26.4042 76.7 105.796
    endloop
  endfacet
  facet normal -0.676684 0 0.736273
    outer loop
      vertex 26.4042 68.7 105.796
      vertex 26.1855 76.7 105.595
      vertex 26.1855 68.7 105.595
    endloop
  endfacet
  facet normal 0.991404 0 -0.130838
    outer loop
      vertex 20.6517 10.7 108.79
      vertex 20.6129 49.3 108.496
      vertex 20.6517 49.3 108.79
    endloop
  endfacet
  facet normal 0.991404 0 -0.130838
    outer loop
      vertex 20.6129 49.3 108.496
      vertex 20.6517 10.7 108.79
      vertex 20.6129 10.7 108.496
    endloop
  endfacet
  facet normal 0.991404 0 -0.130838
    outer loop
      vertex 20.6517 68.7 108.79
      vertex 20.6129 76.7 108.496
      vertex 20.6517 76.7 108.79
    endloop
  endfacet
  facet normal 0.991404 0 -0.130838
    outer loop
      vertex 20.6129 76.7 108.496
      vertex 20.6517 68.7 108.79
      vertex 20.6129 68.7 108.496
    endloop
  endfacet
  facet normal 0.384137 0 -0.923276
    outer loop
      vertex 22.5631 10.7 111.281
      vertex 22.8371 49.3 111.395
      vertex 22.8371 10.7 111.395
    endloop
  endfacet
  facet normal 0.384137 0 -0.923276
    outer loop
      vertex 22.8371 49.3 111.395
      vertex 22.5631 10.7 111.281
      vertex 22.5631 49.3 111.281
    endloop
  endfacet
  facet normal 0.384137 0 -0.923276
    outer loop
      vertex 22.5631 68.7 111.281
      vertex 22.8371 76.7 111.395
      vertex 22.8371 68.7 111.395
    endloop
  endfacet
  facet normal 0.384137 0 -0.923276
    outer loop
      vertex 22.8371 76.7 111.395
      vertex 22.5631 68.7 111.281
      vertex 22.5631 76.7 111.281
    endloop
  endfacet
  facet normal 0.131457 0 -0.991322
    outer loop
      vertex 23.4096 10.7 111.548
      vertex 23.7037 49.3 111.587
      vertex 23.7037 10.7 111.587
    endloop
  endfacet
  facet normal 0.131457 0 -0.991322
    outer loop
      vertex 23.7037 49.3 111.587
      vertex 23.4096 10.7 111.548
      vertex 23.4096 49.3 111.548
    endloop
  endfacet
  facet normal 0.131457 0 -0.991322
    outer loop
      vertex 23.4096 68.7 111.548
      vertex 23.7037 76.7 111.587
      vertex 23.7037 68.7 111.587
    endloop
  endfacet
  facet normal 0.131457 0 -0.991322
    outer loop
      vertex 23.7037 76.7 111.587
      vertex 23.4096 68.7 111.548
      vertex 23.4096 76.7 111.548
    endloop
  endfacet
  facet normal 0.300098 0 -0.953908
    outer loop
      vertex 22.8371 10.7 111.395
      vertex 23.12 49.3 111.484
      vertex 23.12 10.7 111.484
    endloop
  endfacet
  facet normal 0.300098 0 -0.953908
    outer loop
      vertex 23.12 49.3 111.484
      vertex 22.8371 10.7 111.395
      vertex 22.8371 49.3 111.395
    endloop
  endfacet
  facet normal 0.300098 0 -0.953908
    outer loop
      vertex 22.8371 68.7 111.395
      vertex 23.12 76.7 111.484
      vertex 23.12 68.7 111.484
    endloop
  endfacet
  facet normal 0.300098 0 -0.953908
    outer loop
      vertex 23.12 76.7 111.484
      vertex 22.8371 68.7 111.395
      vertex 22.8371 76.7 111.395
    endloop
  endfacet
  facet normal -0.887023 0 0.461724
    outer loop
      vertex 26.9445 10.7 106.5
      vertex 27.0814 49.3 106.763
      vertex 26.9445 49.3 106.5
    endloop
  endfacet
  facet normal -0.887023 0 0.461724
    outer loop
      vertex 27.0814 49.3 106.763
      vertex 26.9445 10.7 106.5
      vertex 27.0814 10.7 106.763
    endloop
  endfacet
  facet normal -0.887023 0 0.461724
    outer loop
      vertex 26.9445 68.7 106.5
      vertex 27.0814 76.7 106.763
      vertex 26.9445 76.7 106.5
    endloop
  endfacet
  facet normal -0.887023 0 0.461724
    outer loop
      vertex 27.0814 76.7 106.763
      vertex 26.9445 68.7 106.5
      vertex 27.0814 68.7 106.763
    endloop
  endfacet
  facet normal 0.737741 0 -0.675084
    outer loop
      vertex 21.5958 10.7 110.604
      vertex 21.3954 49.3 110.385
      vertex 21.5958 49.3 110.604
    endloop
  endfacet
  facet normal 0.737741 0 -0.675084
    outer loop
      vertex 21.3954 49.3 110.385
      vertex 21.5958 10.7 110.604
      vertex 21.3954 10.7 110.385
    endloop
  endfacet
  facet normal 0.737741 0 -0.675084
    outer loop
      vertex 21.5958 68.7 110.604
      vertex 21.3954 76.7 110.385
      vertex 21.5958 76.7 110.604
    endloop
  endfacet
  facet normal 0.737741 0 -0.675084
    outer loop
      vertex 21.3954 76.7 110.385
      vertex 21.5958 68.7 110.604
      vertex 21.3954 68.7 110.385
    endloop
  endfacet
  facet normal -0.991404 0 0.130838
    outer loop
      vertex 27.3483 10.7 107.61
      vertex 27.3871 49.3 107.904
      vertex 27.3483 49.3 107.61
    endloop
  endfacet
  facet normal -0.991404 0 0.130838
    outer loop
      vertex 27.3871 49.3 107.904
      vertex 27.3483 10.7 107.61
      vertex 27.3871 10.7 107.904
    endloop
  endfacet
  facet normal -0.991404 0 0.130838
    outer loop
      vertex 27.3483 68.7 107.61
      vertex 27.3871 76.7 107.904
      vertex 27.3483 76.7 107.61
    endloop
  endfacet
  facet normal -0.991404 0 0.130838
    outer loop
      vertex 27.3871 76.7 107.904
      vertex 27.3483 68.7 107.61
      vertex 27.3871 68.7 107.904
    endloop
  endfacet
  facet normal -0.999052 0 0.0435398
    outer loop
      vertex 27.3871 10.7 107.904
      vertex 27.4 49.3 108.2
      vertex 27.3871 49.3 107.904
    endloop
  endfacet
  facet normal -0.999052 0 0.0435398
    outer loop
      vertex 27.4 49.3 108.2
      vertex 27.3871 10.7 107.904
      vertex 27.4 10.7 108.2
    endloop
  endfacet
  facet normal -0.999052 0 0.0435398
    outer loop
      vertex 27.3871 68.7 107.904
      vertex 27.4 76.7 108.2
      vertex 27.3871 76.7 107.904
    endloop
  endfacet
  facet normal -0.999052 0 0.0435398
    outer loop
      vertex 27.4 76.7 108.2
      vertex 27.3871 68.7 107.904
      vertex 27.4 68.7 108.2
    endloop
  endfacet
  facet normal -0.953842 0 0.300309
    outer loop
      vertex 27.195 10.7 107.037
      vertex 27.2841 49.3 107.32
      vertex 27.195 49.3 107.037
    endloop
  endfacet
  facet normal -0.953842 0 0.300309
    outer loop
      vertex 27.2841 49.3 107.32
      vertex 27.195 10.7 107.037
      vertex 27.2841 10.7 107.32
    endloop
  endfacet
  facet normal -0.953842 0 0.300309
    outer loop
      vertex 27.195 68.7 107.037
      vertex 27.2841 76.7 107.32
      vertex 27.195 76.7 107.037
    endloop
  endfacet
  facet normal -0.953842 0 0.300309
    outer loop
      vertex 27.2841 76.7 107.32
      vertex 27.195 68.7 107.037
      vertex 27.2841 68.7 107.32
    endloop
  endfacet
  facet normal 0.999052 0 -0.0435398
    outer loop
      vertex 20.6129 10.7 108.496
      vertex 20.6 49.3 108.2
      vertex 20.6129 49.3 108.496
    endloop
  endfacet
  facet normal 0.999052 0 -0.0435398
    outer loop
      vertex 20.6 49.3 108.2
      vertex 20.6129 10.7 108.496
      vertex 20.6 10.7 108.2
    endloop
  endfacet
  facet normal 0.999052 0 -0.0435398
    outer loop
      vertex 20.6129 68.7 108.496
      vertex 20.6 76.7 108.2
      vertex 20.6129 76.7 108.496
    endloop
  endfacet
  facet normal 0.999052 0 -0.0435398
    outer loop
      vertex 20.6 76.7 108.2
      vertex 20.6129 68.7 108.496
      vertex 20.6 68.7 108.2
    endloop
  endfacet
  facet normal -0.300098 0 -0.953908
    outer loop
      vertex 24.88 10.7 111.484
      vertex 25.1629 49.3 111.395
      vertex 25.1629 10.7 111.395
    endloop
  endfacet
  facet normal -0.300098 0 -0.953908
    outer loop
      vertex 25.1629 49.3 111.395
      vertex 24.88 10.7 111.484
      vertex 24.88 49.3 111.484
    endloop
  endfacet
  facet normal -0.300098 0 -0.953908
    outer loop
      vertex 24.88 68.7 111.484
      vertex 25.1629 76.7 111.395
      vertex 25.1629 68.7 111.395
    endloop
  endfacet
  facet normal -0.300098 0 -0.953908
    outer loop
      vertex 25.1629 76.7 111.395
      vertex 24.88 68.7 111.484
      vertex 24.88 76.7 111.484
    endloop
  endfacet
  facet normal -0.991404 0 -0.130838
    outer loop
      vertex 27.3871 10.7 108.496
      vertex 27.3483 49.3 108.79
      vertex 27.3871 49.3 108.496
    endloop
  endfacet
  facet normal -0.991404 -0 -0.130838
    outer loop
      vertex 27.3483 49.3 108.79
      vertex 27.3871 10.7 108.496
      vertex 27.3483 10.7 108.79
    endloop
  endfacet
  facet normal -0.991404 0 -0.130838
    outer loop
      vertex 27.3871 68.7 108.496
      vertex 27.3483 76.7 108.79
      vertex 27.3871 76.7 108.496
    endloop
  endfacet
  facet normal -0.991404 -0 -0.130838
    outer loop
      vertex 27.3483 76.7 108.79
      vertex 27.3871 68.7 108.496
      vertex 27.3483 68.7 108.79
    endloop
  endfacet
  facet normal -0.843189 0 0.537617
    outer loop
      vertex 26.7851 10.7 106.25
      vertex 26.9445 49.3 106.5
      vertex 26.7851 49.3 106.25
    endloop
  endfacet
  facet normal -0.843189 0 0.537617
    outer loop
      vertex 26.9445 49.3 106.5
      vertex 26.7851 10.7 106.25
      vertex 26.9445 10.7 106.5
    endloop
  endfacet
  facet normal -0.843189 0 0.537617
    outer loop
      vertex 26.7851 68.7 106.25
      vertex 26.9445 76.7 106.5
      vertex 26.7851 76.7 106.25
    endloop
  endfacet
  facet normal -0.843189 0 0.537617
    outer loop
      vertex 26.9445 76.7 106.5
      vertex 26.7851 68.7 106.25
      vertex 26.9445 68.7 106.5
    endloop
  endfacet
  facet normal -0.0438323 0 0.999039
    outer loop
      vertex 24 49.3 104.8
      vertex 24.2963 10.7 104.813
      vertex 24.2963 49.3 104.813
    endloop
  endfacet
  facet normal -0.0438323 0 0.999039
    outer loop
      vertex 24.2963 10.7 104.813
      vertex 24 49.3 104.8
      vertex 24 10.7 104.8
    endloop
  endfacet
  facet normal -0.0438323 0 0.999039
    outer loop
      vertex 24 76.7 104.8
      vertex 24.2963 68.7 104.813
      vertex 24.2963 76.7 104.813
    endloop
  endfacet
  facet normal -0.0438323 0 0.999039
    outer loop
      vertex 24.2963 68.7 104.813
      vertex 24 76.7 104.8
      vertex 24 68.7 104.8
    endloop
  endfacet
  facet normal 0.923754 -0 0.382987
    outer loop
      vertex 20.805 10.7 107.037
      vertex 20.9186 49.3 106.763
      vertex 20.805 49.3 107.037
    endloop
  endfacet
  facet normal 0.923754 0 0.382987
    outer loop
      vertex 20.9186 49.3 106.763
      vertex 20.805 10.7 107.037
      vertex 20.9186 10.7 106.763
    endloop
  endfacet
  facet normal 0.923754 -0 0.382987
    outer loop
      vertex 20.805 68.7 107.037
      vertex 20.9186 76.7 106.763
      vertex 20.805 76.7 107.037
    endloop
  endfacet
  facet normal 0.923754 0 0.382987
    outer loop
      vertex 20.9186 76.7 106.763
      vertex 20.805 68.7 107.037
      vertex 20.9186 68.7 106.763
    endloop
  endfacet
  facet normal 0.461852 0 -0.886957
    outer loop
      vertex 22.3 10.7 111.144
      vertex 22.5631 49.3 111.281
      vertex 22.5631 10.7 111.281
    endloop
  endfacet
  facet normal 0.461852 0 -0.886957
    outer loop
      vertex 22.5631 49.3 111.281
      vertex 22.3 10.7 111.144
      vertex 22.3 49.3 111.144
    endloop
  endfacet
  facet normal 0.461852 0 -0.886957
    outer loop
      vertex 22.3 68.7 111.144
      vertex 22.5631 76.7 111.281
      vertex 22.5631 68.7 111.281
    endloop
  endfacet
  facet normal 0.461852 0 -0.886957
    outer loop
      vertex 22.5631 76.7 111.281
      vertex 22.3 68.7 111.144
      vertex 22.3 76.7 111.144
    endloop
  endfacet
  facet normal -0.215788 0 -0.97644
    outer loop
      vertex 24.5904 10.7 111.548
      vertex 24.88 49.3 111.484
      vertex 24.88 10.7 111.484
    endloop
  endfacet
  facet normal -0.215788 0 -0.97644
    outer loop
      vertex 24.88 49.3 111.484
      vertex 24.5904 10.7 111.548
      vertex 24.5904 49.3 111.548
    endloop
  endfacet
  facet normal -0.215788 0 -0.97644
    outer loop
      vertex 24.5904 68.7 111.548
      vertex 24.88 76.7 111.484
      vertex 24.88 68.7 111.484
    endloop
  endfacet
  facet normal -0.215788 0 -0.97644
    outer loop
      vertex 24.88 76.7 111.484
      vertex 24.5904 68.7 111.548
      vertex 24.5904 76.7 111.548
    endloop
  endfacet
  facet normal -0.131457 0 0.991322
    outer loop
      vertex 24.2963 49.3 104.813
      vertex 24.5904 10.7 104.852
      vertex 24.5904 49.3 104.852
    endloop
  endfacet
  facet normal -0.131457 0 0.991322
    outer loop
      vertex 24.5904 10.7 104.852
      vertex 24.2963 49.3 104.813
      vertex 24.2963 10.7 104.813
    endloop
  endfacet
  facet normal -0.131457 0 0.991322
    outer loop
      vertex 24.2963 76.7 104.813
      vertex 24.5904 68.7 104.852
      vertex 24.5904 76.7 104.852
    endloop
  endfacet
  facet normal -0.131457 0 0.991322
    outer loop
      vertex 24.5904 68.7 104.852
      vertex 24.2963 76.7 104.813
      vertex 24.2963 68.7 104.813
    endloop
  endfacet
  facet normal 0.843189 0 -0.537617
    outer loop
      vertex 21.2149 10.7 110.15
      vertex 21.0555 49.3 109.9
      vertex 21.2149 49.3 110.15
    endloop
  endfacet
  facet normal 0.843189 0 -0.537617
    outer loop
      vertex 21.0555 49.3 109.9
      vertex 21.2149 10.7 110.15
      vertex 21.0555 10.7 109.9
    endloop
  endfacet
  facet normal 0.843189 0 -0.537617
    outer loop
      vertex 21.2149 68.7 110.15
      vertex 21.0555 76.7 109.9
      vertex 21.2149 76.7 110.15
    endloop
  endfacet
  facet normal 0.843189 0 -0.537617
    outer loop
      vertex 21.0555 76.7 109.9
      vertex 21.2149 68.7 110.15
      vertex 21.0555 68.7 109.9
    endloop
  endfacet
  facet normal 0.843189 -0 0.537617
    outer loop
      vertex 21.0555 10.7 106.5
      vertex 21.2149 49.3 106.25
      vertex 21.0555 49.3 106.5
    endloop
  endfacet
  facet normal 0.843189 0 0.537617
    outer loop
      vertex 21.2149 49.3 106.25
      vertex 21.0555 10.7 106.5
      vertex 21.2149 10.7 106.25
    endloop
  endfacet
  facet normal 0.843189 -0 0.537617
    outer loop
      vertex 21.0555 68.7 106.5
      vertex 21.2149 76.7 106.25
      vertex 21.0555 76.7 106.5
    endloop
  endfacet
  facet normal 0.843189 0 0.537617
    outer loop
      vertex 21.2149 76.7 106.25
      vertex 21.0555 68.7 106.5
      vertex 21.2149 68.7 106.25
    endloop
  endfacet
  facet normal 0.991404 -0 0.130838
    outer loop
      vertex 20.6129 10.7 107.904
      vertex 20.6517 49.3 107.61
      vertex 20.6129 49.3 107.904
    endloop
  endfacet
  facet normal 0.991404 0 0.130838
    outer loop
      vertex 20.6517 49.3 107.61
      vertex 20.6129 10.7 107.904
      vertex 20.6517 10.7 107.61
    endloop
  endfacet
  facet normal 0.991404 -0 0.130838
    outer loop
      vertex 20.6129 68.7 107.904
      vertex 20.6517 76.7 107.61
      vertex 20.6129 76.7 107.904
    endloop
  endfacet
  facet normal 0.991404 0 0.130838
    outer loop
      vertex 20.6517 76.7 107.61
      vertex 20.6129 68.7 107.904
      vertex 20.6517 68.7 107.61
    endloop
  endfacet
  facet normal 0.536352 0 0.843995
    outer loop
      vertex 22.0498 49.3 105.415
      vertex 22.3 10.7 105.256
      vertex 22.3 49.3 105.256
    endloop
  endfacet
  facet normal 0.536352 0 0.843995
    outer loop
      vertex 22.3 10.7 105.256
      vertex 22.0498 49.3 105.415
      vertex 22.0498 10.7 105.415
    endloop
  endfacet
  facet normal 0.536352 0 0.843995
    outer loop
      vertex 22.0498 76.7 105.415
      vertex 22.3 68.7 105.256
      vertex 22.3 76.7 105.256
    endloop
  endfacet
  facet normal 0.536352 0 0.843995
    outer loop
      vertex 22.3 68.7 105.256
      vertex 22.0498 76.7 105.415
      vertex 22.0498 68.7 105.415
    endloop
  endfacet
  facet normal 0.131457 0 0.991322
    outer loop
      vertex 23.4096 49.3 104.852
      vertex 23.7037 10.7 104.813
      vertex 23.7037 49.3 104.813
    endloop
  endfacet
  facet normal 0.131457 0 0.991322
    outer loop
      vertex 23.7037 10.7 104.813
      vertex 23.4096 49.3 104.852
      vertex 23.4096 10.7 104.852
    endloop
  endfacet
  facet normal 0.131457 0 0.991322
    outer loop
      vertex 23.4096 76.7 104.852
      vertex 23.7037 68.7 104.813
      vertex 23.7037 76.7 104.813
    endloop
  endfacet
  facet normal 0.131457 0 0.991322
    outer loop
      vertex 23.7037 68.7 104.813
      vertex 23.4096 76.7 104.852
      vertex 23.4096 68.7 104.852
    endloop
  endfacet
  facet normal 0.976361 -0 0.216146
    outer loop
      vertex 20.6517 10.7 107.61
      vertex 20.7159 49.3 107.32
      vertex 20.6517 49.3 107.61
    endloop
  endfacet
  facet normal 0.976361 0 0.216146
    outer loop
      vertex 20.7159 49.3 107.32
      vertex 20.6517 10.7 107.61
      vertex 20.7159 10.7 107.32
    endloop
  endfacet
  facet normal 0.976361 -0 0.216146
    outer loop
      vertex 20.6517 68.7 107.61
      vertex 20.7159 76.7 107.32
      vertex 20.6517 76.7 107.61
    endloop
  endfacet
  facet normal 0.976361 0 0.216146
    outer loop
      vertex 20.7159 76.7 107.32
      vertex 20.6517 68.7 107.61
      vertex 20.7159 68.7 107.32
    endloop
  endfacet
  facet normal 0.793063 -0 0.60914
    outer loop
      vertex 21.2149 10.7 106.25
      vertex 21.3954 49.3 106.015
      vertex 21.2149 49.3 106.25
    endloop
  endfacet
  facet normal 0.793063 0 0.60914
    outer loop
      vertex 21.3954 49.3 106.015
      vertex 21.2149 10.7 106.25
      vertex 21.3954 10.7 106.015
    endloop
  endfacet
  facet normal 0.793063 -0 0.60914
    outer loop
      vertex 21.2149 68.7 106.25
      vertex 21.3954 76.7 106.015
      vertex 21.2149 76.7 106.25
    endloop
  endfacet
  facet normal 0.793063 0 0.60914
    outer loop
      vertex 21.3954 76.7 106.015
      vertex 21.2149 68.7 106.25
      vertex 21.3954 68.7 106.015
    endloop
  endfacet
  facet normal -0.461852 0 0.886957
    outer loop
      vertex 25.4369 49.3 105.119
      vertex 25.7 10.7 105.256
      vertex 25.7 49.3 105.256
    endloop
  endfacet
  facet normal -0.461852 0 0.886957
    outer loop
      vertex 25.7 10.7 105.256
      vertex 25.4369 49.3 105.119
      vertex 25.4369 10.7 105.119
    endloop
  endfacet
  facet normal -0.461852 0 0.886957
    outer loop
      vertex 25.4369 76.7 105.119
      vertex 25.7 68.7 105.256
      vertex 25.7 76.7 105.256
    endloop
  endfacet
  facet normal -0.461852 0 0.886957
    outer loop
      vertex 25.7 68.7 105.256
      vertex 25.4369 76.7 105.119
      vertex 25.4369 68.7 105.119
    endloop
  endfacet
  facet normal 0.887023 -0 0.461724
    outer loop
      vertex 20.9186 10.7 106.763
      vertex 21.0555 49.3 106.5
      vertex 20.9186 49.3 106.763
    endloop
  endfacet
  facet normal 0.887023 0 0.461724
    outer loop
      vertex 21.0555 49.3 106.5
      vertex 20.9186 10.7 106.763
      vertex 21.0555 10.7 106.5
    endloop
  endfacet
  facet normal 0.887023 -0 0.461724
    outer loop
      vertex 20.9186 68.7 106.763
      vertex 21.0555 76.7 106.5
      vertex 20.9186 76.7 106.763
    endloop
  endfacet
  facet normal 0.887023 0 0.461724
    outer loop
      vertex 21.0555 76.7 106.5
      vertex 20.9186 68.7 106.763
      vertex 21.0555 68.7 106.5
    endloop
  endfacet
  facet normal -1 0 0
    outer loop
      vertex 18 76.7 91.4
      vertex 18 68.7 95.4
      vertex 18 76.7 104.602
    endloop
  endfacet
  facet normal -1 0 0
    outer loop
      vertex 18 57.6014 91.4
      vertex 18 68.7 95.4
      vertex 18 76.7 91.4
    endloop
  endfacet
  facet normal -1 0 0
    outer loop
      vertex 18 57.6014 92.4
      vertex 18 68.7 95.4
      vertex 18 57.6014 91.4
    endloop
  endfacet
  facet normal -1 0 0
    outer loop
      vertex 18 57.6014 92.4
      vertex 18 46 95.4
      vertex 18 68.7 95.4
    endloop
  endfacet
  facet normal -1 0 0
    outer loop
      vertex 18 14 92.4
      vertex 18 46 95.4
      vertex 18 57.6014 92.4
    endloop
  endfacet
  facet normal -1 0 0
    outer loop
      vertex 18 14 100.211
      vertex 18 46 95.4
      vertex 18 14 92.4
    endloop
  endfacet
  facet normal -1 0 0
    outer loop
      vertex 18 46 95.4
      vertex 18 14 100.211
      vertex 18 46 100.211
    endloop
  endfacet
  facet normal -1 -0 0
    outer loop
      vertex 18 76.7 104.602
      vertex 18 68.7 95.4
      vertex 18 68.7 104.602
    endloop
  endfacet
  facet normal 1 0 0
    outer loop
      vertex 30 46 100.211
      vertex 30 14 100.211
      vertex 30 46 95.4
    endloop
  endfacet
  facet normal 1 -0 0
    outer loop
      vertex 30 46 95.4
      vertex 30 49.1136 92.4
      vertex 30 68.7 95.4
    endloop
  endfacet
  facet normal 1 0 0
    outer loop
      vertex 30 14 92.4
      vertex 30 46 95.4
      vertex 30 14 100.211
    endloop
  endfacet
  facet normal 1 0 0
    outer loop
      vertex 30 46 95.4
      vertex 30 14 92.4
      vertex 30 49.1136 92.4
    endloop
  endfacet
  facet normal 1 0 0
    outer loop
      vertex 30 68.7 95.4
      vertex 30 76.7 101.2
      vertex 30 68.7 101.2
    endloop
  endfacet
  facet normal 1 0 0
    outer loop
      vertex 30 76.7 101.2
      vertex 30 68.7 95.4
      vertex 30 76.7 91.4
    endloop
  endfacet
  facet normal 1 0 0
    outer loop
      vertex 30 49.1136 91.4
      vertex 30 68.7 95.4
      vertex 30 49.1136 92.4
    endloop
  endfacet
  facet normal 1 0 0
    outer loop
      vertex 30 68.7 95.4
      vertex 30 49.1136 91.4
      vertex 30 76.7 91.4
    endloop
  endfacet
  facet normal 0 0 -1
    outer loop
      vertex 18 57.6014 91.4
      vertex 30 76.7 91.4
      vertex 30 49.1136 91.4
    endloop
  endfacet
  facet normal -0 0 -1
    outer loop
      vertex 30 76.7 91.4
      vertex 18 57.6014 91.4
      vertex 18 76.7 91.4
    endloop
  endfacet
  facet normal 0 1 0
    outer loop
      vertex 24.8716 46 98.2381
      vertex 30 46 95.4
      vertex 24 46 98.2
    endloop
  endfacet
  facet normal 0 1 0
    outer loop
      vertex 25.7365 46 98.3519
      vertex 30 46 95.4
      vertex 24.8716 46 98.2381
    endloop
  endfacet
  facet normal 0 1 0
    outer loop
      vertex 26.5882 46 98.5407
      vertex 30 46 95.4
      vertex 25.7365 46 98.3519
    endloop
  endfacet
  facet normal 0 1 0
    outer loop
      vertex 27.4202 46 98.8031
      vertex 30 46 95.4
      vertex 26.5882 46 98.5407
    endloop
  endfacet
  facet normal 0 1 0
    outer loop
      vertex 28.2262 46 99.1369
      vertex 30 46 95.4
      vertex 27.4202 46 98.8031
    endloop
  endfacet
  facet normal 0 1 0
    outer loop
      vertex 29 46 99.5397
      vertex 30 46 95.4
      vertex 28.2262 46 99.1369
    endloop
  endfacet
  facet normal 0 1 0
    outer loop
      vertex 29.7358 46 100.008
      vertex 30 46 95.4
      vertex 29 46 99.5397
    endloop
  endfacet
  facet normal 0 1 -0
    outer loop
      vertex 30 46 95.4
      vertex 29.7358 46 100.008
      vertex 30 46 100.211
    endloop
  endfacet
  facet normal 0 1 0
    outer loop
      vertex 18 46 95.4
      vertex 24 46 98.2
      vertex 30 46 95.4
    endloop
  endfacet
  facet normal 0 1 0
    outer loop
      vertex 24 46 98.2
      vertex 18 46 95.4
      vertex 23.1284 46 98.2381
    endloop
  endfacet
  facet normal 0 1 0
    outer loop
      vertex 23.1284 46 98.2381
      vertex 18 46 95.4
      vertex 22.2635 46 98.3519
    endloop
  endfacet
  facet normal 0 1 0
    outer loop
      vertex 22.2635 46 98.3519
      vertex 18 46 95.4
      vertex 21.4118 46 98.5407
    endloop
  endfacet
  facet normal 0 1 0
    outer loop
      vertex 18.2642 46 100.008
      vertex 18 46 95.4
      vertex 18 46 100.211
    endloop
  endfacet
  facet normal 0 1 0
    outer loop
      vertex 19 46 99.5397
      vertex 18 46 95.4
      vertex 18.2642 46 100.008
    endloop
  endfacet
  facet normal 0 1 0
    outer loop
      vertex 19.7738 46 99.1369
      vertex 18 46 95.4
      vertex 19 46 99.5397
    endloop
  endfacet
  facet normal 0 1 0
    outer loop
      vertex 20.5798 46 98.8031
      vertex 18 46 95.4
      vertex 19.7738 46 99.1369
    endloop
  endfacet
  facet normal 0 1 0
    outer loop
      vertex 21.4118 46 98.5407
      vertex 18 46 95.4
      vertex 20.5798 46 98.8031
    endloop
  endfacet
  facet normal 0 -1 -0
    outer loop
      vertex 23.1284 14 98.2381
      vertex 18 14 92.4
      vertex 24 14 98.2
    endloop
  endfacet
  facet normal 0 -1 -0
    outer loop
      vertex 22.2635 14 98.3519
      vertex 18 14 92.4
      vertex 23.1284 14 98.2381
    endloop
  endfacet
  facet normal 0 -1 -0
    outer loop
      vertex 21.4118 14 98.5407
      vertex 18 14 92.4
      vertex 22.2635 14 98.3519
    endloop
  endfacet
  facet normal 0 -1 -0
    outer loop
      vertex 20.5798 14 98.8031
      vertex 18 14 92.4
      vertex 21.4118 14 98.5407
    endloop
  endfacet
  facet normal 0 -1 -0
    outer loop
      vertex 19.7738 14 99.1369
      vertex 18 14 92.4
      vertex 20.5798 14 98.8031
    endloop
  endfacet
  facet normal 0 -1 -0
    outer loop
      vertex 19 14 99.5397
      vertex 18 14 92.4
      vertex 19.7738 14 99.1369
    endloop
  endfacet
  facet normal 0 -1 -0
    outer loop
      vertex 18.2642 14 100.008
      vertex 18 14 92.4
      vertex 19 14 99.5397
    endloop
  endfacet
  facet normal 0 -1 0
    outer loop
      vertex 18 14 92.4
      vertex 18.2642 14 100.008
      vertex 18 14 100.211
    endloop
  endfacet
  facet normal 0 -1 0
    outer loop
      vertex 30 14 92.4
      vertex 24 14 98.2
      vertex 18 14 92.4
    endloop
  endfacet
  facet normal 0 -1 0
    outer loop
      vertex 24 14 98.2
      vertex 30 14 92.4
      vertex 24.8716 14 98.2381
    endloop
  endfacet
  facet normal 0 -1 0
    outer loop
      vertex 24.8716 14 98.2381
      vertex 30 14 92.4
      vertex 25.7365 14 98.3519
    endloop
  endfacet
  facet normal 0 -1 0
    outer loop
      vertex 25.7365 14 98.3519
      vertex 30 14 92.4
      vertex 26.5882 14 98.5407
    endloop
  endfacet
  facet normal 0 -1 0
    outer loop
      vertex 26.5882 14 98.5407
      vertex 30 14 92.4
      vertex 27.4202 14 98.8031
    endloop
  endfacet
  facet normal 0 -1 0
    outer loop
      vertex 27.4202 14 98.8031
      vertex 30 14 92.4
      vertex 28.2262 14 99.1369
    endloop
  endfacet
  facet normal 0 -1 0
    outer loop
      vertex 28.2262 14 99.1369
      vertex 30 14 92.4
      vertex 29 14 99.5397
    endloop
  endfacet
  facet normal 0 -1 0
    outer loop
      vertex 29.7358 14 100.008
      vertex 30 14 92.4
      vertex 30 14 100.211
    endloop
  endfacet
  facet normal 0 -1 0
    outer loop
      vertex 29 14 99.5397
      vertex 30 14 92.4
      vertex 29.7358 14 100.008
    endloop
  endfacet
  facet normal -0 0 1
    outer loop
      vertex 18 68.7 95.4
      vertex 30 46 95.4
      vertex 30 68.7 95.4
    endloop
  endfacet
  facet normal 0 0 1
    outer loop
      vertex 30 46 95.4
      vertex 18 68.7 95.4
      vertex 18 46 95.4
    endloop
  endfacet
  facet normal 0 1 0
    outer loop
      vertex 73.5832 76.7 110.564
      vertex 76 76.7 115.2
      vertex 73.7908 76.7 110.591
    endloop
  endfacet
  facet normal 0 1 0
    outer loop
      vertex 76 76.7 115.2
      vertex 64.2092 76.7 110.591
      vertex 64 76.7 110.6
    endloop
  endfacet
  facet normal 0 1 0
    outer loop
      vertex 73.3788 76.7 110.518
      vertex 76 76.7 115.2
      vertex 73.5832 76.7 110.564
    endloop
  endfacet
  facet normal 0 1 0
    outer loop
      vertex 76 76.7 115.2
      vertex 64.4168 76.7 110.564
      vertex 64.2092 76.7 110.591
    endloop
  endfacet
  facet normal 0 1 0
    outer loop
      vertex 73.1792 76.7 110.455
      vertex 76 76.7 115.2
      vertex 73.3788 76.7 110.518
    endloop
  endfacet
  facet normal 0 1 0
    outer loop
      vertex 76 76.7 115.2
      vertex 64.6212 76.7 110.518
      vertex 64.4168 76.7 110.564
    endloop
  endfacet
  facet normal 0 1 0
    outer loop
      vertex 72.9857 76.7 110.375
      vertex 76 76.7 115.2
      vertex 73.1792 76.7 110.455
    endloop
  endfacet
  facet normal 0 1 0
    outer loop
      vertex 76 76.7 115.2
      vertex 64.8208 76.7 110.455
      vertex 64.6212 76.7 110.518
    endloop
  endfacet
  facet normal 0 1 0
    outer loop
      vertex 72.8 76.7 110.278
      vertex 76 76.7 115.2
      vertex 72.9857 76.7 110.375
    endloop
  endfacet
  facet normal 0 1 0
    outer loop
      vertex 76 76.7 115.2
      vertex 65.0143 76.7 110.375
      vertex 64.8208 76.7 110.455
    endloop
  endfacet
  facet normal 0 1 0
    outer loop
      vertex 65.2 76.7 110.278
      vertex 76 76.7 115.2
      vertex 72.8 76.7 110.278
    endloop
  endfacet
  facet normal 0 1 0
    outer loop
      vertex 76 76.7 115.2
      vertex 65.2 76.7 110.278
      vertex 65.0143 76.7 110.375
    endloop
  endfacet
  facet normal 0 1 -0
    outer loop
      vertex 72.6234 76.7 110.166
      vertex 65.2 76.7 110.278
      vertex 72.8 76.7 110.278
    endloop
  endfacet
  facet normal 0 1 0
    outer loop
      vertex 72.6234 76.7 110.166
      vertex 65.3766 76.7 110.166
      vertex 65.2 76.7 110.278
    endloop
  endfacet
  facet normal 0 1 -0
    outer loop
      vertex 72.4573 76.7 110.039
      vertex 65.3766 76.7 110.166
      vertex 72.6234 76.7 110.166
    endloop
  endfacet
  facet normal 0 1 0
    outer loop
      vertex 72.4573 76.7 110.039
      vertex 65.5427 76.7 110.039
      vertex 65.3766 76.7 110.166
    endloop
  endfacet
  facet normal 0 1 -0
    outer loop
      vertex 72.3029 76.7 109.897
      vertex 65.5427 76.7 110.039
      vertex 72.4573 76.7 110.039
    endloop
  endfacet
  facet normal 0 1 0
    outer loop
      vertex 72.3029 76.7 109.897
      vertex 65.6971 76.7 109.897
      vertex 65.5427 76.7 110.039
    endloop
  endfacet
  facet normal 0 1 -0
    outer loop
      vertex 72.1615 76.7 109.743
      vertex 65.6971 76.7 109.897
      vertex 72.3029 76.7 109.897
    endloop
  endfacet
  facet normal 0 1 0
    outer loop
      vertex 72.1615 76.7 109.743
      vertex 65.8385 76.7 109.743
      vertex 65.6971 76.7 109.897
    endloop
  endfacet
  facet normal 0 1 -0
    outer loop
      vertex 72.034 76.7 109.577
      vertex 65.8385 76.7 109.743
      vertex 72.1615 76.7 109.743
    endloop
  endfacet
  facet normal 0 1 0
    outer loop
      vertex 72.034 76.7 109.577
      vertex 65.966 76.7 109.577
      vertex 65.8385 76.7 109.743
    endloop
  endfacet
  facet normal 0 1 -0
    outer loop
      vertex 71.9215 76.7 109.4
      vertex 65.966 76.7 109.577
      vertex 72.034 76.7 109.577
    endloop
  endfacet
  facet normal 0 1 0
    outer loop
      vertex 71.9215 76.7 109.4
      vertex 66.0785 76.7 109.4
      vertex 65.966 76.7 109.577
    endloop
  endfacet
  facet normal 0 1 -0
    outer loop
      vertex 71.8249 76.7 109.214
      vertex 66.0785 76.7 109.4
      vertex 71.9215 76.7 109.4
    endloop
  endfacet
  facet normal 0 1 0
    outer loop
      vertex 71.8249 76.7 109.214
      vertex 66.1751 76.7 109.214
      vertex 66.0785 76.7 109.4
    endloop
  endfacet
  facet normal 0 1 -0
    outer loop
      vertex 71.7447 76.7 109.021
      vertex 66.1751 76.7 109.214
      vertex 71.8249 76.7 109.214
    endloop
  endfacet
  facet normal 0 1 0
    outer loop
      vertex 71.7447 76.7 109.021
      vertex 66.2553 76.7 109.021
      vertex 66.1751 76.7 109.214
    endloop
  endfacet
  facet normal 0 1 -0
    outer loop
      vertex 71.6818 76.7 108.821
      vertex 66.2553 76.7 109.021
      vertex 71.7447 76.7 109.021
    endloop
  endfacet
  facet normal 0 1 0
    outer loop
      vertex 71.6818 76.7 108.821
      vertex 66.3182 76.7 108.821
      vertex 66.2553 76.7 109.021
    endloop
  endfacet
  facet normal 0 1 -0
    outer loop
      vertex 71.6365 76.7 108.617
      vertex 66.3182 76.7 108.821
      vertex 71.6818 76.7 108.821
    endloop
  endfacet
  facet normal 0 1 0
    outer loop
      vertex 71.6365 76.7 108.617
      vertex 66.3635 76.7 108.617
      vertex 66.3182 76.7 108.821
    endloop
  endfacet
  facet normal 0 1 -0
    outer loop
      vertex 71.6091 76.7 108.409
      vertex 66.3635 76.7 108.617
      vertex 71.6365 76.7 108.617
    endloop
  endfacet
  facet normal 0 1 0
    outer loop
      vertex 71.6091 76.7 108.409
      vertex 66.3909 76.7 108.409
      vertex 66.3635 76.7 108.617
    endloop
  endfacet
  facet normal 0 1 -0
    outer loop
      vertex 71.6 76.7 108.2
      vertex 66.3909 76.7 108.409
      vertex 71.6091 76.7 108.409
    endloop
  endfacet
  facet normal 0 1 0
    outer loop
      vertex 71.6 76.7 108.2
      vertex 66.4 76.7 108.2
      vertex 66.3909 76.7 108.409
    endloop
  endfacet
  facet normal 0 1 0
    outer loop
      vertex 71.6091 76.7 107.991
      vertex 66.4 76.7 108.2
      vertex 71.6 76.7 108.2
    endloop
  endfacet
  facet normal 0 1 0
    outer loop
      vertex 71.6091 76.7 107.991
      vertex 66.3909 76.7 107.991
      vertex 66.4 76.7 108.2
    endloop
  endfacet
  facet normal 0 1 0
    outer loop
      vertex 71.6365 76.7 107.783
      vertex 66.3909 76.7 107.991
      vertex 71.6091 76.7 107.991
    endloop
  endfacet
  facet normal 0 1 0
    outer loop
      vertex 71.6365 76.7 107.783
      vertex 66.3635 76.7 107.783
      vertex 66.3909 76.7 107.991
    endloop
  endfacet
  facet normal 0 1 0
    outer loop
      vertex 71.6818 76.7 107.579
      vertex 66.3635 76.7 107.783
      vertex 71.6365 76.7 107.783
    endloop
  endfacet
  facet normal 0 1 0
    outer loop
      vertex 71.6818 76.7 107.579
      vertex 66.3182 76.7 107.579
      vertex 66.3635 76.7 107.783
    endloop
  endfacet
  facet normal 0 1 0
    outer loop
      vertex 71.7447 76.7 107.379
      vertex 66.3182 76.7 107.579
      vertex 71.6818 76.7 107.579
    endloop
  endfacet
  facet normal 0 1 0
    outer loop
      vertex 71.7447 76.7 107.379
      vertex 66.2553 76.7 107.379
      vertex 66.3182 76.7 107.579
    endloop
  endfacet
  facet normal 0 1 0
    outer loop
      vertex 71.8249 76.7 107.186
      vertex 66.2553 76.7 107.379
      vertex 71.7447 76.7 107.379
    endloop
  endfacet
  facet normal 0 1 0
    outer loop
      vertex 71.8249 76.7 107.186
      vertex 66.1751 76.7 107.186
      vertex 66.2553 76.7 107.379
    endloop
  endfacet
  facet normal 0 1 0
    outer loop
      vertex 71.9215 76.7 107
      vertex 66.1751 76.7 107.186
      vertex 71.8249 76.7 107.186
    endloop
  endfacet
  facet normal 0 1 0
    outer loop
      vertex 71.9215 76.7 107
      vertex 66.0785 76.7 107
      vertex 66.1751 76.7 107.186
    endloop
  endfacet
  facet normal 0 1 0
    outer loop
      vertex 72.034 76.7 106.823
      vertex 66.0785 76.7 107
      vertex 71.9215 76.7 107
    endloop
  endfacet
  facet normal 0 1 0
    outer loop
      vertex 72.034 76.7 106.823
      vertex 65.966 76.7 106.823
      vertex 66.0785 76.7 107
    endloop
  endfacet
  facet normal 0 1 0
    outer loop
      vertex 72.1615 76.7 106.657
      vertex 65.966 76.7 106.823
      vertex 72.034 76.7 106.823
    endloop
  endfacet
  facet normal 0 1 0
    outer loop
      vertex 72.1615 76.7 106.657
      vertex 65.8385 76.7 106.657
      vertex 65.966 76.7 106.823
    endloop
  endfacet
  facet normal 0 1 0
    outer loop
      vertex 72.3029 76.7 106.503
      vertex 65.8385 76.7 106.657
      vertex 72.1615 76.7 106.657
    endloop
  endfacet
  facet normal 0 1 0
    outer loop
      vertex 72.3029 76.7 106.503
      vertex 65.6971 76.7 106.503
      vertex 65.8385 76.7 106.657
    endloop
  endfacet
  facet normal 0 1 0
    outer loop
      vertex 72.4573 76.7 106.361
      vertex 65.6971 76.7 106.503
      vertex 72.3029 76.7 106.503
    endloop
  endfacet
  facet normal 0 1 0
    outer loop
      vertex 72.4573 76.7 106.361
      vertex 65.5427 76.7 106.361
      vertex 65.6971 76.7 106.503
    endloop
  endfacet
  facet normal 0 1 0
    outer loop
      vertex 72.6234 76.7 106.234
      vertex 65.5427 76.7 106.361
      vertex 72.4573 76.7 106.361
    endloop
  endfacet
  facet normal 0 1 0
    outer loop
      vertex 72.6234 76.7 106.234
      vertex 65.3766 76.7 106.234
      vertex 65.5427 76.7 106.361
    endloop
  endfacet
  facet normal 0 1 0
    outer loop
      vertex 72.8 76.7 106.122
      vertex 65.3766 76.7 106.234
      vertex 72.6234 76.7 106.234
    endloop
  endfacet
  facet normal 0 1 0
    outer loop
      vertex 72.8 76.7 106.122
      vertex 65.2 76.7 106.122
      vertex 65.3766 76.7 106.234
    endloop
  endfacet
  facet normal 0 1 0
    outer loop
      vertex 76 76.7 101.2
      vertex 72.8 76.7 106.122
      vertex 72.9857 76.7 106.025
    endloop
  endfacet
  facet normal 0 1 0
    outer loop
      vertex 72.8 76.7 106.122
      vertex 76 76.7 101.2
      vertex 65.2 76.7 106.122
    endloop
  endfacet
  facet normal 0 1 0
    outer loop
      vertex 76 76.7 101.2
      vertex 72.9857 76.7 106.025
      vertex 73.1792 76.7 105.945
    endloop
  endfacet
  facet normal 0 1 0
    outer loop
      vertex 65.2 76.7 106.122
      vertex 76 76.7 101.2
      vertex 65.0143 76.7 106.025
    endloop
  endfacet
  facet normal 0 1 0
    outer loop
      vertex 76 76.7 101.2
      vertex 73.1792 76.7 105.945
      vertex 73.3788 76.7 105.882
    endloop
  endfacet
  facet normal 0 1 0
    outer loop
      vertex 65.0143 76.7 106.025
      vertex 76 76.7 101.2
      vertex 64.8208 76.7 105.945
    endloop
  endfacet
  facet normal 0 1 0
    outer loop
      vertex 76 76.7 101.2
      vertex 73.3788 76.7 105.882
      vertex 73.5832 76.7 105.836
    endloop
  endfacet
  facet normal 0 1 0
    outer loop
      vertex 64.8208 76.7 105.945
      vertex 76 76.7 101.2
      vertex 64.6212 76.7 105.882
    endloop
  endfacet
  facet normal 0 1 0
    outer loop
      vertex 76 76.7 101.2
      vertex 73.5832 76.7 105.836
      vertex 73.7908 76.7 105.809
    endloop
  endfacet
  facet normal 0 1 0
    outer loop
      vertex 64.6212 76.7 105.882
      vertex 76 76.7 101.2
      vertex 64.4168 76.7 105.836
    endloop
  endfacet
  facet normal 0 1 0
    outer loop
      vertex 76 76.7 101.2
      vertex 73.7908 76.7 105.809
      vertex 74 76.7 105.8
    endloop
  endfacet
  facet normal 0 1 0
    outer loop
      vertex 64.4168 76.7 105.836
      vertex 76 76.7 101.2
      vertex 64.2092 76.7 105.809
    endloop
  endfacet
  facet normal 0 1 0
    outer loop
      vertex 75.0143 76.7 110.375
      vertex 76 76.7 115.2
      vertex 76.6101 76.7 115.173
    endloop
  endfacet
  facet normal 0 1 0
    outer loop
      vertex 63.3788 76.7 110.518
      vertex 76 76.7 115.2
      vertex 63.5832 76.7 110.564
    endloop
  endfacet
  facet normal 0 1 0
    outer loop
      vertex 75.2 76.7 110.278
      vertex 76.6101 76.7 115.173
      vertex 77.2155 76.7 115.094
    endloop
  endfacet
  facet normal 0 1 0
    outer loop
      vertex 76 76.7 115.2
      vertex 63.3788 76.7 110.518
      vertex 24 76.7 115.2
    endloop
  endfacet
  facet normal 0 1 0
    outer loop
      vertex 75.3766 76.7 110.166
      vertex 77.2155 76.7 115.094
      vertex 77.8117 76.7 114.961
    endloop
  endfacet
  facet normal 0 1 -0
    outer loop
      vertex 63.1792 76.7 110.455
      vertex 24 76.7 115.2
      vertex 63.3788 76.7 110.518
    endloop
  endfacet
  facet normal 0 1 0
    outer loop
      vertex 75.5427 76.7 110.039
      vertex 77.8117 76.7 114.961
      vertex 78.3941 76.7 114.778
    endloop
  endfacet
  facet normal 0 1 -0
    outer loop
      vertex 62.9857 76.7 110.375
      vertex 24 76.7 115.2
      vertex 63.1792 76.7 110.455
    endloop
  endfacet
  facet normal 0 1 0
    outer loop
      vertex 75.6971 76.7 109.897
      vertex 78.3941 76.7 114.778
      vertex 78.9583 76.7 114.544
    endloop
  endfacet
  facet normal 0 1 -0
    outer loop
      vertex 62.8 76.7 110.278
      vertex 24 76.7 115.2
      vertex 62.9857 76.7 110.375
    endloop
  endfacet
  facet normal 0 1 0
    outer loop
      vertex 75.6971 76.7 109.897
      vertex 78.9583 76.7 114.544
      vertex 79.5 76.7 114.262
    endloop
  endfacet
  facet normal 0 1 -0
    outer loop
      vertex 62.6234 76.7 110.166
      vertex 24 76.7 115.2
      vertex 62.8 76.7 110.278
    endloop
  endfacet
  facet normal 0 1 0
    outer loop
      vertex 75.8385 76.7 109.743
      vertex 79.5 76.7 114.262
      vertex 80.015 76.7 113.934
    endloop
  endfacet
  facet normal 0 1 0
    outer loop
      vertex 76 76.7 115.2
      vertex 63.7908 76.7 110.591
      vertex 63.5832 76.7 110.564
    endloop
  endfacet
  facet normal 0 1 0
    outer loop
      vertex 75.966 76.7 109.577
      vertex 80.015 76.7 113.934
      vertex 80.4995 76.7 113.562
    endloop
  endfacet
  facet normal 0 1 -0
    outer loop
      vertex 62.4573 76.7 110.039
      vertex 24 76.7 115.2
      vertex 62.6234 76.7 110.166
    endloop
  endfacet
  facet normal 0 1 0
    outer loop
      vertex 76.0785 76.7 109.4
      vertex 80.4995 76.7 113.562
      vertex 80.9497 76.7 113.15
    endloop
  endfacet
  facet normal 0 1 -0
    outer loop
      vertex 62.3029 76.7 109.897
      vertex 24 76.7 115.2
      vertex 62.4573 76.7 110.039
    endloop
  endfacet
  facet normal 0 1 0
    outer loop
      vertex 76.0785 76.7 109.4
      vertex 80.9497 76.7 113.15
      vertex 81.3623 76.7 112.7
    endloop
  endfacet
  facet normal 0 1 -0
    outer loop
      vertex 62.1615 76.7 109.743
      vertex 24 76.7 115.2
      vertex 62.3029 76.7 109.897
    endloop
  endfacet
  facet normal 0 1 0
    outer loop
      vertex 76.1751 76.7 109.214
      vertex 81.3623 76.7 112.7
      vertex 81.7341 76.7 112.215
    endloop
  endfacet
  facet normal -0 1 -0
    outer loop
      vertex 25.9502 76.7 110.985
      vertex 24 76.7 115.2
      vertex 26.1855 76.7 110.805
    endloop
  endfacet
  facet normal 0 1 0
    outer loop
      vertex 76.2553 76.7 109.021
      vertex 81.7341 76.7 112.215
      vertex 82.0622 76.7 111.7
    endloop
  endfacet
  facet normal 0 1 0
    outer loop
      vertex 76 76.7 115.2
      vertex 64 76.7 110.6
      vertex 63.7908 76.7 110.591
    endloop
  endfacet
  facet normal 0 1 -0
    outer loop
      vertex 22.3 76.7 111.144
      vertex 20.5 76.7 114.262
      vertex 22.5631 76.7 111.281
    endloop
  endfacet
  facet normal 0 1 0
    outer loop
      vertex 21.0417 76.7 114.544
      vertex 22.5631 76.7 111.281
      vertex 20.5 76.7 114.262
    endloop
  endfacet
  facet normal 0 1 -0
    outer loop
      vertex 22.5631 76.7 111.281
      vertex 21.0417 76.7 114.544
      vertex 22.8371 76.7 111.395
    endloop
  endfacet
  facet normal 0 1 -0
    outer loop
      vertex 22.8371 76.7 111.395
      vertex 21.6059 76.7 114.778
      vertex 23.12 76.7 111.484
    endloop
  endfacet
  facet normal 0 1 0
    outer loop
      vertex 21.6059 76.7 114.778
      vertex 22.8371 76.7 111.395
      vertex 21.0417 76.7 114.544
    endloop
  endfacet
  facet normal 0 1 -0
    outer loop
      vertex 23.12 76.7 111.484
      vertex 22.1883 76.7 114.961
      vertex 23.4096 76.7 111.548
    endloop
  endfacet
  facet normal 0 1 0
    outer loop
      vertex 76.2553 76.7 109.021
      vertex 82.0622 76.7 111.7
      vertex 82.3442 76.7 111.158
    endloop
  endfacet
  facet normal 0 1 0
    outer loop
      vertex 22.1883 76.7 114.961
      vertex 23.12 76.7 111.484
      vertex 21.6059 76.7 114.778
    endloop
  endfacet
  facet normal 0 1 -0
    outer loop
      vertex 23.4096 76.7 111.548
      vertex 22.7845 76.7 115.094
      vertex 23.7037 76.7 111.587
    endloop
  endfacet
  facet normal 0 1 0
    outer loop
      vertex 22.7845 76.7 115.094
      vertex 23.4096 76.7 111.548
      vertex 22.1883 76.7 114.961
    endloop
  endfacet
  facet normal 0 1 0
    outer loop
      vertex 23.3899 76.7 115.173
      vertex 23.7037 76.7 111.587
      vertex 22.7845 76.7 115.094
    endloop
  endfacet
  facet normal 0 1 0
    outer loop
      vertex 73.7908 76.7 110.591
      vertex 76 76.7 115.2
      vertex 74 76.7 110.6
    endloop
  endfacet
  facet normal 0 1 0
    outer loop
      vertex 76.3182 76.7 108.821
      vertex 82.3442 76.7 111.158
      vertex 82.5779 76.7 110.594
    endloop
  endfacet
  facet normal 0 1 0
    outer loop
      vertex 76 76.7 115.2
      vertex 74.2092 76.7 110.591
      vertex 74 76.7 110.6
    endloop
  endfacet
  facet normal 0 1 0
    outer loop
      vertex 76 76.7 115.2
      vertex 74.4168 76.7 110.564
      vertex 74.2092 76.7 110.591
    endloop
  endfacet
  facet normal 0 1 0
    outer loop
      vertex 76 76.7 115.2
      vertex 74.6212 76.7 110.518
      vertex 74.4168 76.7 110.564
    endloop
  endfacet
  facet normal 0 1 0
    outer loop
      vertex 76 76.7 115.2
      vertex 74.8208 76.7 110.455
      vertex 74.6212 76.7 110.518
    endloop
  endfacet
  facet normal 0 1 0
    outer loop
      vertex 76 76.7 115.2
      vertex 75.0143 76.7 110.375
      vertex 74.8208 76.7 110.455
    endloop
  endfacet
  facet normal 0 1 0
    outer loop
      vertex 76.6101 76.7 115.173
      vertex 75.2 76.7 110.278
      vertex 75.0143 76.7 110.375
    endloop
  endfacet
  facet normal 0 1 0
    outer loop
      vertex 77.2155 76.7 115.094
      vertex 75.3766 76.7 110.166
      vertex 75.2 76.7 110.278
    endloop
  endfacet
  facet normal 0 1 0
    outer loop
      vertex 77.8117 76.7 114.961
      vertex 75.5427 76.7 110.039
      vertex 75.3766 76.7 110.166
    endloop
  endfacet
  facet normal 0 1 0
    outer loop
      vertex 76.3635 76.7 108.617
      vertex 82.5779 76.7 110.594
      vertex 82.7615 76.7 110.012
    endloop
  endfacet
  facet normal 0 1 0
    outer loop
      vertex 78.3941 76.7 114.778
      vertex 75.6971 76.7 109.897
      vertex 75.5427 76.7 110.039
    endloop
  endfacet
  facet normal 0 1 0
    outer loop
      vertex 79.5 76.7 114.262
      vertex 75.8385 76.7 109.743
      vertex 75.6971 76.7 109.897
    endloop
  endfacet
  facet normal 0 1 0
    outer loop
      vertex 80.015 76.7 113.934
      vertex 75.966 76.7 109.577
      vertex 75.8385 76.7 109.743
    endloop
  endfacet
  facet normal 0 1 0
    outer loop
      vertex 76.3635 76.7 108.617
      vertex 82.7615 76.7 110.012
      vertex 82.8937 76.7 109.416
    endloop
  endfacet
  facet normal 0 1 0
    outer loop
      vertex 80.4995 76.7 113.562
      vertex 76.0785 76.7 109.4
      vertex 75.966 76.7 109.577
    endloop
  endfacet
  facet normal 0 1 0
    outer loop
      vertex 81.3623 76.7 112.7
      vertex 76.1751 76.7 109.214
      vertex 76.0785 76.7 109.4
    endloop
  endfacet
  facet normal 0 1 0
    outer loop
      vertex 81.7341 76.7 112.215
      vertex 76.2553 76.7 109.021
      vertex 76.1751 76.7 109.214
    endloop
  endfacet
  facet normal 0 1 0
    outer loop
      vertex 82.3442 76.7 111.158
      vertex 76.3182 76.7 108.821
      vertex 76.2553 76.7 109.021
    endloop
  endfacet
  facet normal 0 1 0
    outer loop
      vertex 76.3909 76.7 108.409
      vertex 82.8937 76.7 109.416
      vertex 82.9734 76.7 108.81
    endloop
  endfacet
  facet normal 0 1 0
    outer loop
      vertex 82.5779 76.7 110.594
      vertex 76.3635 76.7 108.617
      vertex 76.3182 76.7 108.821
    endloop
  endfacet
  facet normal 0 1 0
    outer loop
      vertex 82.8937 76.7 109.416
      vertex 76.3909 76.7 108.409
      vertex 76.3635 76.7 108.617
    endloop
  endfacet
  facet normal 0 1 0
    outer loop
      vertex 76.4 76.7 108.2
      vertex 82.9734 76.7 108.81
      vertex 83 76.7 108.2
    endloop
  endfacet
  facet normal 0 1 0
    outer loop
      vertex 82.9734 76.7 108.81
      vertex 76.4 76.7 108.2
      vertex 76.3909 76.7 108.409
    endloop
  endfacet
  facet normal 0 1 -0
    outer loop
      vertex 82.9734 76.7 107.59
      vertex 76.4 76.7 108.2
      vertex 83 76.7 108.2
    endloop
  endfacet
  facet normal 0 1 0
    outer loop
      vertex 76.4 76.7 108.2
      vertex 82.9734 76.7 107.59
      vertex 76.3909 76.7 107.991
    endloop
  endfacet
  facet normal 0 1 -0
    outer loop
      vertex 82.8937 76.7 106.984
      vertex 76.3909 76.7 107.991
      vertex 82.9734 76.7 107.59
    endloop
  endfacet
  facet normal 0 1 0
    outer loop
      vertex 76.3909 76.7 107.991
      vertex 82.8937 76.7 106.984
      vertex 76.3635 76.7 107.783
    endloop
  endfacet
  facet normal 0 1 -0
    outer loop
      vertex 82.7615 76.7 106.388
      vertex 76.3635 76.7 107.783
      vertex 82.8937 76.7 106.984
    endloop
  endfacet
  facet normal 0 1 -0
    outer loop
      vertex 82.5779 76.7 105.806
      vertex 76.3635 76.7 107.783
      vertex 82.7615 76.7 106.388
    endloop
  endfacet
  facet normal 0 1 0
    outer loop
      vertex 76.3635 76.7 107.783
      vertex 82.5779 76.7 105.806
      vertex 76.3182 76.7 107.579
    endloop
  endfacet
  facet normal 0 1 -0
    outer loop
      vertex 82.3442 76.7 105.242
      vertex 76.3182 76.7 107.579
      vertex 82.5779 76.7 105.806
    endloop
  endfacet
  facet normal 0 1 0
    outer loop
      vertex 76.3182 76.7 107.579
      vertex 82.3442 76.7 105.242
      vertex 76.2553 76.7 107.379
    endloop
  endfacet
  facet normal 0 1 -0
    outer loop
      vertex 82.0622 76.7 104.7
      vertex 76.2553 76.7 107.379
      vertex 82.3442 76.7 105.242
    endloop
  endfacet
  facet normal 0 1 -0
    outer loop
      vertex 81.7341 76.7 104.185
      vertex 76.2553 76.7 107.379
      vertex 82.0622 76.7 104.7
    endloop
  endfacet
  facet normal 0 1 0
    outer loop
      vertex 76.2553 76.7 107.379
      vertex 81.7341 76.7 104.185
      vertex 76.1751 76.7 107.186
    endloop
  endfacet
  facet normal 0 1 -0
    outer loop
      vertex 81.3623 76.7 103.7
      vertex 76.1751 76.7 107.186
      vertex 81.7341 76.7 104.185
    endloop
  endfacet
  facet normal 0 1 0
    outer loop
      vertex 76.1751 76.7 107.186
      vertex 81.3623 76.7 103.7
      vertex 76.0785 76.7 107
    endloop
  endfacet
  facet normal 0 1 -0
    outer loop
      vertex 80.9497 76.7 103.25
      vertex 76.0785 76.7 107
      vertex 81.3623 76.7 103.7
    endloop
  endfacet
  facet normal 0 1 -0
    outer loop
      vertex 80.4995 76.7 102.838
      vertex 76.0785 76.7 107
      vertex 80.9497 76.7 103.25
    endloop
  endfacet
  facet normal 0 1 0
    outer loop
      vertex 76.0785 76.7 107
      vertex 80.4995 76.7 102.838
      vertex 75.966 76.7 106.823
    endloop
  endfacet
  facet normal 0 1 -0
    outer loop
      vertex 80.015 76.7 102.466
      vertex 75.966 76.7 106.823
      vertex 80.4995 76.7 102.838
    endloop
  endfacet
  facet normal 0 1 0
    outer loop
      vertex 75.966 76.7 106.823
      vertex 80.015 76.7 102.466
      vertex 75.8385 76.7 106.657
    endloop
  endfacet
  facet normal 0 1 -0
    outer loop
      vertex 79.5 76.7 102.138
      vertex 75.8385 76.7 106.657
      vertex 80.015 76.7 102.466
    endloop
  endfacet
  facet normal 0 1 0
    outer loop
      vertex 75.8385 76.7 106.657
      vertex 79.5 76.7 102.138
      vertex 75.6971 76.7 106.503
    endloop
  endfacet
  facet normal 0 1 -0
    outer loop
      vertex 78.9583 76.7 101.856
      vertex 75.6971 76.7 106.503
      vertex 79.5 76.7 102.138
    endloop
  endfacet
  facet normal 0 1 0
    outer loop
      vertex 64.2092 76.7 105.809
      vertex 76 76.7 101.2
      vertex 64 76.7 105.8
    endloop
  endfacet
  facet normal 0 1 0
    outer loop
      vertex 64 76.7 105.8
      vertex 30 76.7 101.2
      vertex 26.4042 76.7 105.796
    endloop
  endfacet
  facet normal 0 1 -0
    outer loop
      vertex 78.3941 76.7 101.622
      vertex 75.6971 76.7 106.503
      vertex 78.9583 76.7 101.856
    endloop
  endfacet
  facet normal 0 1 0
    outer loop
      vertex 64 76.7 105.8
      vertex 76 76.7 101.2
      vertex 30 76.7 101.2
    endloop
  endfacet
  facet normal 0 1 0
    outer loop
      vertex 26.4042 76.7 105.796
      vertex 30 76.7 101.2
      vertex 26.1855 76.7 105.595
    endloop
  endfacet
  facet normal 0 1 0
    outer loop
      vertex 75.6971 76.7 106.503
      vertex 78.3941 76.7 101.622
      vertex 75.5427 76.7 106.361
    endloop
  endfacet
  facet normal 0 1 0
    outer loop
      vertex 26.1855 76.7 105.595
      vertex 30 76.7 101.2
      vertex 25.9502 76.7 105.415
    endloop
  endfacet
  facet normal 0 1 0
    outer loop
      vertex 25.9502 76.7 105.415
      vertex 30 76.7 101.2
      vertex 25.7 76.7 105.256
    endloop
  endfacet
  facet normal 0 1 0
    outer loop
      vertex 25.7 76.7 105.256
      vertex 30 76.7 101.2
      vertex 25.4369 76.7 105.119
    endloop
  endfacet
  facet normal 0 1 0
    outer loop
      vertex 25.4369 76.7 105.119
      vertex 30 76.7 101.2
      vertex 25.1629 76.7 105.005
    endloop
  endfacet
  facet normal 0 1 0
    outer loop
      vertex 25.1629 76.7 105.005
      vertex 30 76.7 101.2
      vertex 24.88 76.7 104.916
    endloop
  endfacet
  facet normal 0 1 0
    outer loop
      vertex 24.5904 76.7 104.852
      vertex 30 76.7 101.2
      vertex 24.2963 76.7 104.813
    endloop
  endfacet
  facet normal 0 1 -0
    outer loop
      vertex 77.8117 76.7 101.439
      vertex 75.5427 76.7 106.361
      vertex 78.3941 76.7 101.622
    endloop
  endfacet
  facet normal 0 1 0
    outer loop
      vertex 20.5 76.7 114.262
      vertex 22.3 76.7 111.144
      vertex 19.985 76.7 113.934
    endloop
  endfacet
  facet normal 0 1 -0
    outer loop
      vertex 22.0498 76.7 110.985
      vertex 19.985 76.7 113.934
      vertex 22.3 76.7 111.144
    endloop
  endfacet
  facet normal 0 1 0
    outer loop
      vertex 19.985 76.7 113.934
      vertex 22.0498 76.7 110.985
      vertex 19.5005 76.7 113.562
    endloop
  endfacet
  facet normal 0 1 -0
    outer loop
      vertex 21.8145 76.7 110.805
      vertex 19.5005 76.7 113.562
      vertex 22.0498 76.7 110.985
    endloop
  endfacet
  facet normal 0 1 0
    outer loop
      vertex 19.5005 76.7 113.562
      vertex 21.8145 76.7 110.805
      vertex 19.0503 76.7 113.15
    endloop
  endfacet
  facet normal 0 1 -0
    outer loop
      vertex 21.5958 76.7 110.604
      vertex 19.0503 76.7 113.15
      vertex 21.8145 76.7 110.805
    endloop
  endfacet
  facet normal 0 1 0
    outer loop
      vertex 19.0503 76.7 113.15
      vertex 21.5958 76.7 110.604
      vertex 18.6377 76.7 112.7
    endloop
  endfacet
  facet normal 0 1 -0
    outer loop
      vertex 21.3954 76.7 110.385
      vertex 18.6377 76.7 112.7
      vertex 21.5958 76.7 110.604
    endloop
  endfacet
  facet normal 0 1 0
    outer loop
      vertex 18.6377 76.7 112.7
      vertex 21.3954 76.7 110.385
      vertex 18.2659 76.7 112.215
    endloop
  endfacet
  facet normal 0 1 -0
    outer loop
      vertex 21.2149 76.7 110.15
      vertex 18.2659 76.7 112.215
      vertex 21.3954 76.7 110.385
    endloop
  endfacet
  facet normal 0 1 0
    outer loop
      vertex 18.2659 76.7 112.215
      vertex 21.2149 76.7 110.15
      vertex 17.9378 76.7 111.7
    endloop
  endfacet
  facet normal 0 1 -0
    outer loop
      vertex 21.0555 76.7 109.9
      vertex 17.9378 76.7 111.7
      vertex 21.2149 76.7 110.15
    endloop
  endfacet
  facet normal 0 1 0
    outer loop
      vertex 17.9378 76.7 111.7
      vertex 21.0555 76.7 109.9
      vertex 17.6558 76.7 111.158
    endloop
  endfacet
  facet normal 0 1 -0
    outer loop
      vertex 20.9186 76.7 109.637
      vertex 17.6558 76.7 111.158
      vertex 21.0555 76.7 109.9
    endloop
  endfacet
  facet normal 0 1 0
    outer loop
      vertex 17.6558 76.7 111.158
      vertex 20.9186 76.7 109.637
      vertex 17.4222 76.7 110.594
    endloop
  endfacet
  facet normal 0 1 -0
    outer loop
      vertex 20.805 76.7 109.363
      vertex 17.4222 76.7 110.594
      vertex 20.9186 76.7 109.637
    endloop
  endfacet
  facet normal 0 1 0
    outer loop
      vertex 17.4222 76.7 110.594
      vertex 20.805 76.7 109.363
      vertex 17.2385 76.7 110.012
    endloop
  endfacet
  facet normal 0 1 -0
    outer loop
      vertex 20.7159 76.7 109.08
      vertex 17.2385 76.7 110.012
      vertex 20.805 76.7 109.363
    endloop
  endfacet
  facet normal 0 1 0
    outer loop
      vertex 17.2385 76.7 110.012
      vertex 20.7159 76.7 109.08
      vertex 17.1063 76.7 109.416
    endloop
  endfacet
  facet normal 0 1 -0
    outer loop
      vertex 20.6517 76.7 108.79
      vertex 17.1063 76.7 109.416
      vertex 20.7159 76.7 109.08
    endloop
  endfacet
  facet normal 0 1 0
    outer loop
      vertex 17.1063 76.7 109.416
      vertex 20.6517 76.7 108.79
      vertex 17.0266 76.7 108.81
    endloop
  endfacet
  facet normal 0 1 -0
    outer loop
      vertex 20.6129 76.7 108.496
      vertex 17.0266 76.7 108.81
      vertex 20.6517 76.7 108.79
    endloop
  endfacet
  facet normal 0 1 -0
    outer loop
      vertex 20.6 76.7 108.2
      vertex 17.0266 76.7 108.81
      vertex 20.6129 76.7 108.496
    endloop
  endfacet
  facet normal 0 1 0
    outer loop
      vertex 20.6 76.7 108.2
      vertex 17 76.7 108.2
      vertex 17.0266 76.7 108.81
    endloop
  endfacet
  facet normal 0 1 0
    outer loop
      vertex 20.6129 76.7 107.904
      vertex 17 76.7 108.2
      vertex 20.6 76.7 108.2
    endloop
  endfacet
  facet normal 0 1 0
    outer loop
      vertex 17.0266 76.7 107.59
      vertex 20.6129 76.7 107.904
      vertex 20.6517 76.7 107.61
    endloop
  endfacet
  facet normal 0 1 0
    outer loop
      vertex 20.6129 76.7 107.904
      vertex 17.0266 76.7 107.59
      vertex 17 76.7 108.2
    endloop
  endfacet
  facet normal 0 1 0
    outer loop
      vertex 17.1063 76.7 106.984
      vertex 20.6517 76.7 107.61
      vertex 20.7159 76.7 107.32
    endloop
  endfacet
  facet normal 0 1 0
    outer loop
      vertex 17.2385 76.7 106.388
      vertex 20.7159 76.7 107.32
      vertex 20.805 76.7 107.037
    endloop
  endfacet
  facet normal 0 1 0
    outer loop
      vertex 20.6517 76.7 107.61
      vertex 17.1063 76.7 106.984
      vertex 17.0266 76.7 107.59
    endloop
  endfacet
  facet normal 0 1 0
    outer loop
      vertex 17.4222 76.7 105.806
      vertex 20.805 76.7 107.037
      vertex 20.9186 76.7 106.763
    endloop
  endfacet
  facet normal 0 1 0
    outer loop
      vertex 17.6558 76.7 105.242
      vertex 20.9186 76.7 106.763
      vertex 21.0555 76.7 106.5
    endloop
  endfacet
  facet normal 0 1 0
    outer loop
      vertex 20.7159 76.7 107.32
      vertex 17.2385 76.7 106.388
      vertex 17.1063 76.7 106.984
    endloop
  endfacet
  facet normal 0 1 0
    outer loop
      vertex 18 76.7 104.602
      vertex 21.0555 76.7 106.5
      vertex 21.2149 76.7 106.25
    endloop
  endfacet
  facet normal 0 1 0
    outer loop
      vertex 18 76.7 104.602
      vertex 21.2149 76.7 106.25
      vertex 21.3954 76.7 106.015
    endloop
  endfacet
  facet normal 0 1 0
    outer loop
      vertex 20.805 76.7 107.037
      vertex 17.4222 76.7 105.806
      vertex 17.2385 76.7 106.388
    endloop
  endfacet
  facet normal 0 1 0
    outer loop
      vertex 18 76.7 104.602
      vertex 21.3954 76.7 106.015
      vertex 21.5958 76.7 105.796
    endloop
  endfacet
  facet normal 0 1 0
    outer loop
      vertex 18 76.7 104.602
      vertex 21.5958 76.7 105.796
      vertex 21.8145 76.7 105.595
    endloop
  endfacet
  facet normal 0 1 0
    outer loop
      vertex 18 76.7 104.602
      vertex 21.8145 76.7 105.595
      vertex 22.0498 76.7 105.415
    endloop
  endfacet
  facet normal 0 1 0
    outer loop
      vertex 18 76.7 104.602
      vertex 22.0498 76.7 105.415
      vertex 22.3 76.7 105.256
    endloop
  endfacet
  facet normal 0 1 0
    outer loop
      vertex 20.9186 76.7 106.763
      vertex 17.6558 76.7 105.242
      vertex 17.4222 76.7 105.806
    endloop
  endfacet
  facet normal 0 1 0
    outer loop
      vertex 18 76.7 104.602
      vertex 22.3 76.7 105.256
      vertex 22.5631 76.7 105.119
    endloop
  endfacet
  facet normal 0 1 0
    outer loop
      vertex 18 76.7 104.602
      vertex 22.5631 76.7 105.119
      vertex 22.8371 76.7 105.005
    endloop
  endfacet
  facet normal 0 1 0
    outer loop
      vertex 18 76.7 104.602
      vertex 22.8371 76.7 105.005
      vertex 23.12 76.7 104.916
    endloop
  endfacet
  facet normal 0 1 0
    outer loop
      vertex 18 76.7 91.4
      vertex 23.12 76.7 104.916
      vertex 23.4096 76.7 104.852
    endloop
  endfacet
  facet normal 0 1 0
    outer loop
      vertex 18 76.7 91.4
      vertex 23.4096 76.7 104.852
      vertex 23.7037 76.7 104.813
    endloop
  endfacet
  facet normal 0 1 0
    outer loop
      vertex 21.0555 76.7 106.5
      vertex 17.9378 76.7 104.7
      vertex 17.6558 76.7 105.242
    endloop
  endfacet
  facet normal 0 1 0
    outer loop
      vertex 30 76.7 101.2
      vertex 23.7037 76.7 104.813
      vertex 24 76.7 104.8
    endloop
  endfacet
  facet normal 0 1 0
    outer loop
      vertex 24.88 76.7 104.916
      vertex 30 76.7 101.2
      vertex 24.5904 76.7 104.852
    endloop
  endfacet
  facet normal 0 1 0
    outer loop
      vertex 23.7037 76.7 104.813
      vertex 30 76.7 101.2
      vertex 18 76.7 91.4
    endloop
  endfacet
  facet normal 0 1 0
    outer loop
      vertex 75.5427 76.7 106.361
      vertex 77.8117 76.7 101.439
      vertex 75.3766 76.7 106.234
    endloop
  endfacet
  facet normal 0 1 -0
    outer loop
      vertex 77.2155 76.7 101.306
      vertex 75.3766 76.7 106.234
      vertex 77.8117 76.7 101.439
    endloop
  endfacet
  facet normal 0 1 0
    outer loop
      vertex 75.3766 76.7 106.234
      vertex 77.2155 76.7 101.306
      vertex 75.2 76.7 106.122
    endloop
  endfacet
  facet normal 0 1 -0
    outer loop
      vertex 76.6101 76.7 101.227
      vertex 75.2 76.7 106.122
      vertex 77.2155 76.7 101.306
    endloop
  endfacet
  facet normal 0 1 0
    outer loop
      vertex 75.2 76.7 106.122
      vertex 76.6101 76.7 101.227
      vertex 75.0143 76.7 106.025
    endloop
  endfacet
  facet normal 0 1 -0
    outer loop
      vertex 76 76.7 101.2
      vertex 75.0143 76.7 106.025
      vertex 76.6101 76.7 101.227
    endloop
  endfacet
  facet normal 0 1 0
    outer loop
      vertex 75.0143 76.7 106.025
      vertex 76 76.7 101.2
      vertex 74.8208 76.7 105.945
    endloop
  endfacet
  facet normal 0 1 0
    outer loop
      vertex 74.8208 76.7 105.945
      vertex 76 76.7 101.2
      vertex 74.6212 76.7 105.882
    endloop
  endfacet
  facet normal 0 1 0
    outer loop
      vertex 74.6212 76.7 105.882
      vertex 76 76.7 101.2
      vertex 74.4168 76.7 105.836
    endloop
  endfacet
  facet normal 0 1 0
    outer loop
      vertex 74.4168 76.7 105.836
      vertex 76 76.7 101.2
      vertex 74.2092 76.7 105.809
    endloop
  endfacet
  facet normal 0 1 0
    outer loop
      vertex 74.2092 76.7 105.809
      vertex 76 76.7 101.2
      vertex 74 76.7 105.8
    endloop
  endfacet
  facet normal 0 1 0
    outer loop
      vertex 24.2963 76.7 104.813
      vertex 30 76.7 101.2
      vertex 24 76.7 104.8
    endloop
  endfacet
  facet normal 0 1 0
    outer loop
      vertex 21.0555 76.7 106.5
      vertex 18 76.7 104.602
      vertex 17.9378 76.7 104.7
    endloop
  endfacet
  facet normal 0 1 0
    outer loop
      vertex 18 76.7 91.4
      vertex 30 76.7 101.2
      vertex 30 76.7 91.4
    endloop
  endfacet
  facet normal 0 1 0
    outer loop
      vertex 23.12 76.7 104.916
      vertex 18 76.7 91.4
      vertex 18 76.7 104.602
    endloop
  endfacet
  facet normal 0 1 -0
    outer loop
      vertex 23.7037 76.7 111.587
      vertex 23.3899 76.7 115.173
      vertex 24 76.7 111.6
    endloop
  endfacet
  facet normal 0 1 0
    outer loop
      vertex 24 76.7 115.2
      vertex 24 76.7 111.6
      vertex 23.3899 76.7 115.173
    endloop
  endfacet
  facet normal -0 1 0
    outer loop
      vertex 24 76.7 111.6
      vertex 24 76.7 115.2
      vertex 24.2963 76.7 111.587
    endloop
  endfacet
  facet normal -0 1 -0
    outer loop
      vertex 24.2963 76.7 111.587
      vertex 24 76.7 115.2
      vertex 24.5904 76.7 111.548
    endloop
  endfacet
  facet normal -0 1 -0
    outer loop
      vertex 24.5904 76.7 111.548
      vertex 24 76.7 115.2
      vertex 24.88 76.7 111.484
    endloop
  endfacet
  facet normal -0 1 -0
    outer loop
      vertex 24.88 76.7 111.484
      vertex 24 76.7 115.2
      vertex 25.1629 76.7 111.395
    endloop
  endfacet
  facet normal -0 1 -0
    outer loop
      vertex 25.1629 76.7 111.395
      vertex 24 76.7 115.2
      vertex 25.4369 76.7 111.281
    endloop
  endfacet
  facet normal -0 1 -0
    outer loop
      vertex 25.4369 76.7 111.281
      vertex 24 76.7 115.2
      vertex 25.7 76.7 111.144
    endloop
  endfacet
  facet normal -0 1 -0
    outer loop
      vertex 25.7 76.7 111.144
      vertex 24 76.7 115.2
      vertex 25.9502 76.7 110.985
    endloop
  endfacet
  facet normal -0 1 -0
    outer loop
      vertex 26.4042 76.7 110.604
      vertex 24 76.7 115.2
      vertex 26.6045 76.7 110.385
    endloop
  endfacet
  facet normal -0 1 -0
    outer loop
      vertex 26.1855 76.7 110.805
      vertex 24 76.7 115.2
      vertex 26.4042 76.7 110.604
    endloop
  endfacet
  facet normal -0 1 -0
    outer loop
      vertex 26.7851 76.7 110.15
      vertex 24 76.7 115.2
      vertex 62.1615 76.7 109.743
    endloop
  endfacet
  facet normal 0 1 0
    outer loop
      vertex 24 76.7 115.2
      vertex 26.7851 76.7 110.15
      vertex 26.6045 76.7 110.385
    endloop
  endfacet
  facet normal 0 1 -0
    outer loop
      vertex 62.034 76.7 109.577
      vertex 26.7851 76.7 110.15
      vertex 62.1615 76.7 109.743
    endloop
  endfacet
  facet normal 0 1 0
    outer loop
      vertex 26.7851 76.7 110.15
      vertex 62.034 76.7 109.577
      vertex 26.9445 76.7 109.9
    endloop
  endfacet
  facet normal 0 1 -0
    outer loop
      vertex 61.9215 76.7 109.4
      vertex 26.9445 76.7 109.9
      vertex 62.034 76.7 109.577
    endloop
  endfacet
  facet normal 0 1 0
    outer loop
      vertex 26.9445 76.7 109.9
      vertex 61.9215 76.7 109.4
      vertex 27.0814 76.7 109.637
    endloop
  endfacet
  facet normal 0 1 -0
    outer loop
      vertex 61.8249 76.7 109.214
      vertex 27.0814 76.7 109.637
      vertex 61.9215 76.7 109.4
    endloop
  endfacet
  facet normal 0 1 0
    outer loop
      vertex 27.0814 76.7 109.637
      vertex 61.8249 76.7 109.214
      vertex 27.195 76.7 109.363
    endloop
  endfacet
  facet normal 0 1 -0
    outer loop
      vertex 61.7447 76.7 109.021
      vertex 27.195 76.7 109.363
      vertex 61.8249 76.7 109.214
    endloop
  endfacet
  facet normal 0 1 0
    outer loop
      vertex 27.195 76.7 109.363
      vertex 61.7447 76.7 109.021
      vertex 27.2841 76.7 109.08
    endloop
  endfacet
  facet normal 0 1 -0
    outer loop
      vertex 61.6818 76.7 108.821
      vertex 27.2841 76.7 109.08
      vertex 61.7447 76.7 109.021
    endloop
  endfacet
  facet normal 0 1 0
    outer loop
      vertex 61.6818 76.7 108.821
      vertex 27.3483 76.7 108.79
      vertex 27.2841 76.7 109.08
    endloop
  endfacet
  facet normal 0 1 -0
    outer loop
      vertex 61.6365 76.7 108.617
      vertex 27.3483 76.7 108.79
      vertex 61.6818 76.7 108.821
    endloop
  endfacet
  facet normal 0 1 0
    outer loop
      vertex 61.6365 76.7 108.617
      vertex 27.3871 76.7 108.496
      vertex 27.3483 76.7 108.79
    endloop
  endfacet
  facet normal 0 1 -0
    outer loop
      vertex 61.6091 76.7 108.409
      vertex 27.3871 76.7 108.496
      vertex 61.6365 76.7 108.617
    endloop
  endfacet
  facet normal 0 1 -0
    outer loop
      vertex 61.6 76.7 108.2
      vertex 27.3871 76.7 108.496
      vertex 61.6091 76.7 108.409
    endloop
  endfacet
  facet normal 0 1 0
    outer loop
      vertex 61.6 76.7 108.2
      vertex 27.4 76.7 108.2
      vertex 27.3871 76.7 108.496
    endloop
  endfacet
  facet normal 0 1 0
    outer loop
      vertex 61.6091 76.7 107.991
      vertex 27.4 76.7 108.2
      vertex 61.6 76.7 108.2
    endloop
  endfacet
  facet normal 0 1 0
    outer loop
      vertex 61.6091 76.7 107.991
      vertex 27.3871 76.7 107.904
      vertex 27.4 76.7 108.2
    endloop
  endfacet
  facet normal 0 1 0
    outer loop
      vertex 61.6365 76.7 107.783
      vertex 27.3871 76.7 107.904
      vertex 61.6091 76.7 107.991
    endloop
  endfacet
  facet normal 0 1 0
    outer loop
      vertex 61.6365 76.7 107.783
      vertex 27.3483 76.7 107.61
      vertex 27.3871 76.7 107.904
    endloop
  endfacet
  facet normal 0 1 0
    outer loop
      vertex 61.6818 76.7 107.579
      vertex 27.3483 76.7 107.61
      vertex 61.6365 76.7 107.783
    endloop
  endfacet
  facet normal 0 1 0
    outer loop
      vertex 27.2841 76.7 107.32
      vertex 61.6818 76.7 107.579
      vertex 61.7447 76.7 107.379
    endloop
  endfacet
  facet normal 0 1 0
    outer loop
      vertex 61.6818 76.7 107.579
      vertex 27.2841 76.7 107.32
      vertex 27.3483 76.7 107.61
    endloop
  endfacet
  facet normal 0 1 0
    outer loop
      vertex 27.195 76.7 107.037
      vertex 61.7447 76.7 107.379
      vertex 61.8249 76.7 107.186
    endloop
  endfacet
  facet normal 0 1 0
    outer loop
      vertex 61.7447 76.7 107.379
      vertex 27.195 76.7 107.037
      vertex 27.2841 76.7 107.32
    endloop
  endfacet
  facet normal 0 1 0
    outer loop
      vertex 27.0814 76.7 106.763
      vertex 61.8249 76.7 107.186
      vertex 61.9215 76.7 107
    endloop
  endfacet
  facet normal 0 1 0
    outer loop
      vertex 26.9445 76.7 106.5
      vertex 61.9215 76.7 107
      vertex 62.034 76.7 106.823
    endloop
  endfacet
  facet normal 0 1 0
    outer loop
      vertex 61.8249 76.7 107.186
      vertex 27.0814 76.7 106.763
      vertex 27.195 76.7 107.037
    endloop
  endfacet
  facet normal 0 1 0
    outer loop
      vertex 26.7851 76.7 106.25
      vertex 62.034 76.7 106.823
      vertex 62.1615 76.7 106.657
    endloop
  endfacet
  facet normal 0 1 0
    outer loop
      vertex 26.6045 76.7 106.015
      vertex 62.1615 76.7 106.657
      vertex 62.3029 76.7 106.503
    endloop
  endfacet
  facet normal 0 1 0
    outer loop
      vertex 61.9215 76.7 107
      vertex 26.9445 76.7 106.5
      vertex 27.0814 76.7 106.763
    endloop
  endfacet
  facet normal 0 1 0
    outer loop
      vertex 26.4042 76.7 105.796
      vertex 62.3029 76.7 106.503
      vertex 62.4573 76.7 106.361
    endloop
  endfacet
  facet normal 0 1 0
    outer loop
      vertex 62.034 76.7 106.823
      vertex 26.7851 76.7 106.25
      vertex 26.9445 76.7 106.5
    endloop
  endfacet
  facet normal 0 1 0
    outer loop
      vertex 26.4042 76.7 105.796
      vertex 62.4573 76.7 106.361
      vertex 62.6234 76.7 106.234
    endloop
  endfacet
  facet normal 0 1 0
    outer loop
      vertex 26.4042 76.7 105.796
      vertex 62.6234 76.7 106.234
      vertex 62.8 76.7 106.122
    endloop
  endfacet
  facet normal 0 1 0
    outer loop
      vertex 26.4042 76.7 105.796
      vertex 62.8 76.7 106.122
      vertex 62.9857 76.7 106.025
    endloop
  endfacet
  facet normal 0 1 0
    outer loop
      vertex 62.1615 76.7 106.657
      vertex 26.6045 76.7 106.015
      vertex 26.7851 76.7 106.25
    endloop
  endfacet
  facet normal 0 1 0
    outer loop
      vertex 26.4042 76.7 105.796
      vertex 62.9857 76.7 106.025
      vertex 63.1792 76.7 105.945
    endloop
  endfacet
  facet normal 0 1 0
    outer loop
      vertex 26.4042 76.7 105.796
      vertex 63.1792 76.7 105.945
      vertex 63.3788 76.7 105.882
    endloop
  endfacet
  facet normal 0 1 0
    outer loop
      vertex 26.4042 76.7 105.796
      vertex 63.3788 76.7 105.882
      vertex 63.5832 76.7 105.836
    endloop
  endfacet
  facet normal 0 1 0
    outer loop
      vertex 26.4042 76.7 105.796
      vertex 63.5832 76.7 105.836
      vertex 63.7908 76.7 105.809
    endloop
  endfacet
  facet normal 0 1 0
    outer loop
      vertex 26.4042 76.7 105.796
      vertex 63.7908 76.7 105.809
      vertex 64 76.7 105.8
    endloop
  endfacet
  facet normal 0 1 0
    outer loop
      vertex 62.3029 76.7 106.503
      vertex 26.4042 76.7 105.796
      vertex 26.6045 76.7 106.015
    endloop
  endfacet
  facet normal 0 -1 0
    outer loop
      vertex 75.0143 68.7 106.025
      vertex 76 68.7 101.2
      vertex 76.6101 68.7 101.227
    endloop
  endfacet
  facet normal 0 -1 0
    outer loop
      vertex 64.4168 68.7 110.564
      vertex 76 68.7 115.2
      vertex 64.2092 68.7 110.591
    endloop
  endfacet
  facet normal 0 -1 0
    outer loop
      vertex 76 68.7 115.2
      vertex 73.7908 68.7 110.591
      vertex 74 68.7 110.6
    endloop
  endfacet
  facet normal 0 -1 0
    outer loop
      vertex 64.6212 68.7 110.518
      vertex 76 68.7 115.2
      vertex 64.4168 68.7 110.564
    endloop
  endfacet
  facet normal 0 -1 0
    outer loop
      vertex 76 68.7 115.2
      vertex 73.5832 68.7 110.564
      vertex 73.7908 68.7 110.591
    endloop
  endfacet
  facet normal 0 -1 0
    outer loop
      vertex 64.8208 68.7 110.455
      vertex 76 68.7 115.2
      vertex 64.6212 68.7 110.518
    endloop
  endfacet
  facet normal 0 -1 0
    outer loop
      vertex 76 68.7 115.2
      vertex 73.3788 68.7 110.518
      vertex 73.5832 68.7 110.564
    endloop
  endfacet
  facet normal 0 -1 0
    outer loop
      vertex 65.0143 68.7 110.375
      vertex 76 68.7 115.2
      vertex 64.8208 68.7 110.455
    endloop
  endfacet
  facet normal 0 -1 0
    outer loop
      vertex 76 68.7 115.2
      vertex 73.1792 68.7 110.455
      vertex 73.3788 68.7 110.518
    endloop
  endfacet
  facet normal 0 -1 0
    outer loop
      vertex 65.2 68.7 110.278
      vertex 76 68.7 115.2
      vertex 65.0143 68.7 110.375
    endloop
  endfacet
  facet normal 0 -1 0
    outer loop
      vertex 76 68.7 115.2
      vertex 72.9857 68.7 110.375
      vertex 73.1792 68.7 110.455
    endloop
  endfacet
  facet normal 0 -1 0
    outer loop
      vertex 72.8 68.7 110.278
      vertex 76 68.7 115.2
      vertex 65.2 68.7 110.278
    endloop
  endfacet
  facet normal 0 -1 0
    outer loop
      vertex 76 68.7 115.2
      vertex 72.8 68.7 110.278
      vertex 72.9857 68.7 110.375
    endloop
  endfacet
  facet normal 0 -1 0
    outer loop
      vertex 65.3766 68.7 110.166
      vertex 72.8 68.7 110.278
      vertex 65.2 68.7 110.278
    endloop
  endfacet
  facet normal 0 -1 0
    outer loop
      vertex 65.3766 68.7 110.166
      vertex 72.6234 68.7 110.166
      vertex 72.8 68.7 110.278
    endloop
  endfacet
  facet normal 0 -1 0
    outer loop
      vertex 65.5427 68.7 110.039
      vertex 72.6234 68.7 110.166
      vertex 65.3766 68.7 110.166
    endloop
  endfacet
  facet normal 0 -1 0
    outer loop
      vertex 65.5427 68.7 110.039
      vertex 72.4573 68.7 110.039
      vertex 72.6234 68.7 110.166
    endloop
  endfacet
  facet normal 0 -1 0
    outer loop
      vertex 65.6971 68.7 109.897
      vertex 72.4573 68.7 110.039
      vertex 65.5427 68.7 110.039
    endloop
  endfacet
  facet normal 0 -1 0
    outer loop
      vertex 65.6971 68.7 109.897
      vertex 72.3029 68.7 109.897
      vertex 72.4573 68.7 110.039
    endloop
  endfacet
  facet normal 0 -1 0
    outer loop
      vertex 65.8385 68.7 109.743
      vertex 72.3029 68.7 109.897
      vertex 65.6971 68.7 109.897
    endloop
  endfacet
  facet normal 0 -1 0
    outer loop
      vertex 65.8385 68.7 109.743
      vertex 72.1615 68.7 109.743
      vertex 72.3029 68.7 109.897
    endloop
  endfacet
  facet normal 0 -1 0
    outer loop
      vertex 65.966 68.7 109.577
      vertex 72.1615 68.7 109.743
      vertex 65.8385 68.7 109.743
    endloop
  endfacet
  facet normal 0 -1 0
    outer loop
      vertex 65.966 68.7 109.577
      vertex 72.034 68.7 109.577
      vertex 72.1615 68.7 109.743
    endloop
  endfacet
  facet normal 0 -1 0
    outer loop
      vertex 66.0785 68.7 109.4
      vertex 72.034 68.7 109.577
      vertex 65.966 68.7 109.577
    endloop
  endfacet
  facet normal 0 -1 0
    outer loop
      vertex 66.0785 68.7 109.4
      vertex 71.9215 68.7 109.4
      vertex 72.034 68.7 109.577
    endloop
  endfacet
  facet normal 0 -1 0
    outer loop
      vertex 66.1751 68.7 109.214
      vertex 71.9215 68.7 109.4
      vertex 66.0785 68.7 109.4
    endloop
  endfacet
  facet normal 0 -1 0
    outer loop
      vertex 66.1751 68.7 109.214
      vertex 71.8249 68.7 109.214
      vertex 71.9215 68.7 109.4
    endloop
  endfacet
  facet normal 0 -1 0
    outer loop
      vertex 66.2553 68.7 109.021
      vertex 71.8249 68.7 109.214
      vertex 66.1751 68.7 109.214
    endloop
  endfacet
  facet normal 0 -1 0
    outer loop
      vertex 66.2553 68.7 109.021
      vertex 71.7447 68.7 109.021
      vertex 71.8249 68.7 109.214
    endloop
  endfacet
  facet normal 0 -1 0
    outer loop
      vertex 66.3182 68.7 108.821
      vertex 71.7447 68.7 109.021
      vertex 66.2553 68.7 109.021
    endloop
  endfacet
  facet normal 0 -1 0
    outer loop
      vertex 66.3182 68.7 108.821
      vertex 71.6818 68.7 108.821
      vertex 71.7447 68.7 109.021
    endloop
  endfacet
  facet normal 0 -1 0
    outer loop
      vertex 66.3635 68.7 108.617
      vertex 71.6818 68.7 108.821
      vertex 66.3182 68.7 108.821
    endloop
  endfacet
  facet normal 0 -1 0
    outer loop
      vertex 66.3635 68.7 108.617
      vertex 71.6365 68.7 108.617
      vertex 71.6818 68.7 108.821
    endloop
  endfacet
  facet normal 0 -1 0
    outer loop
      vertex 66.3909 68.7 108.409
      vertex 71.6365 68.7 108.617
      vertex 66.3635 68.7 108.617
    endloop
  endfacet
  facet normal 0 -1 0
    outer loop
      vertex 66.3909 68.7 108.409
      vertex 71.6091 68.7 108.409
      vertex 71.6365 68.7 108.617
    endloop
  endfacet
  facet normal 0 -1 0
    outer loop
      vertex 66.4 68.7 108.2
      vertex 71.6091 68.7 108.409
      vertex 66.3909 68.7 108.409
    endloop
  endfacet
  facet normal 0 -1 0
    outer loop
      vertex 66.4 68.7 108.2
      vertex 71.6 68.7 108.2
      vertex 71.6091 68.7 108.409
    endloop
  endfacet
  facet normal 0 -1 0
    outer loop
      vertex 66.3909 68.7 107.991
      vertex 71.6 68.7 108.2
      vertex 66.4 68.7 108.2
    endloop
  endfacet
  facet normal 0 -1 0
    outer loop
      vertex 66.3909 68.7 107.991
      vertex 71.6091 68.7 107.991
      vertex 71.6 68.7 108.2
    endloop
  endfacet
  facet normal 0 -1 0
    outer loop
      vertex 66.3635 68.7 107.783
      vertex 71.6091 68.7 107.991
      vertex 66.3909 68.7 107.991
    endloop
  endfacet
  facet normal 0 -1 0
    outer loop
      vertex 66.3635 68.7 107.783
      vertex 71.6365 68.7 107.783
      vertex 71.6091 68.7 107.991
    endloop
  endfacet
  facet normal 0 -1 0
    outer loop
      vertex 66.3182 68.7 107.579
      vertex 71.6365 68.7 107.783
      vertex 66.3635 68.7 107.783
    endloop
  endfacet
  facet normal 0 -1 0
    outer loop
      vertex 66.3182 68.7 107.579
      vertex 71.6818 68.7 107.579
      vertex 71.6365 68.7 107.783
    endloop
  endfacet
  facet normal 0 -1 0
    outer loop
      vertex 66.2553 68.7 107.379
      vertex 71.6818 68.7 107.579
      vertex 66.3182 68.7 107.579
    endloop
  endfacet
  facet normal 0 -1 0
    outer loop
      vertex 66.2553 68.7 107.379
      vertex 71.7447 68.7 107.379
      vertex 71.6818 68.7 107.579
    endloop
  endfacet
  facet normal 0 -1 0
    outer loop
      vertex 66.1751 68.7 107.186
      vertex 71.7447 68.7 107.379
      vertex 66.2553 68.7 107.379
    endloop
  endfacet
  facet normal 0 -1 0
    outer loop
      vertex 66.1751 68.7 107.186
      vertex 71.8249 68.7 107.186
      vertex 71.7447 68.7 107.379
    endloop
  endfacet
  facet normal 0 -1 0
    outer loop
      vertex 66.0785 68.7 107
      vertex 71.8249 68.7 107.186
      vertex 66.1751 68.7 107.186
    endloop
  endfacet
  facet normal 0 -1 0
    outer loop
      vertex 66.0785 68.7 107
      vertex 71.9215 68.7 107
      vertex 71.8249 68.7 107.186
    endloop
  endfacet
  facet normal 0 -1 0
    outer loop
      vertex 65.966 68.7 106.823
      vertex 71.9215 68.7 107
      vertex 66.0785 68.7 107
    endloop
  endfacet
  facet normal 0 -1 0
    outer loop
      vertex 65.966 68.7 106.823
      vertex 72.034 68.7 106.823
      vertex 71.9215 68.7 107
    endloop
  endfacet
  facet normal 0 -1 0
    outer loop
      vertex 65.8385 68.7 106.657
      vertex 72.034 68.7 106.823
      vertex 65.966 68.7 106.823
    endloop
  endfacet
  facet normal 0 -1 0
    outer loop
      vertex 65.8385 68.7 106.657
      vertex 72.1615 68.7 106.657
      vertex 72.034 68.7 106.823
    endloop
  endfacet
  facet normal 0 -1 0
    outer loop
      vertex 65.6971 68.7 106.503
      vertex 72.1615 68.7 106.657
      vertex 65.8385 68.7 106.657
    endloop
  endfacet
  facet normal 0 -1 0
    outer loop
      vertex 65.6971 68.7 106.503
      vertex 72.3029 68.7 106.503
      vertex 72.1615 68.7 106.657
    endloop
  endfacet
  facet normal 0 -1 0
    outer loop
      vertex 65.5427 68.7 106.361
      vertex 72.3029 68.7 106.503
      vertex 65.6971 68.7 106.503
    endloop
  endfacet
  facet normal 0 -1 0
    outer loop
      vertex 65.5427 68.7 106.361
      vertex 72.4573 68.7 106.361
      vertex 72.3029 68.7 106.503
    endloop
  endfacet
  facet normal 0 -1 0
    outer loop
      vertex 65.3766 68.7 106.234
      vertex 72.4573 68.7 106.361
      vertex 65.5427 68.7 106.361
    endloop
  endfacet
  facet normal 0 -1 0
    outer loop
      vertex 65.3766 68.7 106.234
      vertex 72.6234 68.7 106.234
      vertex 72.4573 68.7 106.361
    endloop
  endfacet
  facet normal 0 -1 0
    outer loop
      vertex 65.2 68.7 106.122
      vertex 72.6234 68.7 106.234
      vertex 65.3766 68.7 106.234
    endloop
  endfacet
  facet normal 0 -1 0
    outer loop
      vertex 65.2 68.7 106.122
      vertex 72.8 68.7 106.122
      vertex 72.6234 68.7 106.234
    endloop
  endfacet
  facet normal 0 -1 0
    outer loop
      vertex 76 68.7 101.2
      vertex 65.2 68.7 106.122
      vertex 65.0143 68.7 106.025
    endloop
  endfacet
  facet normal 0 -1 0
    outer loop
      vertex 76 68.7 101.2
      vertex 72.8 68.7 106.122
      vertex 65.2 68.7 106.122
    endloop
  endfacet
  facet normal 0 -1 0
    outer loop
      vertex 76 68.7 101.2
      vertex 65.0143 68.7 106.025
      vertex 64.8208 68.7 105.945
    endloop
  endfacet
  facet normal 0 -1 0
    outer loop
      vertex 76 68.7 101.2
      vertex 72.9857 68.7 106.025
      vertex 72.8 68.7 106.122
    endloop
  endfacet
  facet normal 0 -1 0
    outer loop
      vertex 76 68.7 101.2
      vertex 64.8208 68.7 105.945
      vertex 64.6212 68.7 105.882
    endloop
  endfacet
  facet normal 0 -1 0
    outer loop
      vertex 76 68.7 101.2
      vertex 73.1792 68.7 105.945
      vertex 72.9857 68.7 106.025
    endloop
  endfacet
  facet normal 0 -1 0
    outer loop
      vertex 76 68.7 101.2
      vertex 64.6212 68.7 105.882
      vertex 64.4168 68.7 105.836
    endloop
  endfacet
  facet normal 0 -1 0
    outer loop
      vertex 76 68.7 101.2
      vertex 73.3788 68.7 105.882
      vertex 73.1792 68.7 105.945
    endloop
  endfacet
  facet normal 0 -1 0
    outer loop
      vertex 76 68.7 101.2
      vertex 64.4168 68.7 105.836
      vertex 64.2092 68.7 105.809
    endloop
  endfacet
  facet normal 0 -1 0
    outer loop
      vertex 76 68.7 101.2
      vertex 73.5832 68.7 105.836
      vertex 73.3788 68.7 105.882
    endloop
  endfacet
  facet normal 0 -1 0
    outer loop
      vertex 76 68.7 101.2
      vertex 64.2092 68.7 105.809
      vertex 64 68.7 105.8
    endloop
  endfacet
  facet normal 0 -1 0
    outer loop
      vertex 76 68.7 101.2
      vertex 73.7908 68.7 105.809
      vertex 73.5832 68.7 105.836
    endloop
  endfacet
  facet normal 0 -1 0
    outer loop
      vertex 76 68.7 115.2
      vertex 63.7908 68.7 110.591
      vertex 64 68.7 110.6
    endloop
  endfacet
  facet normal 0 -1 0
    outer loop
      vertex 24 68.7 115.2
      vertex 63.5832 68.7 110.564
      vertex 63.7908 68.7 110.591
    endloop
  endfacet
  facet normal 0 -1 0
    outer loop
      vertex 24 68.7 115.2
      vertex 63.3788 68.7 110.518
      vertex 63.5832 68.7 110.564
    endloop
  endfacet
  facet normal 0 -1 0
    outer loop
      vertex 24 68.7 115.2
      vertex 63.1792 68.7 110.455
      vertex 63.3788 68.7 110.518
    endloop
  endfacet
  facet normal 0 -1 0
    outer loop
      vertex 26.7851 68.7 110.15
      vertex 24 68.7 115.2
      vertex 26.6045 68.7 110.385
    endloop
  endfacet
  facet normal 0 -1 0
    outer loop
      vertex 24 68.7 115.2
      vertex 62.9857 68.7 110.375
      vertex 63.1792 68.7 110.455
    endloop
  endfacet
  facet normal 0 -1 0
    outer loop
      vertex 24 68.7 115.2
      vertex 62.8 68.7 110.278
      vertex 62.9857 68.7 110.375
    endloop
  endfacet
  facet normal 0 -1 0
    outer loop
      vertex 24 68.7 115.2
      vertex 62.6234 68.7 110.166
      vertex 62.8 68.7 110.278
    endloop
  endfacet
  facet normal 0 -1 0
    outer loop
      vertex 24 68.7 115.2
      vertex 26.7851 68.7 110.15
      vertex 62.1615 68.7 109.743
    endloop
  endfacet
  facet normal 0 -1 0
    outer loop
      vertex 24 68.7 115.2
      vertex 62.4573 68.7 110.039
      vertex 62.6234 68.7 110.166
    endloop
  endfacet
  facet normal 0 -1 0
    outer loop
      vertex 62.034 68.7 109.577
      vertex 26.7851 68.7 110.15
      vertex 26.9445 68.7 109.9
    endloop
  endfacet
  facet normal 0 -1 0
    outer loop
      vertex 24 68.7 115.2
      vertex 62.3029 68.7 109.897
      vertex 62.4573 68.7 110.039
    endloop
  endfacet
  facet normal 0 -1 0
    outer loop
      vertex 24 68.7 115.2
      vertex 62.1615 68.7 109.743
      vertex 62.3029 68.7 109.897
    endloop
  endfacet
  facet normal 0 -1 0
    outer loop
      vertex 61.9215 68.7 109.4
      vertex 26.9445 68.7 109.9
      vertex 27.0814 68.7 109.637
    endloop
  endfacet
  facet normal 0 -1 0
    outer loop
      vertex 26.7851 68.7 110.15
      vertex 62.034 68.7 109.577
      vertex 62.1615 68.7 109.743
    endloop
  endfacet
  facet normal 0 -1 0
    outer loop
      vertex 26.9445 68.7 109.9
      vertex 61.9215 68.7 109.4
      vertex 62.034 68.7 109.577
    endloop
  endfacet
  facet normal 0 -1 0
    outer loop
      vertex 61.8249 68.7 109.214
      vertex 27.0814 68.7 109.637
      vertex 27.195 68.7 109.363
    endloop
  endfacet
  facet normal 0 -1 0
    outer loop
      vertex 27.0814 68.7 109.637
      vertex 61.8249 68.7 109.214
      vertex 61.9215 68.7 109.4
    endloop
  endfacet
  facet normal 0 -1 0
    outer loop
      vertex 61.7447 68.7 109.021
      vertex 27.195 68.7 109.363
      vertex 27.2841 68.7 109.08
    endloop
  endfacet
  facet normal 0 -1 0
    outer loop
      vertex 27.195 68.7 109.363
      vertex 61.7447 68.7 109.021
      vertex 61.8249 68.7 109.214
    endloop
  endfacet
  facet normal 0 -1 0
    outer loop
      vertex 27.2841 68.7 109.08
      vertex 61.6818 68.7 108.821
      vertex 61.7447 68.7 109.021
    endloop
  endfacet
  facet normal 0 -1 0
    outer loop
      vertex 27.3483 68.7 108.79
      vertex 61.6818 68.7 108.821
      vertex 27.2841 68.7 109.08
    endloop
  endfacet
  facet normal 0 -1 0
    outer loop
      vertex 27.3483 68.7 108.79
      vertex 61.6365 68.7 108.617
      vertex 61.6818 68.7 108.821
    endloop
  endfacet
  facet normal 0 -1 0
    outer loop
      vertex 27.3871 68.7 108.496
      vertex 61.6365 68.7 108.617
      vertex 27.3483 68.7 108.79
    endloop
  endfacet
  facet normal 0 -1 0
    outer loop
      vertex 27.3871 68.7 108.496
      vertex 61.6091 68.7 108.409
      vertex 61.6365 68.7 108.617
    endloop
  endfacet
  facet normal 0 -1 0
    outer loop
      vertex 30 68.7 101.2
      vertex 27.3871 68.7 108.496
      vertex 27.4 68.7 108.2
    endloop
  endfacet
  facet normal 0 -1 0
    outer loop
      vertex 27.3871 68.7 108.496
      vertex 30 68.7 101.2
      vertex 61.6091 68.7 108.409
    endloop
  endfacet
  facet normal 0 -1 0
    outer loop
      vertex 61.6091 68.7 108.409
      vertex 30 68.7 101.2
      vertex 61.6 68.7 108.2
    endloop
  endfacet
  facet normal 0 -1 0
    outer loop
      vertex 30 68.7 101.2
      vertex 27.4 68.7 108.2
      vertex 27.3871 68.7 107.904
    endloop
  endfacet
  facet normal 0 -1 -0
    outer loop
      vertex 61.6 68.7 108.2
      vertex 30 68.7 101.2
      vertex 61.6091 68.7 107.991
    endloop
  endfacet
  facet normal 0 -1 0
    outer loop
      vertex 30 68.7 101.2
      vertex 27.3871 68.7 107.904
      vertex 27.3483 68.7 107.61
    endloop
  endfacet
  facet normal 0 -1 -0
    outer loop
      vertex 61.6091 68.7 107.991
      vertex 30 68.7 101.2
      vertex 61.6365 68.7 107.783
    endloop
  endfacet
  facet normal 0 -1 -0
    outer loop
      vertex 61.6365 68.7 107.783
      vertex 30 68.7 101.2
      vertex 61.6818 68.7 107.579
    endloop
  endfacet
  facet normal 0 -1 0
    outer loop
      vertex 30 68.7 101.2
      vertex 27.3483 68.7 107.61
      vertex 27.2841 68.7 107.32
    endloop
  endfacet
  facet normal 0 -1 -0
    outer loop
      vertex 61.6818 68.7 107.579
      vertex 30 68.7 101.2
      vertex 61.7447 68.7 107.379
    endloop
  endfacet
  facet normal 0 -1 0
    outer loop
      vertex 30 68.7 101.2
      vertex 27.2841 68.7 107.32
      vertex 27.195 68.7 107.037
    endloop
  endfacet
  facet normal 0 -1 -0
    outer loop
      vertex 61.7447 68.7 107.379
      vertex 30 68.7 101.2
      vertex 61.8249 68.7 107.186
    endloop
  endfacet
  facet normal 0 -1 -0
    outer loop
      vertex 61.8249 68.7 107.186
      vertex 30 68.7 101.2
      vertex 61.9215 68.7 107
    endloop
  endfacet
  facet normal 0 -1 0
    outer loop
      vertex 30 68.7 101.2
      vertex 27.195 68.7 107.037
      vertex 27.0814 68.7 106.763
    endloop
  endfacet
  facet normal 0 -1 -0
    outer loop
      vertex 61.9215 68.7 107
      vertex 30 68.7 101.2
      vertex 62.034 68.7 106.823
    endloop
  endfacet
  facet normal 0 -1 -0
    outer loop
      vertex 62.034 68.7 106.823
      vertex 30 68.7 101.2
      vertex 62.1615 68.7 106.657
    endloop
  endfacet
  facet normal 0 -1 0
    outer loop
      vertex 30 68.7 101.2
      vertex 27.0814 68.7 106.763
      vertex 26.9445 68.7 106.5
    endloop
  endfacet
  facet normal 0 -1 -0
    outer loop
      vertex 62.1615 68.7 106.657
      vertex 30 68.7 101.2
      vertex 62.3029 68.7 106.503
    endloop
  endfacet
  facet normal 0 -1 0
    outer loop
      vertex 30 68.7 101.2
      vertex 26.9445 68.7 106.5
      vertex 26.7851 68.7 106.25
    endloop
  endfacet
  facet normal 0 -1 -0
    outer loop
      vertex 62.3029 68.7 106.503
      vertex 30 68.7 101.2
      vertex 62.4573 68.7 106.361
    endloop
  endfacet
  facet normal 0 -1 -0
    outer loop
      vertex 62.4573 68.7 106.361
      vertex 30 68.7 101.2
      vertex 62.6234 68.7 106.234
    endloop
  endfacet
  facet normal 0 -1 -0
    outer loop
      vertex 62.6234 68.7 106.234
      vertex 30 68.7 101.2
      vertex 62.8 68.7 106.122
    endloop
  endfacet
  facet normal 0 -1 0
    outer loop
      vertex 30 68.7 101.2
      vertex 26.7851 68.7 106.25
      vertex 26.6045 68.7 106.015
    endloop
  endfacet
  facet normal 0 -1 -0
    outer loop
      vertex 62.8 68.7 106.122
      vertex 30 68.7 101.2
      vertex 62.9857 68.7 106.025
    endloop
  endfacet
  facet normal 0 -1 -0
    outer loop
      vertex 62.9857 68.7 106.025
      vertex 30 68.7 101.2
      vertex 63.1792 68.7 105.945
    endloop
  endfacet
  facet normal 0 -1 -0
    outer loop
      vertex 63.1792 68.7 105.945
      vertex 30 68.7 101.2
      vertex 63.3788 68.7 105.882
    endloop
  endfacet
  facet normal 0 -1 -0
    outer loop
      vertex 63.3788 68.7 105.882
      vertex 30 68.7 101.2
      vertex 63.5832 68.7 105.836
    endloop
  endfacet
  facet normal 0 -1 0
    outer loop
      vertex 76 68.7 101.2
      vertex 63.5832 68.7 105.836
      vertex 30 68.7 101.2
    endloop
  endfacet
  facet normal 0 -1 0
    outer loop
      vertex 76 68.7 101.2
      vertex 63.7908 68.7 105.809
      vertex 63.5832 68.7 105.836
    endloop
  endfacet
  facet normal 0 -1 0
    outer loop
      vertex 30 68.7 101.2
      vertex 26.6045 68.7 106.015
      vertex 26.4042 68.7 105.796
    endloop
  endfacet
  facet normal 0 -1 0
    outer loop
      vertex 24 68.7 111.6
      vertex 24 68.7 115.2
      vertex 23.3899 68.7 115.173
    endloop
  endfacet
  facet normal 0 -1 0
    outer loop
      vertex 63.7908 68.7 110.591
      vertex 76 68.7 115.2
      vertex 24 68.7 115.2
    endloop
  endfacet
  facet normal 0 -1 0
    outer loop
      vertex 23.7037 68.7 111.587
      vertex 23.3899 68.7 115.173
      vertex 22.7845 68.7 115.094
    endloop
  endfacet
  facet normal 0 -1 0
    outer loop
      vertex 64.2092 68.7 110.591
      vertex 76 68.7 115.2
      vertex 64 68.7 110.6
    endloop
  endfacet
  facet normal 0 -1 0
    outer loop
      vertex 23.4096 68.7 111.548
      vertex 22.7845 68.7 115.094
      vertex 22.1883 68.7 114.961
    endloop
  endfacet
  facet normal 0 -1 0
    outer loop
      vertex 74.2092 68.7 110.591
      vertex 76 68.7 115.2
      vertex 74 68.7 110.6
    endloop
  endfacet
  facet normal 0 -1 0
    outer loop
      vertex 23.12 68.7 111.484
      vertex 22.1883 68.7 114.961
      vertex 21.6059 68.7 114.778
    endloop
  endfacet
  facet normal 0 -1 0
    outer loop
      vertex 74.4168 68.7 110.564
      vertex 76 68.7 115.2
      vertex 74.2092 68.7 110.591
    endloop
  endfacet
  facet normal 0 -1 0
    outer loop
      vertex 22.8371 68.7 111.395
      vertex 21.6059 68.7 114.778
      vertex 21.0417 68.7 114.544
    endloop
  endfacet
  facet normal 0 -1 0
    outer loop
      vertex 74.6212 68.7 110.518
      vertex 76 68.7 115.2
      vertex 74.4168 68.7 110.564
    endloop
  endfacet
  facet normal 0 -1 0
    outer loop
      vertex 22.5631 68.7 111.281
      vertex 21.0417 68.7 114.544
      vertex 20.5 68.7 114.262
    endloop
  endfacet
  facet normal 0 -1 0
    outer loop
      vertex 74.8208 68.7 110.455
      vertex 76 68.7 115.2
      vertex 74.6212 68.7 110.518
    endloop
  endfacet
  facet normal 0 -1 0
    outer loop
      vertex 22.3 68.7 111.144
      vertex 20.5 68.7 114.262
      vertex 19.985 68.7 113.934
    endloop
  endfacet
  facet normal 0 -1 0
    outer loop
      vertex 75.0143 68.7 110.375
      vertex 76 68.7 115.2
      vertex 74.8208 68.7 110.455
    endloop
  endfacet
  facet normal 0 -1 0
    outer loop
      vertex 22.0498 68.7 110.985
      vertex 19.985 68.7 113.934
      vertex 19.5005 68.7 113.562
    endloop
  endfacet
  facet normal 0 -1 -0
    outer loop
      vertex 76 68.7 115.2
      vertex 75.0143 68.7 110.375
      vertex 76.6101 68.7 115.173
    endloop
  endfacet
  facet normal 0 -1 0
    outer loop
      vertex 21.8145 68.7 110.805
      vertex 19.5005 68.7 113.562
      vertex 19.0503 68.7 113.15
    endloop
  endfacet
  facet normal 0 -1 0
    outer loop
      vertex 75.2 68.7 110.278
      vertex 76.6101 68.7 115.173
      vertex 75.0143 68.7 110.375
    endloop
  endfacet
  facet normal 0 -1 0
    outer loop
      vertex 21.5958 68.7 110.604
      vertex 19.0503 68.7 113.15
      vertex 18.6377 68.7 112.7
    endloop
  endfacet
  facet normal 0 -1 -0
    outer loop
      vertex 76.6101 68.7 115.173
      vertex 75.2 68.7 110.278
      vertex 77.2155 68.7 115.094
    endloop
  endfacet
  facet normal 0 -1 0
    outer loop
      vertex 21.3954 68.7 110.385
      vertex 18.6377 68.7 112.7
      vertex 18.2659 68.7 112.215
    endloop
  endfacet
  facet normal 0 -1 0
    outer loop
      vertex 24 68.7 115.2
      vertex 24.2963 68.7 111.587
      vertex 24.5904 68.7 111.548
    endloop
  endfacet
  facet normal 0 -1 0
    outer loop
      vertex 21.2149 68.7 110.15
      vertex 18.2659 68.7 112.215
      vertex 17.9378 68.7 111.7
    endloop
  endfacet
  facet normal 0 -1 0
    outer loop
      vertex 24 68.7 115.2
      vertex 24 68.7 111.6
      vertex 24.2963 68.7 111.587
    endloop
  endfacet
  facet normal 0 -1 0
    outer loop
      vertex 75.3766 68.7 110.166
      vertex 77.2155 68.7 115.094
      vertex 75.2 68.7 110.278
    endloop
  endfacet
  facet normal 0 -1 0
    outer loop
      vertex 23.3899 68.7 115.173
      vertex 23.7037 68.7 111.587
      vertex 24 68.7 111.6
    endloop
  endfacet
  facet normal 0 -1 0
    outer loop
      vertex 22.7845 68.7 115.094
      vertex 23.4096 68.7 111.548
      vertex 23.7037 68.7 111.587
    endloop
  endfacet
  facet normal 0 -1 0
    outer loop
      vertex 22.1883 68.7 114.961
      vertex 23.12 68.7 111.484
      vertex 23.4096 68.7 111.548
    endloop
  endfacet
  facet normal 0 -1 0
    outer loop
      vertex 21.6059 68.7 114.778
      vertex 22.8371 68.7 111.395
      vertex 23.12 68.7 111.484
    endloop
  endfacet
  facet normal 0 -1 0
    outer loop
      vertex 21.0417 68.7 114.544
      vertex 22.5631 68.7 111.281
      vertex 22.8371 68.7 111.395
    endloop
  endfacet
  facet normal 0 -1 0
    outer loop
      vertex 21.0555 68.7 109.9
      vertex 17.9378 68.7 111.7
      vertex 17.6558 68.7 111.158
    endloop
  endfacet
  facet normal 0 -1 0
    outer loop
      vertex 20.5 68.7 114.262
      vertex 22.3 68.7 111.144
      vertex 22.5631 68.7 111.281
    endloop
  endfacet
  facet normal 0 -1 0
    outer loop
      vertex 19.985 68.7 113.934
      vertex 22.0498 68.7 110.985
      vertex 22.3 68.7 111.144
    endloop
  endfacet
  facet normal 0 -1 0
    outer loop
      vertex 19.5005 68.7 113.562
      vertex 21.8145 68.7 110.805
      vertex 22.0498 68.7 110.985
    endloop
  endfacet
  facet normal 0 -1 0
    outer loop
      vertex 19.0503 68.7 113.15
      vertex 21.5958 68.7 110.604
      vertex 21.8145 68.7 110.805
    endloop
  endfacet
  facet normal 0 -1 0
    outer loop
      vertex 20.9186 68.7 109.637
      vertex 17.6558 68.7 111.158
      vertex 17.4222 68.7 110.594
    endloop
  endfacet
  facet normal 0 -1 0
    outer loop
      vertex 18.6377 68.7 112.7
      vertex 21.3954 68.7 110.385
      vertex 21.5958 68.7 110.604
    endloop
  endfacet
  facet normal 0 -1 0
    outer loop
      vertex 18.2659 68.7 112.215
      vertex 21.2149 68.7 110.15
      vertex 21.3954 68.7 110.385
    endloop
  endfacet
  facet normal 0 -1 0
    outer loop
      vertex 20.805 68.7 109.363
      vertex 17.4222 68.7 110.594
      vertex 17.2385 68.7 110.012
    endloop
  endfacet
  facet normal 0 -1 0
    outer loop
      vertex 17.9378 68.7 111.7
      vertex 21.0555 68.7 109.9
      vertex 21.2149 68.7 110.15
    endloop
  endfacet
  facet normal 0 -1 0
    outer loop
      vertex 17.6558 68.7 111.158
      vertex 20.9186 68.7 109.637
      vertex 21.0555 68.7 109.9
    endloop
  endfacet
  facet normal 0 -1 0
    outer loop
      vertex 20.7159 68.7 109.08
      vertex 17.2385 68.7 110.012
      vertex 17.1063 68.7 109.416
    endloop
  endfacet
  facet normal 0 -1 0
    outer loop
      vertex 17.4222 68.7 110.594
      vertex 20.805 68.7 109.363
      vertex 20.9186 68.7 109.637
    endloop
  endfacet
  facet normal 0 -1 0
    outer loop
      vertex 17.2385 68.7 110.012
      vertex 20.7159 68.7 109.08
      vertex 20.805 68.7 109.363
    endloop
  endfacet
  facet normal 0 -1 0
    outer loop
      vertex 20.6517 68.7 108.79
      vertex 17.1063 68.7 109.416
      vertex 17.0266 68.7 108.81
    endloop
  endfacet
  facet normal 0 -1 0
    outer loop
      vertex 17.1063 68.7 109.416
      vertex 20.6517 68.7 108.79
      vertex 20.7159 68.7 109.08
    endloop
  endfacet
  facet normal 0 -1 0
    outer loop
      vertex 17.0266 68.7 108.81
      vertex 20.6129 68.7 108.496
      vertex 20.6517 68.7 108.79
    endloop
  endfacet
  facet normal 0 -1 0
    outer loop
      vertex 17 68.7 108.2
      vertex 20.6129 68.7 108.496
      vertex 17.0266 68.7 108.81
    endloop
  endfacet
  facet normal 0 -1 0
    outer loop
      vertex 17 68.7 108.2
      vertex 20.6 68.7 108.2
      vertex 20.6129 68.7 108.496
    endloop
  endfacet
  facet normal 0 -1 0
    outer loop
      vertex 17 68.7 108.2
      vertex 20.6129 68.7 107.904
      vertex 20.6 68.7 108.2
    endloop
  endfacet
  facet normal 0 -1 0
    outer loop
      vertex 17.0266 68.7 107.59
      vertex 20.6129 68.7 107.904
      vertex 17 68.7 108.2
    endloop
  endfacet
  facet normal 0 -1 -0
    outer loop
      vertex 20.6129 68.7 107.904
      vertex 17.0266 68.7 107.59
      vertex 20.6517 68.7 107.61
    endloop
  endfacet
  facet normal 0 -1 0
    outer loop
      vertex 17.1063 68.7 106.984
      vertex 20.6517 68.7 107.61
      vertex 17.0266 68.7 107.59
    endloop
  endfacet
  facet normal 0 -1 -0
    outer loop
      vertex 20.6517 68.7 107.61
      vertex 17.1063 68.7 106.984
      vertex 20.7159 68.7 107.32
    endloop
  endfacet
  facet normal 0 -1 0
    outer loop
      vertex 17.2385 68.7 106.388
      vertex 20.7159 68.7 107.32
      vertex 17.1063 68.7 106.984
    endloop
  endfacet
  facet normal 0 -1 -0
    outer loop
      vertex 20.7159 68.7 107.32
      vertex 17.2385 68.7 106.388
      vertex 20.805 68.7 107.037
    endloop
  endfacet
  facet normal 0 -1 0
    outer loop
      vertex 17.4222 68.7 105.806
      vertex 20.805 68.7 107.037
      vertex 17.2385 68.7 106.388
    endloop
  endfacet
  facet normal 0 -1 -0
    outer loop
      vertex 20.805 68.7 107.037
      vertex 17.4222 68.7 105.806
      vertex 20.9186 68.7 106.763
    endloop
  endfacet
  facet normal 0 -1 0
    outer loop
      vertex 17.6558 68.7 105.242
      vertex 20.9186 68.7 106.763
      vertex 17.4222 68.7 105.806
    endloop
  endfacet
  facet normal 0 -1 -0
    outer loop
      vertex 20.9186 68.7 106.763
      vertex 17.6558 68.7 105.242
      vertex 21.0555 68.7 106.5
    endloop
  endfacet
  facet normal 0 -1 0
    outer loop
      vertex 17.9378 68.7 104.7
      vertex 21.0555 68.7 106.5
      vertex 17.6558 68.7 105.242
    endloop
  endfacet
  facet normal 0 -1 0
    outer loop
      vertex 18 68.7 104.602
      vertex 21.0555 68.7 106.5
      vertex 17.9378 68.7 104.7
    endloop
  endfacet
  facet normal 0 -1 -0
    outer loop
      vertex 21.0555 68.7 106.5
      vertex 18 68.7 104.602
      vertex 21.2149 68.7 106.25
    endloop
  endfacet
  facet normal 0 -1 -0
    outer loop
      vertex 21.2149 68.7 106.25
      vertex 18 68.7 104.602
      vertex 21.3954 68.7 106.015
    endloop
  endfacet
  facet normal 0 -1 -0
    outer loop
      vertex 21.3954 68.7 106.015
      vertex 18 68.7 104.602
      vertex 21.5958 68.7 105.796
    endloop
  endfacet
  facet normal 0 -1 -0
    outer loop
      vertex 21.5958 68.7 105.796
      vertex 18 68.7 104.602
      vertex 21.8145 68.7 105.595
    endloop
  endfacet
  facet normal 0 -1 -0
    outer loop
      vertex 21.8145 68.7 105.595
      vertex 18 68.7 104.602
      vertex 22.0498 68.7 105.415
    endloop
  endfacet
  facet normal 0 -1 -0
    outer loop
      vertex 22.0498 68.7 105.415
      vertex 18 68.7 104.602
      vertex 22.3 68.7 105.256
    endloop
  endfacet
  facet normal 0 -1 -0
    outer loop
      vertex 22.3 68.7 105.256
      vertex 18 68.7 104.602
      vertex 22.5631 68.7 105.119
    endloop
  endfacet
  facet normal 0 -1 -0
    outer loop
      vertex 22.5631 68.7 105.119
      vertex 18 68.7 104.602
      vertex 22.8371 68.7 105.005
    endloop
  endfacet
  facet normal 0 -1 0
    outer loop
      vertex 18 68.7 95.4
      vertex 22.8371 68.7 105.005
      vertex 18 68.7 104.602
    endloop
  endfacet
  facet normal 0 -1 -0
    outer loop
      vertex 23.12 68.7 104.916
      vertex 18 68.7 95.4
      vertex 23.4096 68.7 104.852
    endloop
  endfacet
  facet normal 0 -1 -0
    outer loop
      vertex 22.8371 68.7 105.005
      vertex 18 68.7 95.4
      vertex 23.12 68.7 104.916
    endloop
  endfacet
  facet normal 0 -1 -0
    outer loop
      vertex 77.2155 68.7 115.094
      vertex 75.3766 68.7 110.166
      vertex 77.8117 68.7 114.961
    endloop
  endfacet
  facet normal 0 -1 0
    outer loop
      vertex 24 68.7 115.2
      vertex 24.5904 68.7 111.548
      vertex 24.88 68.7 111.484
    endloop
  endfacet
  facet normal 0 -1 0
    outer loop
      vertex 24 68.7 115.2
      vertex 24.88 68.7 111.484
      vertex 25.1629 68.7 111.395
    endloop
  endfacet
  facet normal 0 -1 0
    outer loop
      vertex 24 68.7 115.2
      vertex 25.1629 68.7 111.395
      vertex 25.4369 68.7 111.281
    endloop
  endfacet
  facet normal 0 -1 0
    outer loop
      vertex 24 68.7 115.2
      vertex 25.4369 68.7 111.281
      vertex 25.7 68.7 111.144
    endloop
  endfacet
  facet normal 0 -1 0
    outer loop
      vertex 75.5427 68.7 110.039
      vertex 77.8117 68.7 114.961
      vertex 75.3766 68.7 110.166
    endloop
  endfacet
  facet normal 0 -1 0
    outer loop
      vertex 24 68.7 115.2
      vertex 25.7 68.7 111.144
      vertex 25.9502 68.7 110.985
    endloop
  endfacet
  facet normal 0 -1 0
    outer loop
      vertex 24 68.7 115.2
      vertex 25.9502 68.7 110.985
      vertex 26.1855 68.7 110.805
    endloop
  endfacet
  facet normal 0 -1 0
    outer loop
      vertex 24 68.7 115.2
      vertex 26.1855 68.7 110.805
      vertex 26.4042 68.7 110.604
    endloop
  endfacet
  facet normal 0 -1 0
    outer loop
      vertex 26.6045 68.7 110.385
      vertex 24 68.7 115.2
      vertex 26.4042 68.7 110.604
    endloop
  endfacet
  facet normal 0 -1 -0
    outer loop
      vertex 77.8117 68.7 114.961
      vertex 75.5427 68.7 110.039
      vertex 78.3941 68.7 114.778
    endloop
  endfacet
  facet normal 0 -1 0
    outer loop
      vertex 75.6971 68.7 109.897
      vertex 78.3941 68.7 114.778
      vertex 75.5427 68.7 110.039
    endloop
  endfacet
  facet normal 0 -1 -0
    outer loop
      vertex 78.3941 68.7 114.778
      vertex 75.6971 68.7 109.897
      vertex 78.9583 68.7 114.544
    endloop
  endfacet
  facet normal 0 -1 -0
    outer loop
      vertex 78.9583 68.7 114.544
      vertex 75.6971 68.7 109.897
      vertex 79.5 68.7 114.262
    endloop
  endfacet
  facet normal 0 -1 0
    outer loop
      vertex 75.8385 68.7 109.743
      vertex 79.5 68.7 114.262
      vertex 75.6971 68.7 109.897
    endloop
  endfacet
  facet normal 0 -1 -0
    outer loop
      vertex 79.5 68.7 114.262
      vertex 75.8385 68.7 109.743
      vertex 80.015 68.7 113.934
    endloop
  endfacet
  facet normal 0 -1 0
    outer loop
      vertex 75.966 68.7 109.577
      vertex 80.015 68.7 113.934
      vertex 75.8385 68.7 109.743
    endloop
  endfacet
  facet normal 0 -1 -0
    outer loop
      vertex 80.015 68.7 113.934
      vertex 75.966 68.7 109.577
      vertex 80.4995 68.7 113.562
    endloop
  endfacet
  facet normal 0 -1 0
    outer loop
      vertex 76.0785 68.7 109.4
      vertex 80.4995 68.7 113.562
      vertex 75.966 68.7 109.577
    endloop
  endfacet
  facet normal 0 -1 -0
    outer loop
      vertex 80.4995 68.7 113.562
      vertex 76.0785 68.7 109.4
      vertex 80.9497 68.7 113.15
    endloop
  endfacet
  facet normal 0 -1 -0
    outer loop
      vertex 80.9497 68.7 113.15
      vertex 76.0785 68.7 109.4
      vertex 81.3623 68.7 112.7
    endloop
  endfacet
  facet normal 0 -1 0
    outer loop
      vertex 76.1751 68.7 109.214
      vertex 81.3623 68.7 112.7
      vertex 76.0785 68.7 109.4
    endloop
  endfacet
  facet normal 0 -1 -0
    outer loop
      vertex 81.3623 68.7 112.7
      vertex 76.1751 68.7 109.214
      vertex 81.7341 68.7 112.215
    endloop
  endfacet
  facet normal 0 -1 0
    outer loop
      vertex 76.2553 68.7 109.021
      vertex 81.7341 68.7 112.215
      vertex 76.1751 68.7 109.214
    endloop
  endfacet
  facet normal 0 -1 -0
    outer loop
      vertex 81.7341 68.7 112.215
      vertex 76.2553 68.7 109.021
      vertex 82.0622 68.7 111.7
    endloop
  endfacet
  facet normal 0 -1 -0
    outer loop
      vertex 82.0622 68.7 111.7
      vertex 76.2553 68.7 109.021
      vertex 82.3442 68.7 111.158
    endloop
  endfacet
  facet normal 0 -1 0
    outer loop
      vertex 76.3182 68.7 108.821
      vertex 82.3442 68.7 111.158
      vertex 76.2553 68.7 109.021
    endloop
  endfacet
  facet normal 0 -1 -0
    outer loop
      vertex 82.3442 68.7 111.158
      vertex 76.3182 68.7 108.821
      vertex 82.5779 68.7 110.594
    endloop
  endfacet
  facet normal 0 -1 0
    outer loop
      vertex 76.3635 68.7 108.617
      vertex 82.5779 68.7 110.594
      vertex 76.3182 68.7 108.821
    endloop
  endfacet
  facet normal 0 -1 -0
    outer loop
      vertex 82.5779 68.7 110.594
      vertex 76.3635 68.7 108.617
      vertex 82.7615 68.7 110.012
    endloop
  endfacet
  facet normal 0 -1 -0
    outer loop
      vertex 82.7615 68.7 110.012
      vertex 76.3635 68.7 108.617
      vertex 82.8937 68.7 109.416
    endloop
  endfacet
  facet normal 0 -1 0
    outer loop
      vertex 76.3909 68.7 108.409
      vertex 82.8937 68.7 109.416
      vertex 76.3635 68.7 108.617
    endloop
  endfacet
  facet normal 0 -1 -0
    outer loop
      vertex 82.8937 68.7 109.416
      vertex 76.3909 68.7 108.409
      vertex 82.9734 68.7 108.81
    endloop
  endfacet
  facet normal 0 -1 0
    outer loop
      vertex 76.4 68.7 108.2
      vertex 82.9734 68.7 108.81
      vertex 76.3909 68.7 108.409
    endloop
  endfacet
  facet normal 0 -1 0
    outer loop
      vertex 76.4 68.7 108.2
      vertex 83 68.7 108.2
      vertex 82.9734 68.7 108.81
    endloop
  endfacet
  facet normal 0 -1 0
    outer loop
      vertex 82.9734 68.7 107.59
      vertex 76.4 68.7 108.2
      vertex 76.3909 68.7 107.991
    endloop
  endfacet
  facet normal 0 -1 0
    outer loop
      vertex 82.8937 68.7 106.984
      vertex 76.3909 68.7 107.991
      vertex 76.3635 68.7 107.783
    endloop
  endfacet
  facet normal 0 -1 0
    outer loop
      vertex 76.4 68.7 108.2
      vertex 82.9734 68.7 107.59
      vertex 83 68.7 108.2
    endloop
  endfacet
  facet normal 0 -1 0
    outer loop
      vertex 82.5779 68.7 105.806
      vertex 76.3635 68.7 107.783
      vertex 76.3182 68.7 107.579
    endloop
  endfacet
  facet normal 0 -1 0
    outer loop
      vertex 82.3442 68.7 105.242
      vertex 76.3182 68.7 107.579
      vertex 76.2553 68.7 107.379
    endloop
  endfacet
  facet normal 0 -1 0
    outer loop
      vertex 81.7341 68.7 104.185
      vertex 76.2553 68.7 107.379
      vertex 76.1751 68.7 107.186
    endloop
  endfacet
  facet normal 0 -1 0
    outer loop
      vertex 81.3623 68.7 103.7
      vertex 76.1751 68.7 107.186
      vertex 76.0785 68.7 107
    endloop
  endfacet
  facet normal 0 -1 0
    outer loop
      vertex 76.3909 68.7 107.991
      vertex 82.8937 68.7 106.984
      vertex 82.9734 68.7 107.59
    endloop
  endfacet
  facet normal 0 -1 0
    outer loop
      vertex 80.4995 68.7 102.838
      vertex 76.0785 68.7 107
      vertex 75.966 68.7 106.823
    endloop
  endfacet
  facet normal 0 -1 0
    outer loop
      vertex 80.015 68.7 102.466
      vertex 75.966 68.7 106.823
      vertex 75.8385 68.7 106.657
    endloop
  endfacet
  facet normal 0 -1 0
    outer loop
      vertex 79.5 68.7 102.138
      vertex 75.8385 68.7 106.657
      vertex 75.6971 68.7 106.503
    endloop
  endfacet
  facet normal 0 -1 0
    outer loop
      vertex 76.3635 68.7 107.783
      vertex 82.7615 68.7 106.388
      vertex 82.8937 68.7 106.984
    endloop
  endfacet
  facet normal 0 -1 0
    outer loop
      vertex 78.3941 68.7 101.622
      vertex 75.6971 68.7 106.503
      vertex 75.5427 68.7 106.361
    endloop
  endfacet
  facet normal 0 -1 0
    outer loop
      vertex 77.8117 68.7 101.439
      vertex 75.5427 68.7 106.361
      vertex 75.3766 68.7 106.234
    endloop
  endfacet
  facet normal 0 -1 0
    outer loop
      vertex 77.2155 68.7 101.306
      vertex 75.3766 68.7 106.234
      vertex 75.2 68.7 106.122
    endloop
  endfacet
  facet normal 0 -1 0
    outer loop
      vertex 76.6101 68.7 101.227
      vertex 75.2 68.7 106.122
      vertex 75.0143 68.7 106.025
    endloop
  endfacet
  facet normal 0 -1 0
    outer loop
      vertex 76 68.7 101.2
      vertex 75.0143 68.7 106.025
      vertex 74.8208 68.7 105.945
    endloop
  endfacet
  facet normal 0 -1 0
    outer loop
      vertex 76 68.7 101.2
      vertex 74.8208 68.7 105.945
      vertex 74.6212 68.7 105.882
    endloop
  endfacet
  facet normal 0 -1 0
    outer loop
      vertex 76 68.7 101.2
      vertex 74.6212 68.7 105.882
      vertex 74.4168 68.7 105.836
    endloop
  endfacet
  facet normal 0 -1 0
    outer loop
      vertex 76 68.7 101.2
      vertex 74.4168 68.7 105.836
      vertex 74.2092 68.7 105.809
    endloop
  endfacet
  facet normal 0 -1 0
    outer loop
      vertex 76.3635 68.7 107.783
      vertex 82.5779 68.7 105.806
      vertex 82.7615 68.7 106.388
    endloop
  endfacet
  facet normal 0 -1 0
    outer loop
      vertex 76 68.7 101.2
      vertex 74.2092 68.7 105.809
      vertex 74 68.7 105.8
    endloop
  endfacet
  facet normal 0 -1 0
    outer loop
      vertex 30 68.7 101.2
      vertex 26.4042 68.7 105.796
      vertex 26.1855 68.7 105.595
    endloop
  endfacet
  facet normal 0 -1 0
    outer loop
      vertex 76 68.7 101.2
      vertex 64 68.7 105.8
      vertex 63.7908 68.7 105.809
    endloop
  endfacet
  facet normal 0 -1 0
    outer loop
      vertex 30 68.7 101.2
      vertex 26.1855 68.7 105.595
      vertex 25.9502 68.7 105.415
    endloop
  endfacet
  facet normal 0 -1 0
    outer loop
      vertex 30 68.7 101.2
      vertex 25.9502 68.7 105.415
      vertex 25.7 68.7 105.256
    endloop
  endfacet
  facet normal 0 -1 0
    outer loop
      vertex 75.2 68.7 106.122
      vertex 76.6101 68.7 101.227
      vertex 77.2155 68.7 101.306
    endloop
  endfacet
  facet normal 0 -1 0
    outer loop
      vertex 30 68.7 101.2
      vertex 25.7 68.7 105.256
      vertex 25.4369 68.7 105.119
    endloop
  endfacet
  facet normal 0 -1 0
    outer loop
      vertex 30 68.7 101.2
      vertex 25.4369 68.7 105.119
      vertex 25.1629 68.7 105.005
    endloop
  endfacet
  facet normal 0 -1 0
    outer loop
      vertex 30 68.7 101.2
      vertex 25.1629 68.7 105.005
      vertex 24.88 68.7 104.916
    endloop
  endfacet
  facet normal 0 -1 0
    outer loop
      vertex 30 68.7 101.2
      vertex 24.88 68.7 104.916
      vertex 24.5904 68.7 104.852
    endloop
  endfacet
  facet normal 0 -1 0
    outer loop
      vertex 30 68.7 101.2
      vertex 24.5904 68.7 104.852
      vertex 24.2963 68.7 104.813
    endloop
  endfacet
  facet normal 0 -1 0
    outer loop
      vertex 30 68.7 101.2
      vertex 24.2963 68.7 104.813
      vertex 24 68.7 104.8
    endloop
  endfacet
  facet normal 0 -1 -0
    outer loop
      vertex 23.4096 68.7 104.852
      vertex 18 68.7 95.4
      vertex 23.7037 68.7 104.813
    endloop
  endfacet
  facet normal 0 -1 0
    outer loop
      vertex 76 68.7 101.2
      vertex 74 68.7 105.8
      vertex 73.7908 68.7 105.809
    endloop
  endfacet
  facet normal 0 -1 -0
    outer loop
      vertex 23.7037 68.7 104.813
      vertex 18 68.7 95.4
      vertex 24 68.7 104.8
    endloop
  endfacet
  facet normal 0 -1 0
    outer loop
      vertex 76.3182 68.7 107.579
      vertex 82.3442 68.7 105.242
      vertex 82.5779 68.7 105.806
    endloop
  endfacet
  facet normal 0 -1 0
    outer loop
      vertex 76.2553 68.7 107.379
      vertex 82.0622 68.7 104.7
      vertex 82.3442 68.7 105.242
    endloop
  endfacet
  facet normal 0 -1 0
    outer loop
      vertex 76.2553 68.7 107.379
      vertex 81.7341 68.7 104.185
      vertex 82.0622 68.7 104.7
    endloop
  endfacet
  facet normal 0 -1 0
    outer loop
      vertex 76.1751 68.7 107.186
      vertex 81.3623 68.7 103.7
      vertex 81.7341 68.7 104.185
    endloop
  endfacet
  facet normal 0 -1 0
    outer loop
      vertex 76.0785 68.7 107
      vertex 80.9497 68.7 103.25
      vertex 81.3623 68.7 103.7
    endloop
  endfacet
  facet normal 0 -1 0
    outer loop
      vertex 76.0785 68.7 107
      vertex 80.4995 68.7 102.838
      vertex 80.9497 68.7 103.25
    endloop
  endfacet
  facet normal 0 -1 0
    outer loop
      vertex 75.966 68.7 106.823
      vertex 80.015 68.7 102.466
      vertex 80.4995 68.7 102.838
    endloop
  endfacet
  facet normal 0 -1 0
    outer loop
      vertex 75.8385 68.7 106.657
      vertex 79.5 68.7 102.138
      vertex 80.015 68.7 102.466
    endloop
  endfacet
  facet normal 0 -1 0
    outer loop
      vertex 75.6971 68.7 106.503
      vertex 78.3941 68.7 101.622
      vertex 78.9583 68.7 101.856
    endloop
  endfacet
  facet normal 0 -1 0
    outer loop
      vertex 75.5427 68.7 106.361
      vertex 77.8117 68.7 101.439
      vertex 78.3941 68.7 101.622
    endloop
  endfacet
  facet normal 0 -1 0
    outer loop
      vertex 75.3766 68.7 106.234
      vertex 77.2155 68.7 101.306
      vertex 77.8117 68.7 101.439
    endloop
  endfacet
  facet normal 0 -1 0
    outer loop
      vertex 75.6971 68.7 106.503
      vertex 78.9583 68.7 101.856
      vertex 79.5 68.7 102.138
    endloop
  endfacet
  facet normal 0 -1 0
    outer loop
      vertex 30 68.7 95.4
      vertex 24 68.7 104.8
      vertex 18 68.7 95.4
    endloop
  endfacet
  facet normal 0 -1 0
    outer loop
      vertex 24 68.7 104.8
      vertex 30 68.7 95.4
      vertex 30 68.7 101.2
    endloop
  endfacet
  facet normal 0.976272 0 -0.216549
    outer loop
      vertex 82.8937 68.7 106.984
      vertex 82.7615 76.7 106.388
      vertex 82.8937 76.7 106.984
    endloop
  endfacet
  facet normal 0.976272 0 -0.216549
    outer loop
      vertex 82.7615 76.7 106.388
      vertex 82.8937 68.7 106.984
      vertex 82.7615 68.7 106.388
    endloop
  endfacet
  facet normal 0.923831 0 -0.3828
    outer loop
      vertex 82.5779 68.7 105.806
      vertex 82.3442 76.7 105.242
      vertex 82.5779 76.7 105.806
    endloop
  endfacet
  facet normal 0.923831 0 -0.3828
    outer loop
      vertex 82.3442 76.7 105.242
      vertex 82.5779 68.7 105.806
      vertex 82.3442 68.7 105.242
    endloop
  endfacet
  facet normal 0.383104 0 0.923705
    outer loop
      vertex 78.3941 76.7 114.778
      vertex 78.9583 68.7 114.544
      vertex 78.9583 76.7 114.544
    endloop
  endfacet
  facet normal 0.383104 0 0.923705
    outer loop
      vertex 78.9583 68.7 114.544
      vertex 78.3941 76.7 114.778
      vertex 78.3941 68.7 114.778
    endloop
  endfacet
  facet normal -0 0 1
    outer loop
      vertex 24 76.7 115.2
      vertex 76 68.7 115.2
      vertex 76 76.7 115.2
    endloop
  endfacet
  facet normal 0 0 1
    outer loop
      vertex 76 68.7 115.2
      vertex 24 76.7 115.2
      vertex 24 68.7 115.2
    endloop
  endfacet
  facet normal 0.129395 0 0.991593
    outer loop
      vertex 76.6101 76.7 115.173
      vertex 77.2155 68.7 115.094
      vertex 77.2155 76.7 115.094
    endloop
  endfacet
  facet normal 0.129395 0 0.991593
    outer loop
      vertex 77.2155 68.7 115.094
      vertex 76.6101 76.7 115.173
      vertex 76.6101 68.7 115.173
    endloop
  endfacet
  facet normal 0.675116 0 -0.737712
    outer loop
      vertex 80.4995 68.7 102.838
      vertex 80.9497 76.7 103.25
      vertex 80.9497 68.7 103.25
    endloop
  endfacet
  facet normal 0.675116 0 -0.737712
    outer loop
      vertex 80.9497 76.7 103.25
      vertex 80.4995 68.7 102.838
      vertex 80.4995 76.7 102.838
    endloop
  endfacet
  facet normal 0.608998 0 0.793171
    outer loop
      vertex 80.015 76.7 113.934
      vertex 80.4995 68.7 113.562
      vertex 80.4995 76.7 113.562
    endloop
  endfacet
  facet normal 0.608998 0 0.793171
    outer loop
      vertex 80.4995 68.7 113.562
      vertex 80.015 76.7 113.934
      vertex 80.015 68.7 113.934
    endloop
  endfacet
  facet normal -0.217728 0 0.97601
    outer loop
      vertex 22.1883 76.7 114.961
      vertex 22.7845 68.7 115.094
      vertex 22.7845 76.7 115.094
    endloop
  endfacet
  facet normal -0.217728 0 0.97601
    outer loop
      vertex 22.7845 68.7 115.094
      vertex 22.1883 76.7 114.961
      vertex 22.1883 68.7 114.961
    endloop
  endfacet
  facet normal -0.737073 0 0.675814
    outer loop
      vertex 18.6377 68.7 112.7
      vertex 19.0503 76.7 113.15
      vertex 18.6377 76.7 112.7
    endloop
  endfacet
  facet normal -0.737073 0 0.675814
    outer loop
      vertex 19.0503 76.7 113.15
      vertex 18.6377 68.7 112.7
      vertex 19.0503 68.7 113.15
    endloop
  endfacet
  facet normal 0.217728 0 0.97601
    outer loop
      vertex 77.2155 76.7 115.094
      vertex 77.8117 68.7 114.961
      vertex 77.8117 76.7 114.961
    endloop
  endfacet
  facet normal 0.217728 0 0.97601
    outer loop
      vertex 77.8117 68.7 114.961
      vertex 77.2155 76.7 115.094
      vertex 77.2155 68.7 115.094
    endloop
  endfacet
  facet normal -0.843385 0 0.53731
    outer loop
      vertex 17.9378 68.7 111.7
      vertex 18.2659 76.7 112.215
      vertex 17.9378 76.7 111.7
    endloop
  endfacet
  facet normal -0.843385 0 0.53731
    outer loop
      vertex 18.2659 76.7 112.215
      vertex 17.9378 68.7 111.7
      vertex 18.2659 68.7 112.215
    endloop
  endfacet
  facet normal -0.923889 0 0.38266
    outer loop
      vertex 17.4222 68.7 110.594
      vertex 17.6558 76.7 111.158
      vertex 17.4222 76.7 110.594
    endloop
  endfacet
  facet normal -0.923889 0 0.38266
    outer loop
      vertex 17.6558 76.7 111.158
      vertex 17.4222 68.7 110.594
      vertex 17.6558 68.7 111.158
    endloop
  endfacet
  facet normal -0.537193 0 0.843459
    outer loop
      vertex 19.985 76.7 113.934
      vertex 20.5 68.7 114.262
      vertex 20.5 76.7 114.262
    endloop
  endfacet
  facet normal -0.537193 0 0.843459
    outer loop
      vertex 20.5 68.7 114.262
      vertex 19.985 76.7 113.934
      vertex 19.985 68.7 113.934
    endloop
  endfacet
  facet normal 0.0442118 0 -0.999022
    outer loop
      vertex 76 68.7 101.2
      vertex 76.6101 76.7 101.227
      vertex 76.6101 68.7 101.227
    endloop
  endfacet
  facet normal 0.0442118 0 -0.999022
    outer loop
      vertex 76.6101 76.7 101.227
      vertex 76 68.7 101.2
      vertex 76 76.7 101.2
    endloop
  endfacet
  facet normal -0.999051 0 0.0435652
    outer loop
      vertex 17 68.7 108.2
      vertex 17.0266 76.7 108.81
      vertex 17 76.7 108.2
    endloop
  endfacet
  facet normal -0.999051 0 0.0435652
    outer loop
      vertex 17.0266 76.7 108.81
      vertex 17 68.7 108.2
      vertex 17.0266 68.7 108.81
    endloop
  endfacet
  facet normal 0.0442118 0 0.999022
    outer loop
      vertex 76 76.7 115.2
      vertex 76.6101 68.7 115.173
      vertex 76.6101 76.7 115.173
    endloop
  endfacet
  facet normal 0.0442118 0 0.999022
    outer loop
      vertex 76.6101 68.7 115.173
      vertex 76 76.7 115.2
      vertex 76 68.7 115.2
    endloop
  endfacet
  facet normal 0 0 -1
    outer loop
      vertex 30 68.7 101.2
      vertex 76 76.7 101.2
      vertex 76 68.7 101.2
    endloop
  endfacet
  facet normal -0 0 -1
    outer loop
      vertex 76 76.7 101.2
      vertex 30 68.7 101.2
      vertex 30 76.7 101.2
    endloop
  endfacet
  facet normal -0.88711 0 0.461559
    outer loop
      vertex 17.6558 68.7 111.158
      vertex 17.9378 76.7 111.7
      vertex 17.6558 76.7 111.158
    endloop
  endfacet
  facet normal -0.88711 0 0.461559
    outer loop
      vertex 17.9378 76.7 111.7
      vertex 17.6558 68.7 111.158
      vertex 17.9378 68.7 111.7
    endloop
  endfacet
  facet normal -0.0442118 0 0.999022
    outer loop
      vertex 23.3899 76.7 115.173
      vertex 24 68.7 115.2
      vertex 24 76.7 115.2
    endloop
  endfacet
  facet normal -0.0442118 0 0.999022
    outer loop
      vertex 24 68.7 115.2
      vertex 23.3899 76.7 115.173
      vertex 23.3899 68.7 115.173
    endloop
  endfacet
  facet normal 0.217728 0 -0.97601
    outer loop
      vertex 77.2155 68.7 101.306
      vertex 77.8117 76.7 101.439
      vertex 77.8117 68.7 101.439
    endloop
  endfacet
  facet normal 0.217728 0 -0.97601
    outer loop
      vertex 77.8117 76.7 101.439
      vertex 77.2155 68.7 101.306
      vertex 77.2155 76.7 101.306
    endloop
  endfacet
  facet normal -0.608998 0 0.793171
    outer loop
      vertex 19.5005 76.7 113.562
      vertex 19.985 68.7 113.934
      vertex 19.985 76.7 113.934
    endloop
  endfacet
  facet normal -0.608998 0 0.793171
    outer loop
      vertex 19.985 68.7 113.934
      vertex 19.5005 76.7 113.562
      vertex 19.5005 68.7 113.562
    endloop
  endfacet
  facet normal -0.88711 0 -0.461559
    outer loop
      vertex 17.9378 68.7 104.7
      vertex 17.6558 76.7 105.242
      vertex 17.9378 76.7 104.7
    endloop
  endfacet
  facet normal -0.88711 -0 -0.461559
    outer loop
      vertex 17.6558 76.7 105.242
      vertex 17.9378 68.7 104.7
      vertex 17.6558 68.7 105.242
    endloop
  endfacet
  facet normal 0.793633 0 -0.608397
    outer loop
      vertex 81.7341 68.7 104.185
      vertex 81.3623 76.7 103.7
      vertex 81.7341 76.7 104.185
    endloop
  endfacet
  facet normal 0.793633 0 -0.608397
    outer loop
      vertex 81.3623 76.7 103.7
      vertex 81.7341 68.7 104.185
      vertex 81.3623 68.7 103.7
    endloop
  endfacet
  facet normal 0.953672 -0 0.300849
    outer loop
      vertex 82.5779 68.7 110.594
      vertex 82.7615 76.7 110.012
      vertex 82.5779 76.7 110.594
    endloop
  endfacet
  facet normal 0.953672 0 0.300849
    outer loop
      vertex 82.7615 76.7 110.012
      vertex 82.5779 68.7 110.594
      vertex 82.7615 68.7 110.012
    endloop
  endfacet
  facet normal -0.129395 0 0.991593
    outer loop
      vertex 22.7845 76.7 115.094
      vertex 23.3899 68.7 115.173
      vertex 23.3899 76.7 115.173
    endloop
  endfacet
  facet normal -0.129395 0 0.991593
    outer loop
      vertex 23.3899 68.7 115.173
      vertex 22.7845 76.7 115.094
      vertex 22.7845 68.7 115.094
    endloop
  endfacet
  facet normal 0.999051 -0 0.0435652
    outer loop
      vertex 82.9734 68.7 108.81
      vertex 83 76.7 108.2
      vertex 82.9734 76.7 108.81
    endloop
  endfacet
  facet normal 0.999051 0 0.0435652
    outer loop
      vertex 83 76.7 108.2
      vertex 82.9734 68.7 108.81
      vertex 83 68.7 108.2
    endloop
  endfacet
  facet normal 0.299767 0 0.954012
    outer loop
      vertex 77.8117 76.7 114.961
      vertex 78.3941 68.7 114.778
      vertex 78.3941 76.7 114.778
    endloop
  endfacet
  facet normal 0.299767 0 0.954012
    outer loop
      vertex 78.3941 68.7 114.778
      vertex 77.8117 76.7 114.961
      vertex 77.8117 68.7 114.961
    endloop
  endfacet
  facet normal 0.537193 0 0.843459
    outer loop
      vertex 79.5 76.7 114.262
      vertex 80.015 68.7 113.934
      vertex 80.015 76.7 113.934
    endloop
  endfacet
  facet normal 0.537193 0 0.843459
    outer loop
      vertex 80.015 68.7 113.934
      vertex 79.5 76.7 114.262
      vertex 79.5 68.7 114.262
    endloop
  endfacet
  facet normal -0.383104 0 0.923705
    outer loop
      vertex 21.0417 76.7 114.544
      vertex 21.6059 68.7 114.778
      vertex 21.6059 76.7 114.778
    endloop
  endfacet
  facet normal -0.383104 0 0.923705
    outer loop
      vertex 21.6059 68.7 114.778
      vertex 21.0417 76.7 114.544
      vertex 21.0417 68.7 114.544
    endloop
  endfacet
  facet normal 0.46176 0 0.887005
    outer loop
      vertex 78.9583 76.7 114.544
      vertex 79.5 68.7 114.262
      vertex 79.5 76.7 114.262
    endloop
  endfacet
  facet normal 0.46176 0 0.887005
    outer loop
      vertex 79.5 68.7 114.262
      vertex 78.9583 76.7 114.544
      vertex 78.9583 68.7 114.544
    endloop
  endfacet
  facet normal 0.991462 -0 0.130395
    outer loop
      vertex 82.8937 68.7 109.416
      vertex 82.9734 76.7 108.81
      vertex 82.8937 76.7 109.416
    endloop
  endfacet
  facet normal 0.991462 0 0.130395
    outer loop
      vertex 82.9734 76.7 108.81
      vertex 82.8937 68.7 109.416
      vertex 82.9734 68.7 108.81
    endloop
  endfacet
  facet normal -0.793633 0 0.608397
    outer loop
      vertex 18.2659 68.7 112.215
      vertex 18.6377 76.7 112.7
      vertex 18.2659 76.7 112.215
    endloop
  endfacet
  facet normal -0.793633 0 0.608397
    outer loop
      vertex 18.6377 76.7 112.7
      vertex 18.2659 68.7 112.215
      vertex 18.6377 68.7 112.7
    endloop
  endfacet
  facet normal -0.46176 0 0.887005
    outer loop
      vertex 20.5 76.7 114.262
      vertex 21.0417 68.7 114.544
      vertex 21.0417 76.7 114.544
    endloop
  endfacet
  facet normal -0.46176 0 0.887005
    outer loop
      vertex 21.0417 68.7 114.544
      vertex 20.5 76.7 114.262
      vertex 20.5 68.7 114.262
    endloop
  endfacet
  facet normal 0.299767 0 -0.954012
    outer loop
      vertex 77.8117 68.7 101.439
      vertex 78.3941 76.7 101.622
      vertex 78.3941 68.7 101.622
    endloop
  endfacet
  facet normal 0.299767 0 -0.954012
    outer loop
      vertex 78.3941 76.7 101.622
      vertex 77.8117 68.7 101.439
      vertex 77.8117 76.7 101.439
    endloop
  endfacet
  facet normal -0.675116 0 0.737712
    outer loop
      vertex 19.0503 76.7 113.15
      vertex 19.5005 68.7 113.562
      vertex 19.5005 76.7 113.562
    endloop
  endfacet
  facet normal -0.675116 0 0.737712
    outer loop
      vertex 19.5005 68.7 113.562
      vertex 19.0503 76.7 113.15
      vertex 19.0503 68.7 113.15
    endloop
  endfacet
  facet normal 0.537193 0 -0.843459
    outer loop
      vertex 79.5 68.7 102.138
      vertex 80.015 76.7 102.466
      vertex 80.015 68.7 102.466
    endloop
  endfacet
  facet normal 0.537193 0 -0.843459
    outer loop
      vertex 80.015 76.7 102.466
      vertex 79.5 68.7 102.138
      vertex 79.5 76.7 102.138
    endloop
  endfacet
  facet normal 0.793633 -0 0.608397
    outer loop
      vertex 81.3623 68.7 112.7
      vertex 81.7341 76.7 112.215
      vertex 81.3623 76.7 112.7
    endloop
  endfacet
  facet normal 0.793633 0 0.608397
    outer loop
      vertex 81.7341 76.7 112.215
      vertex 81.3623 68.7 112.7
      vertex 81.7341 68.7 112.215
    endloop
  endfacet
  facet normal -0.976272 0 -0.216549
    outer loop
      vertex 17.2385 68.7 106.388
      vertex 17.1063 76.7 106.984
      vertex 17.2385 76.7 106.388
    endloop
  endfacet
  facet normal -0.976272 -0 -0.216549
    outer loop
      vertex 17.1063 76.7 106.984
      vertex 17.2385 68.7 106.388
      vertex 17.1063 68.7 106.984
    endloop
  endfacet
  facet normal -0.991462 0 -0.130395
    outer loop
      vertex 17.1063 68.7 106.984
      vertex 17.0266 76.7 107.59
      vertex 17.1063 76.7 106.984
    endloop
  endfacet
  facet normal -0.991462 -0 -0.130395
    outer loop
      vertex 17.0266 76.7 107.59
      vertex 17.1063 68.7 106.984
      vertex 17.0266 68.7 107.59
    endloop
  endfacet
  facet normal 0.608998 0 -0.793171
    outer loop
      vertex 80.015 68.7 102.466
      vertex 80.4995 76.7 102.838
      vertex 80.4995 68.7 102.838
    endloop
  endfacet
  facet normal 0.608998 0 -0.793171
    outer loop
      vertex 80.4995 76.7 102.838
      vertex 80.015 68.7 102.466
      vertex 80.015 76.7 102.466
    endloop
  endfacet
  facet normal 0.46176 0 -0.887005
    outer loop
      vertex 78.9583 68.7 101.856
      vertex 79.5 76.7 102.138
      vertex 79.5 68.7 102.138
    endloop
  endfacet
  facet normal 0.46176 0 -0.887005
    outer loop
      vertex 79.5 76.7 102.138
      vertex 78.9583 68.7 101.856
      vertex 78.9583 76.7 101.856
    endloop
  endfacet
  facet normal 0.999051 0 -0.0435652
    outer loop
      vertex 83 68.7 108.2
      vertex 82.9734 76.7 107.59
      vertex 83 76.7 108.2
    endloop
  endfacet
  facet normal 0.999051 0 -0.0435652
    outer loop
      vertex 82.9734 76.7 107.59
      vertex 83 68.7 108.2
      vertex 82.9734 68.7 107.59
    endloop
  endfacet
  facet normal 0.129395 0 -0.991593
    outer loop
      vertex 76.6101 68.7 101.227
      vertex 77.2155 76.7 101.306
      vertex 77.2155 68.7 101.306
    endloop
  endfacet
  facet normal 0.129395 0 -0.991593
    outer loop
      vertex 77.2155 76.7 101.306
      vertex 76.6101 68.7 101.227
      vertex 76.6101 76.7 101.227
    endloop
  endfacet
  facet normal -0.299767 0 0.954012
    outer loop
      vertex 21.6059 76.7 114.778
      vertex 22.1883 68.7 114.961
      vertex 22.1883 76.7 114.961
    endloop
  endfacet
  facet normal -0.299767 0 0.954012
    outer loop
      vertex 22.1883 68.7 114.961
      vertex 21.6059 76.7 114.778
      vertex 21.6059 68.7 114.778
    endloop
  endfacet
  facet normal 0.737073 0 -0.675814
    outer loop
      vertex 81.3623 68.7 103.7
      vertex 80.9497 76.7 103.25
      vertex 81.3623 76.7 103.7
    endloop
  endfacet
  facet normal 0.737073 0 -0.675814
    outer loop
      vertex 80.9497 76.7 103.25
      vertex 81.3623 68.7 103.7
      vertex 80.9497 68.7 103.25
    endloop
  endfacet
  facet normal -0.953625 0 -0.300998
    outer loop
      vertex 17.4222 68.7 105.806
      vertex 17.2385 76.7 106.388
      vertex 17.4222 76.7 105.806
    endloop
  endfacet
  facet normal -0.953625 -0 -0.300998
    outer loop
      vertex 17.2385 76.7 106.388
      vertex 17.4222 68.7 105.806
      vertex 17.2385 68.7 106.388
    endloop
  endfacet
  facet normal 0.737073 -0 0.675814
    outer loop
      vertex 80.9497 68.7 113.15
      vertex 81.3623 76.7 112.7
      vertex 80.9497 76.7 113.15
    endloop
  endfacet
  facet normal 0.737073 0 0.675814
    outer loop
      vertex 81.3623 76.7 112.7
      vertex 80.9497 68.7 113.15
      vertex 81.3623 68.7 112.7
    endloop
  endfacet
  facet normal 0.383104 0 -0.923705
    outer loop
      vertex 78.3941 68.7 101.622
      vertex 78.9583 76.7 101.856
      vertex 78.9583 68.7 101.856
    endloop
  endfacet
  facet normal 0.383104 0 -0.923705
    outer loop
      vertex 78.9583 76.7 101.856
      vertex 78.3941 68.7 101.622
      vertex 78.3941 76.7 101.622
    endloop
  endfacet
  facet normal -0.953625 0 0.300998
    outer loop
      vertex 17.2385 68.7 110.012
      vertex 17.4222 76.7 110.594
      vertex 17.2385 76.7 110.012
    endloop
  endfacet
  facet normal -0.953625 0 0.300998
    outer loop
      vertex 17.4222 76.7 110.594
      vertex 17.2385 68.7 110.012
      vertex 17.4222 68.7 110.594
    endloop
  endfacet
  facet normal 0.991462 0 -0.130395
    outer loop
      vertex 82.9734 68.7 107.59
      vertex 82.8937 76.7 106.984
      vertex 82.9734 76.7 107.59
    endloop
  endfacet
  facet normal 0.991462 0 -0.130395
    outer loop
      vertex 82.8937 76.7 106.984
      vertex 82.9734 68.7 107.59
      vertex 82.8937 68.7 106.984
    endloop
  endfacet
  facet normal 0.976272 -0 0.216549
    outer loop
      vertex 82.7615 68.7 110.012
      vertex 82.8937 76.7 109.416
      vertex 82.7615 76.7 110.012
    endloop
  endfacet
  facet normal 0.976272 0 0.216549
    outer loop
      vertex 82.8937 76.7 109.416
      vertex 82.7615 68.7 110.012
      vertex 82.8937 68.7 109.416
    endloop
  endfacet
  facet normal 0.923831 -0 0.3828
    outer loop
      vertex 82.3442 68.7 111.158
      vertex 82.5779 76.7 110.594
      vertex 82.3442 76.7 111.158
    endloop
  endfacet
  facet normal 0.923831 0 0.3828
    outer loop
      vertex 82.5779 76.7 110.594
      vertex 82.3442 68.7 111.158
      vertex 82.5779 68.7 110.594
    endloop
  endfacet
  facet normal -0.999051 0 -0.0435652
    outer loop
      vertex 17.0266 68.7 107.59
      vertex 17 76.7 108.2
      vertex 17.0266 76.7 107.59
    endloop
  endfacet
  facet normal -0.999051 -0 -0.0435652
    outer loop
      vertex 17 76.7 108.2
      vertex 17.0266 68.7 107.59
      vertex 17 68.7 108.2
    endloop
  endfacet
  facet normal -0.844299 0 -0.535872
    outer loop
      vertex 18 68.7 104.602
      vertex 17.9378 76.7 104.7
      vertex 18 76.7 104.602
    endloop
  endfacet
  facet normal -0.844299 -0 -0.535872
    outer loop
      vertex 17.9378 76.7 104.7
      vertex 18 68.7 104.602
      vertex 17.9378 68.7 104.7
    endloop
  endfacet
  facet normal -0.923889 0 -0.38266
    outer loop
      vertex 17.6558 68.7 105.242
      vertex 17.4222 76.7 105.806
      vertex 17.6558 76.7 105.242
    endloop
  endfacet
  facet normal -0.923889 -0 -0.38266
    outer loop
      vertex 17.4222 76.7 105.806
      vertex 17.6558 68.7 105.242
      vertex 17.4222 68.7 105.806
    endloop
  endfacet
  facet normal 0.675116 0 0.737712
    outer loop
      vertex 80.4995 76.7 113.562
      vertex 80.9497 68.7 113.15
      vertex 80.9497 76.7 113.15
    endloop
  endfacet
  facet normal 0.675116 0 0.737712
    outer loop
      vertex 80.9497 68.7 113.15
      vertex 80.4995 76.7 113.562
      vertex 80.4995 68.7 113.562
    endloop
  endfacet
  facet normal 0.843385 -0 0.53731
    outer loop
      vertex 81.7341 68.7 112.215
      vertex 82.0622 76.7 111.7
      vertex 81.7341 76.7 112.215
    endloop
  endfacet
  facet normal 0.843385 0 0.53731
    outer loop
      vertex 82.0622 76.7 111.7
      vertex 81.7341 68.7 112.215
      vertex 82.0622 68.7 111.7
    endloop
  endfacet
  facet normal 0.843385 0 -0.53731
    outer loop
      vertex 82.0622 68.7 104.7
      vertex 81.7341 76.7 104.185
      vertex 82.0622 76.7 104.7
    endloop
  endfacet
  facet normal 0.843385 0 -0.53731
    outer loop
      vertex 81.7341 76.7 104.185
      vertex 82.0622 68.7 104.7
      vertex 81.7341 68.7 104.185
    endloop
  endfacet
  facet normal 0.88711 0 -0.461559
    outer loop
      vertex 82.3442 68.7 105.242
      vertex 82.0622 76.7 104.7
      vertex 82.3442 76.7 105.242
    endloop
  endfacet
  facet normal 0.88711 0 -0.461559
    outer loop
      vertex 82.0622 76.7 104.7
      vertex 82.3442 68.7 105.242
      vertex 82.0622 68.7 104.7
    endloop
  endfacet
  facet normal 0.953672 0 -0.300849
    outer loop
      vertex 82.7615 68.7 106.388
      vertex 82.5779 76.7 105.806
      vertex 82.7615 76.7 106.388
    endloop
  endfacet
  facet normal 0.953672 0 -0.300849
    outer loop
      vertex 82.5779 76.7 105.806
      vertex 82.7615 68.7 106.388
      vertex 82.5779 68.7 105.806
    endloop
  endfacet
  facet normal 0.88711 -0 0.461559
    outer loop
      vertex 82.0622 68.7 111.7
      vertex 82.3442 76.7 111.158
      vertex 82.0622 76.7 111.7
    endloop
  endfacet
  facet normal 0.88711 0 0.461559
    outer loop
      vertex 82.3442 76.7 111.158
      vertex 82.0622 68.7 111.7
      vertex 82.3442 68.7 111.158
    endloop
  endfacet
  facet normal -0.991462 0 0.130395
    outer loop
      vertex 17.0266 68.7 108.81
      vertex 17.1063 76.7 109.416
      vertex 17.0266 76.7 108.81
    endloop
  endfacet
  facet normal -0.991462 0 0.130395
    outer loop
      vertex 17.1063 76.7 109.416
      vertex 17.0266 68.7 108.81
      vertex 17.1063 68.7 109.416
    endloop
  endfacet
  facet normal -0.976272 0 0.216549
    outer loop
      vertex 17.1063 68.7 109.416
      vertex 17.2385 76.7 110.012
      vertex 17.1063 76.7 109.416
    endloop
  endfacet
  facet normal -0.976272 0 0.216549
    outer loop
      vertex 17.2385 76.7 110.012
      vertex 17.1063 68.7 109.416
      vertex 17.2385 68.7 110.012
    endloop
  endfacet
  facet normal -0.300994 0 -0.953626
    outer loop
      vertex 64.6212 68.7 110.518
      vertex 64.8208 76.7 110.455
      vertex 64.8208 68.7 110.455
    endloop
  endfacet
  facet normal -0.300994 0 -0.953626
    outer loop
      vertex 64.8208 76.7 110.455
      vertex 64.6212 68.7 110.518
      vertex 64.6212 76.7 110.518
    endloop
  endfacet
  facet normal 0.999053 -0 0.0434995
    outer loop
      vertex 61.6 68.7 108.2
      vertex 61.6091 76.7 107.991
      vertex 61.6 76.7 108.2
    endloop
  endfacet
  facet normal 0.999053 0 0.0434995
    outer loop
      vertex 61.6091 76.7 107.991
      vertex 61.6 68.7 108.2
      vertex 61.6091 68.7 107.991
    endloop
  endfacet
  facet normal -0.128972 0 -0.991648
    outer loop
      vertex 64.2092 68.7 110.591
      vertex 64.4168 76.7 110.564
      vertex 64.4168 68.7 110.564
    endloop
  endfacet
  facet normal -0.128972 0 -0.991648
    outer loop
      vertex 64.4168 76.7 110.564
      vertex 64.2092 68.7 110.591
      vertex 64.2092 76.7 110.591
    endloop
  endfacet
  facet normal -0.0429813 0 -0.999076
    outer loop
      vertex 64 68.7 110.6
      vertex 64.2092 76.7 110.591
      vertex 64.2092 68.7 110.591
    endloop
  endfacet
  facet normal -0.0429813 0 -0.999076
    outer loop
      vertex 64.2092 76.7 110.591
      vertex 64 68.7 110.6
      vertex 64 76.7 110.6
    endloop
  endfacet
  facet normal -0.219558 0 -0.9756
    outer loop
      vertex 64.4168 68.7 110.564
      vertex 64.6212 76.7 110.518
      vertex 64.6212 68.7 110.518
    endloop
  endfacet
  facet normal -0.219558 0 -0.9756
    outer loop
      vertex 64.6212 76.7 110.518
      vertex 64.4168 68.7 110.564
      vertex 64.4168 76.7 110.564
    endloop
  endfacet
  facet normal -0.976221 0 0.216778
    outer loop
      vertex 66.3182 68.7 107.579
      vertex 66.3635 76.7 107.783
      vertex 66.3182 76.7 107.579
    endloop
  endfacet
  facet normal -0.976221 0 0.216778
    outer loop
      vertex 66.3635 76.7 107.783
      vertex 66.3182 68.7 107.579
      vertex 66.3635 68.7 107.783
    endloop
  endfacet
  facet normal 0.46299 0 0.886363
    outer loop
      vertex 62.8 76.7 106.122
      vertex 62.9857 68.7 106.025
      vertex 62.9857 76.7 106.025
    endloop
  endfacet
  facet normal 0.46299 0 0.886363
    outer loop
      vertex 62.9857 68.7 106.025
      vertex 62.8 76.7 106.122
      vertex 62.8 68.7 106.122
    endloop
  endfacet
  facet normal 0.887451 0 -0.460902
    outer loop
      vertex 61.9215 68.7 109.4
      vertex 61.8249 76.7 109.214
      vertex 61.9215 76.7 109.4
    endloop
  endfacet
  facet normal 0.887451 0 -0.460902
    outer loop
      vertex 61.8249 76.7 109.214
      vertex 61.9215 68.7 109.4
      vertex 61.8249 68.7 109.214
    endloop
  endfacet
  facet normal -0.382071 0 -0.924133
    outer loop
      vertex 64.8208 68.7 110.455
      vertex 65.0143 76.7 110.375
      vertex 65.0143 68.7 110.375
    endloop
  endfacet
  facet normal -0.382071 0 -0.924133
    outer loop
      vertex 65.0143 76.7 110.375
      vertex 64.8208 68.7 110.455
      vertex 64.8208 76.7 110.455
    endloop
  endfacet
  facet normal 0.843956 0 -0.536413
    outer loop
      vertex 62.034 68.7 109.577
      vertex 61.9215 76.7 109.4
      vertex 62.034 76.7 109.577
    endloop
  endfacet
  facet normal 0.843956 0 -0.536413
    outer loop
      vertex 61.9215 76.7 109.4
      vertex 62.034 68.7 109.577
      vertex 61.9215 68.7 109.4
    endloop
  endfacet
  facet normal 0.843956 -0 0.536413
    outer loop
      vertex 61.9215 68.7 107
      vertex 62.034 76.7 106.823
      vertex 61.9215 76.7 107
    endloop
  endfacet
  facet normal 0.843956 0 0.536413
    outer loop
      vertex 62.034 76.7 106.823
      vertex 61.9215 68.7 107
      vertex 62.034 68.7 106.823
    endloop
  endfacet
  facet normal 0.887451 -0 0.460902
    outer loop
      vertex 61.8249 68.7 107.186
      vertex 61.9215 76.7 107
      vertex 61.8249 76.7 107.186
    endloop
  endfacet
  facet normal 0.887451 0 0.460902
    outer loop
      vertex 61.9215 76.7 107
      vertex 61.8249 68.7 107.186
      vertex 61.9215 68.7 107
    endloop
  endfacet
  facet normal -0.736598 0 0.676331
    outer loop
      vertex 65.6971 68.7 106.503
      vertex 65.8385 76.7 106.657
      vertex 65.6971 76.7 106.503
    endloop
  endfacet
  facet normal -0.736598 0 0.676331
    outer loop
      vertex 65.8385 76.7 106.657
      vertex 65.6971 68.7 106.503
      vertex 65.8385 68.7 106.657
    endloop
  endfacet
  facet normal 0.976221 0 -0.216778
    outer loop
      vertex 61.6818 68.7 108.821
      vertex 61.6365 76.7 108.617
      vertex 61.6818 76.7 108.821
    endloop
  endfacet
  facet normal 0.976221 0 -0.216778
    outer loop
      vertex 61.6365 76.7 108.617
      vertex 61.6818 68.7 108.821
      vertex 61.6365 68.7 108.617
    endloop
  endfacet
  facet normal 0.535575 0 0.844487
    outer loop
      vertex 62.6234 76.7 106.234
      vertex 62.8 68.7 106.122
      vertex 62.8 76.7 106.122
    endloop
  endfacet
  facet normal 0.535575 0 0.844487
    outer loop
      vertex 62.8 68.7 106.122
      vertex 62.6234 76.7 106.234
      vertex 62.6234 68.7 106.234
    endloop
  endfacet
  facet normal -0.46299 0 -0.886363
    outer loop
      vertex 65.0143 68.7 110.375
      vertex 65.2 76.7 110.278
      vertex 65.2 68.7 110.278
    endloop
  endfacet
  facet normal -0.46299 0 -0.886363
    outer loop
      vertex 65.2 76.7 110.278
      vertex 65.0143 68.7 110.375
      vertex 65.0143 76.7 110.375
    endloop
  endfacet
  facet normal -0.535575 0 0.844487
    outer loop
      vertex 65.2 76.7 106.122
      vertex 65.3766 68.7 106.234
      vertex 65.3766 76.7 106.234
    endloop
  endfacet
  facet normal -0.535575 0 0.844487
    outer loop
      vertex 65.3766 68.7 106.234
      vertex 65.2 76.7 106.122
      vertex 65.2 68.7 106.122
    endloop
  endfacet
  facet normal 0.607397 0 -0.794399
    outer loop
      vertex 62.4573 68.7 110.039
      vertex 62.6234 76.7 110.166
      vertex 62.6234 68.7 110.166
    endloop
  endfacet
  facet normal 0.607397 0 -0.794399
    outer loop
      vertex 62.6234 76.7 110.166
      vertex 62.4573 68.7 110.039
      vertex 62.4573 76.7 110.039
    endloop
  endfacet
  facet normal -0.676933 0 -0.736045
    outer loop
      vertex 65.5427 68.7 110.039
      vertex 65.6971 76.7 109.897
      vertex 65.6971 68.7 109.897
    endloop
  endfacet
  facet normal -0.676933 0 -0.736045
    outer loop
      vertex 65.6971 76.7 109.897
      vertex 65.5427 68.7 110.039
      vertex 65.5427 76.7 110.039
    endloop
  endfacet
  facet normal 0.382071 0 0.924133
    outer loop
      vertex 62.9857 76.7 106.025
      vertex 63.1792 68.7 105.945
      vertex 63.1792 76.7 105.945
    endloop
  endfacet
  facet normal 0.382071 0 0.924133
    outer loop
      vertex 63.1792 68.7 105.945
      vertex 62.9857 76.7 106.025
      vertex 62.9857 68.7 106.025
    endloop
  endfacet
  facet normal -0.793068 0 -0.609133
    outer loop
      vertex 65.966 68.7 109.577
      vertex 65.8385 76.7 109.743
      vertex 65.966 76.7 109.577
    endloop
  endfacet
  facet normal -0.793068 -0 -0.609133
    outer loop
      vertex 65.8385 76.7 109.743
      vertex 65.966 68.7 109.577
      vertex 65.8385 68.7 109.743
    endloop
  endfacet
  facet normal -0.999053 0 0.0434995
    outer loop
      vertex 66.3909 68.7 107.991
      vertex 66.4 76.7 108.2
      vertex 66.3909 76.7 107.991
    endloop
  endfacet
  facet normal -0.999053 0 0.0434995
    outer loop
      vertex 66.4 76.7 108.2
      vertex 66.3909 68.7 107.991
      vertex 66.4 68.7 108.2
    endloop
  endfacet
  facet normal 0.793068 -0 0.609133
    outer loop
      vertex 62.034 68.7 106.823
      vertex 62.1615 76.7 106.657
      vertex 62.034 76.7 106.823
    endloop
  endfacet
  facet normal 0.793068 0 0.609133
    outer loop
      vertex 62.1615 76.7 106.657
      vertex 62.034 68.7 106.823
      vertex 62.1615 68.7 106.657
    endloop
  endfacet
  facet normal 0.128972 0 -0.991648
    outer loop
      vertex 63.5832 68.7 110.564
      vertex 63.7908 76.7 110.591
      vertex 63.7908 68.7 110.591
    endloop
  endfacet
  facet normal 0.128972 0 -0.991648
    outer loop
      vertex 63.7908 76.7 110.591
      vertex 63.5832 68.7 110.564
      vertex 63.5832 76.7 110.564
    endloop
  endfacet
  facet normal -0.607397 0 -0.794399
    outer loop
      vertex 65.3766 68.7 110.166
      vertex 65.5427 76.7 110.039
      vertex 65.5427 68.7 110.039
    endloop
  endfacet
  facet normal -0.607397 0 -0.794399
    outer loop
      vertex 65.5427 76.7 110.039
      vertex 65.3766 68.7 110.166
      vertex 65.3766 76.7 110.166
    endloop
  endfacet
  facet normal -0.991435 0 0.130602
    outer loop
      vertex 66.3635 68.7 107.783
      vertex 66.3909 76.7 107.991
      vertex 66.3635 76.7 107.783
    endloop
  endfacet
  facet normal -0.991435 0 0.130602
    outer loop
      vertex 66.3909 76.7 107.991
      vertex 66.3635 68.7 107.783
      vertex 66.3909 68.7 107.991
    endloop
  endfacet
  facet normal -0.843956 0 -0.536413
    outer loop
      vertex 66.0785 68.7 109.4
      vertex 65.966 76.7 109.577
      vertex 66.0785 76.7 109.4
    endloop
  endfacet
  facet normal -0.843956 -0 -0.536413
    outer loop
      vertex 65.966 76.7 109.577
      vertex 66.0785 68.7 109.4
      vertex 65.966 68.7 109.577
    endloop
  endfacet
  facet normal -0.999053 0 -0.0434995
    outer loop
      vertex 66.4 68.7 108.2
      vertex 66.3909 76.7 108.409
      vertex 66.4 76.7 108.2
    endloop
  endfacet
  facet normal -0.999053 -0 -0.0434995
    outer loop
      vertex 66.3909 76.7 108.409
      vertex 66.4 68.7 108.2
      vertex 66.3909 68.7 108.409
    endloop
  endfacet
  facet normal -0.736598 0 -0.676331
    outer loop
      vertex 65.8385 68.7 109.743
      vertex 65.6971 76.7 109.897
      vertex 65.8385 76.7 109.743
    endloop
  endfacet
  facet normal -0.736598 -0 -0.676331
    outer loop
      vertex 65.6971 76.7 109.897
      vertex 65.8385 68.7 109.743
      vertex 65.6971 68.7 109.897
    endloop
  endfacet
  facet normal 0.0429813 0 -0.999076
    outer loop
      vertex 63.7908 68.7 110.591
      vertex 64 76.7 110.6
      vertex 64 68.7 110.6
    endloop
  endfacet
  facet normal 0.0429813 0 -0.999076
    outer loop
      vertex 64 76.7 110.6
      vertex 63.7908 68.7 110.591
      vertex 63.7908 76.7 110.591
    endloop
  endfacet
  facet normal -0.887451 0 0.460902
    outer loop
      vertex 66.0785 68.7 107
      vertex 66.1751 76.7 107.186
      vertex 66.0785 76.7 107
    endloop
  endfacet
  facet normal -0.887451 0 0.460902
    outer loop
      vertex 66.1751 76.7 107.186
      vertex 66.0785 68.7 107
      vertex 66.1751 68.7 107.186
    endloop
  endfacet
  facet normal 0.46299 0 -0.886363
    outer loop
      vertex 62.8 68.7 110.278
      vertex 62.9857 76.7 110.375
      vertex 62.9857 68.7 110.375
    endloop
  endfacet
  facet normal 0.46299 0 -0.886363
    outer loop
      vertex 62.9857 76.7 110.375
      vertex 62.8 68.7 110.278
      vertex 62.8 76.7 110.278
    endloop
  endfacet
  facet normal 0.300994 0 0.953626
    outer loop
      vertex 63.1792 76.7 105.945
      vertex 63.3788 68.7 105.882
      vertex 63.3788 76.7 105.882
    endloop
  endfacet
  facet normal 0.300994 0 0.953626
    outer loop
      vertex 63.3788 68.7 105.882
      vertex 63.1792 76.7 105.945
      vertex 63.1792 68.7 105.945
    endloop
  endfacet
  facet normal 0.991435 -0 0.130602
    outer loop
      vertex 61.6091 68.7 107.991
      vertex 61.6365 76.7 107.783
      vertex 61.6091 76.7 107.991
    endloop
  endfacet
  facet normal 0.991435 0 0.130602
    outer loop
      vertex 61.6365 76.7 107.783
      vertex 61.6091 68.7 107.991
      vertex 61.6365 68.7 107.783
    endloop
  endfacet
  facet normal 0.999053 0 -0.0434995
    outer loop
      vertex 61.6091 68.7 108.409
      vertex 61.6 76.7 108.2
      vertex 61.6091 76.7 108.409
    endloop
  endfacet
  facet normal 0.999053 0 -0.0434995
    outer loop
      vertex 61.6 76.7 108.2
      vertex 61.6091 68.7 108.409
      vertex 61.6 68.7 108.2
    endloop
  endfacet
  facet normal 0.923445 -0 0.383732
    outer loop
      vertex 61.7447 68.7 107.379
      vertex 61.8249 76.7 107.186
      vertex 61.7447 76.7 107.379
    endloop
  endfacet
  facet normal 0.923445 0 0.383732
    outer loop
      vertex 61.8249 76.7 107.186
      vertex 61.7447 68.7 107.379
      vertex 61.8249 68.7 107.186
    endloop
  endfacet
  facet normal 0.300994 0 -0.953626
    outer loop
      vertex 63.1792 68.7 110.455
      vertex 63.3788 76.7 110.518
      vertex 63.3788 68.7 110.518
    endloop
  endfacet
  facet normal 0.300994 0 -0.953626
    outer loop
      vertex 63.3788 76.7 110.518
      vertex 63.1792 68.7 110.455
      vertex 63.1792 76.7 110.455
    endloop
  endfacet
  facet normal -0.923445 0 -0.383732
    outer loop
      vertex 66.2553 68.7 109.021
      vertex 66.1751 76.7 109.214
      vertex 66.2553 76.7 109.021
    endloop
  endfacet
  facet normal -0.923445 -0 -0.383732
    outer loop
      vertex 66.1751 76.7 109.214
      vertex 66.2553 68.7 109.021
      vertex 66.1751 68.7 109.214
    endloop
  endfacet
  facet normal 0.923445 0 -0.383732
    outer loop
      vertex 61.8249 68.7 109.214
      vertex 61.7447 76.7 109.021
      vertex 61.8249 76.7 109.214
    endloop
  endfacet
  facet normal 0.923445 0 -0.383732
    outer loop
      vertex 61.7447 76.7 109.021
      vertex 61.8249 68.7 109.214
      vertex 61.7447 68.7 109.021
    endloop
  endfacet
  facet normal 0.991435 0 -0.130602
    outer loop
      vertex 61.6365 68.7 108.617
      vertex 61.6091 76.7 108.409
      vertex 61.6365 76.7 108.617
    endloop
  endfacet
  facet normal 0.991435 0 -0.130602
    outer loop
      vertex 61.6091 76.7 108.409
      vertex 61.6365 68.7 108.617
      vertex 61.6091 68.7 108.409
    endloop
  endfacet
  facet normal 0.535575 0 -0.844487
    outer loop
      vertex 62.6234 68.7 110.166
      vertex 62.8 76.7 110.278
      vertex 62.8 68.7 110.278
    endloop
  endfacet
  facet normal 0.535575 0 -0.844487
    outer loop
      vertex 62.8 76.7 110.278
      vertex 62.6234 68.7 110.166
      vertex 62.6234 76.7 110.166
    endloop
  endfacet
  facet normal 0.382071 0 -0.924133
    outer loop
      vertex 62.9857 68.7 110.375
      vertex 63.1792 76.7 110.455
      vertex 63.1792 68.7 110.455
    endloop
  endfacet
  facet normal 0.382071 0 -0.924133
    outer loop
      vertex 63.1792 76.7 110.455
      vertex 62.9857 68.7 110.375
      vertex 62.9857 76.7 110.375
    endloop
  endfacet
  facet normal -0.887451 0 -0.460902
    outer loop
      vertex 66.1751 68.7 109.214
      vertex 66.0785 76.7 109.4
      vertex 66.1751 76.7 109.214
    endloop
  endfacet
  facet normal -0.887451 -0 -0.460902
    outer loop
      vertex 66.0785 76.7 109.4
      vertex 66.1751 68.7 109.214
      vertex 66.0785 68.7 109.4
    endloop
  endfacet
  facet normal 0.736598 0 -0.676331
    outer loop
      vertex 62.3029 68.7 109.897
      vertex 62.1615 76.7 109.743
      vertex 62.3029 76.7 109.897
    endloop
  endfacet
  facet normal 0.736598 0 -0.676331
    outer loop
      vertex 62.1615 76.7 109.743
      vertex 62.3029 68.7 109.897
      vertex 62.1615 68.7 109.743
    endloop
  endfacet
  facet normal -0.128972 0 0.991648
    outer loop
      vertex 64.2092 76.7 105.809
      vertex 64.4168 68.7 105.836
      vertex 64.4168 76.7 105.836
    endloop
  endfacet
  facet normal -0.128972 0 0.991648
    outer loop
      vertex 64.4168 68.7 105.836
      vertex 64.2092 76.7 105.809
      vertex 64.2092 68.7 105.809
    endloop
  endfacet
  facet normal -0.535575 0 -0.844487
    outer loop
      vertex 65.2 68.7 110.278
      vertex 65.3766 76.7 110.166
      vertex 65.3766 68.7 110.166
    endloop
  endfacet
  facet normal -0.535575 0 -0.844487
    outer loop
      vertex 65.3766 76.7 110.166
      vertex 65.2 68.7 110.278
      vertex 65.2 76.7 110.278
    endloop
  endfacet
  facet normal -0.843956 0 0.536413
    outer loop
      vertex 65.966 68.7 106.823
      vertex 66.0785 76.7 107
      vertex 65.966 76.7 106.823
    endloop
  endfacet
  facet normal -0.843956 0 0.536413
    outer loop
      vertex 66.0785 76.7 107
      vertex 65.966 68.7 106.823
      vertex 66.0785 68.7 107
    endloop
  endfacet
  facet normal -0.793068 0 0.609133
    outer loop
      vertex 65.8385 68.7 106.657
      vertex 65.966 76.7 106.823
      vertex 65.8385 76.7 106.657
    endloop
  endfacet
  facet normal -0.793068 0 0.609133
    outer loop
      vertex 65.966 76.7 106.823
      vertex 65.8385 68.7 106.657
      vertex 65.966 68.7 106.823
    endloop
  endfacet
  facet normal -0.953935 0 0.300013
    outer loop
      vertex 66.2553 68.7 107.379
      vertex 66.3182 76.7 107.579
      vertex 66.2553 76.7 107.379
    endloop
  endfacet
  facet normal -0.953935 0 0.300013
    outer loop
      vertex 66.3182 76.7 107.579
      vertex 66.2553 68.7 107.379
      vertex 66.3182 68.7 107.579
    endloop
  endfacet
  facet normal 0.607397 0 0.794399
    outer loop
      vertex 62.4573 76.7 106.361
      vertex 62.6234 68.7 106.234
      vertex 62.6234 76.7 106.234
    endloop
  endfacet
  facet normal 0.607397 0 0.794399
    outer loop
      vertex 62.6234 68.7 106.234
      vertex 62.4573 76.7 106.361
      vertex 62.4573 68.7 106.361
    endloop
  endfacet
  facet normal -0.923445 0 0.383732
    outer loop
      vertex 66.1751 68.7 107.186
      vertex 66.2553 76.7 107.379
      vertex 66.1751 76.7 107.186
    endloop
  endfacet
  facet normal -0.923445 0 0.383732
    outer loop
      vertex 66.2553 76.7 107.379
      vertex 66.1751 68.7 107.186
      vertex 66.2553 68.7 107.379
    endloop
  endfacet
  facet normal -0.676933 0 0.736045
    outer loop
      vertex 65.5427 76.7 106.361
      vertex 65.6971 68.7 106.503
      vertex 65.6971 76.7 106.503
    endloop
  endfacet
  facet normal -0.676933 0 0.736045
    outer loop
      vertex 65.6971 68.7 106.503
      vertex 65.5427 76.7 106.361
      vertex 65.5427 68.7 106.361
    endloop
  endfacet
  facet normal 0.976221 -0 0.216778
    outer loop
      vertex 61.6365 68.7 107.783
      vertex 61.6818 76.7 107.579
      vertex 61.6365 76.7 107.783
    endloop
  endfacet
  facet normal 0.976221 0 0.216778
    outer loop
      vertex 61.6818 76.7 107.579
      vertex 61.6365 68.7 107.783
      vertex 61.6818 68.7 107.579
    endloop
  endfacet
  facet normal 0.953935 0 -0.300013
    outer loop
      vertex 61.7447 68.7 109.021
      vertex 61.6818 76.7 108.821
      vertex 61.7447 76.7 109.021
    endloop
  endfacet
  facet normal 0.953935 0 -0.300013
    outer loop
      vertex 61.6818 76.7 108.821
      vertex 61.7447 68.7 109.021
      vertex 61.6818 68.7 108.821
    endloop
  endfacet
  facet normal 0.736598 -0 0.676331
    outer loop
      vertex 62.1615 68.7 106.657
      vertex 62.3029 76.7 106.503
      vertex 62.1615 76.7 106.657
    endloop
  endfacet
  facet normal 0.736598 0 0.676331
    outer loop
      vertex 62.3029 76.7 106.503
      vertex 62.1615 68.7 106.657
      vertex 62.3029 68.7 106.503
    endloop
  endfacet
  facet normal 0.219558 0 0.9756
    outer loop
      vertex 63.3788 76.7 105.882
      vertex 63.5832 68.7 105.836
      vertex 63.5832 76.7 105.836
    endloop
  endfacet
  facet normal 0.219558 0 0.9756
    outer loop
      vertex 63.5832 68.7 105.836
      vertex 63.3788 76.7 105.882
      vertex 63.3788 68.7 105.882
    endloop
  endfacet
  facet normal 0.676933 0 0.736045
    outer loop
      vertex 62.3029 76.7 106.503
      vertex 62.4573 68.7 106.361
      vertex 62.4573 76.7 106.361
    endloop
  endfacet
  facet normal 0.676933 0 0.736045
    outer loop
      vertex 62.4573 68.7 106.361
      vertex 62.3029 76.7 106.503
      vertex 62.3029 68.7 106.503
    endloop
  endfacet
  facet normal -0.976221 0 -0.216778
    outer loop
      vertex 66.3635 68.7 108.617
      vertex 66.3182 76.7 108.821
      vertex 66.3635 76.7 108.617
    endloop
  endfacet
  facet normal -0.976221 -0 -0.216778
    outer loop
      vertex 66.3182 76.7 108.821
      vertex 66.3635 68.7 108.617
      vertex 66.3182 68.7 108.821
    endloop
  endfacet
  facet normal 0.128972 0 0.991648
    outer loop
      vertex 63.5832 76.7 105.836
      vertex 63.7908 68.7 105.809
      vertex 63.7908 76.7 105.809
    endloop
  endfacet
  facet normal 0.128972 0 0.991648
    outer loop
      vertex 63.7908 68.7 105.809
      vertex 63.5832 76.7 105.836
      vertex 63.5832 68.7 105.836
    endloop
  endfacet
  facet normal -0.300994 0 0.953626
    outer loop
      vertex 64.6212 76.7 105.882
      vertex 64.8208 68.7 105.945
      vertex 64.8208 76.7 105.945
    endloop
  endfacet
  facet normal -0.300994 0 0.953626
    outer loop
      vertex 64.8208 68.7 105.945
      vertex 64.6212 76.7 105.882
      vertex 64.6212 68.7 105.882
    endloop
  endfacet
  facet normal 0.793068 0 -0.609133
    outer loop
      vertex 62.1615 68.7 109.743
      vertex 62.034 76.7 109.577
      vertex 62.1615 76.7 109.743
    endloop
  endfacet
  facet normal 0.793068 0 -0.609133
    outer loop
      vertex 62.034 76.7 109.577
      vertex 62.1615 68.7 109.743
      vertex 62.034 68.7 109.577
    endloop
  endfacet
  facet normal 0.219558 0 -0.9756
    outer loop
      vertex 63.3788 68.7 110.518
      vertex 63.5832 76.7 110.564
      vertex 63.5832 68.7 110.564
    endloop
  endfacet
  facet normal 0.219558 0 -0.9756
    outer loop
      vertex 63.5832 76.7 110.564
      vertex 63.3788 68.7 110.518
      vertex 63.3788 76.7 110.518
    endloop
  endfacet
  facet normal -0.953935 0 -0.300013
    outer loop
      vertex 66.3182 68.7 108.821
      vertex 66.2553 76.7 109.021
      vertex 66.3182 76.7 108.821
    endloop
  endfacet
  facet normal -0.953935 -0 -0.300013
    outer loop
      vertex 66.2553 76.7 109.021
      vertex 66.3182 68.7 108.821
      vertex 66.2553 68.7 109.021
    endloop
  endfacet
  facet normal -0.46299 0 0.886363
    outer loop
      vertex 65.0143 76.7 106.025
      vertex 65.2 68.7 106.122
      vertex 65.2 76.7 106.122
    endloop
  endfacet
  facet normal -0.46299 0 0.886363
    outer loop
      vertex 65.2 68.7 106.122
      vertex 65.0143 76.7 106.025
      vertex 65.0143 68.7 106.025
    endloop
  endfacet
  facet normal -0.0429813 0 0.999076
    outer loop
      vertex 64 76.7 105.8
      vertex 64.2092 68.7 105.809
      vertex 64.2092 76.7 105.809
    endloop
  endfacet
  facet normal -0.0429813 0 0.999076
    outer loop
      vertex 64.2092 68.7 105.809
      vertex 64 76.7 105.8
      vertex 64 68.7 105.8
    endloop
  endfacet
  facet normal 0.0429813 0 0.999076
    outer loop
      vertex 63.7908 76.7 105.809
      vertex 64 68.7 105.8
      vertex 64 76.7 105.8
    endloop
  endfacet
  facet normal 0.0429813 0 0.999076
    outer loop
      vertex 64 68.7 105.8
      vertex 63.7908 76.7 105.809
      vertex 63.7908 68.7 105.809
    endloop
  endfacet
  facet normal 0.953935 -0 0.300013
    outer loop
      vertex 61.6818 68.7 107.579
      vertex 61.7447 76.7 107.379
      vertex 61.6818 76.7 107.579
    endloop
  endfacet
  facet normal 0.953935 0 0.300013
    outer loop
      vertex 61.7447 76.7 107.379
      vertex 61.6818 68.7 107.579
      vertex 61.7447 68.7 107.379
    endloop
  endfacet
  facet normal -0.607397 0 0.794399
    outer loop
      vertex 65.3766 76.7 106.234
      vertex 65.5427 68.7 106.361
      vertex 65.5427 76.7 106.361
    endloop
  endfacet
  facet normal -0.607397 0 0.794399
    outer loop
      vertex 65.5427 68.7 106.361
      vertex 65.3766 76.7 106.234
      vertex 65.3766 68.7 106.234
    endloop
  endfacet
  facet normal 0.676933 0 -0.736045
    outer loop
      vertex 62.3029 68.7 109.897
      vertex 62.4573 76.7 110.039
      vertex 62.4573 68.7 110.039
    endloop
  endfacet
  facet normal 0.676933 0 -0.736045
    outer loop
      vertex 62.4573 76.7 110.039
      vertex 62.3029 68.7 109.897
      vertex 62.3029 76.7 109.897
    endloop
  endfacet
  facet normal -0.219558 0 0.9756
    outer loop
      vertex 64.4168 76.7 105.836
      vertex 64.6212 68.7 105.882
      vertex 64.6212 76.7 105.882
    endloop
  endfacet
  facet normal -0.219558 0 0.9756
    outer loop
      vertex 64.6212 68.7 105.882
      vertex 64.4168 76.7 105.836
      vertex 64.4168 68.7 105.836
    endloop
  endfacet
  facet normal -0.382071 0 0.924133
    outer loop
      vertex 64.8208 76.7 105.945
      vertex 65.0143 68.7 106.025
      vertex 65.0143 76.7 106.025
    endloop
  endfacet
  facet normal -0.382071 0 0.924133
    outer loop
      vertex 65.0143 68.7 106.025
      vertex 64.8208 76.7 105.945
      vertex 64.8208 68.7 105.945
    endloop
  endfacet
  facet normal -0.991435 0 -0.130602
    outer loop
      vertex 66.3909 68.7 108.409
      vertex 66.3635 76.7 108.617
      vertex 66.3909 76.7 108.409
    endloop
  endfacet
  facet normal -0.991435 -0 -0.130602
    outer loop
      vertex 66.3635 76.7 108.617
      vertex 66.3909 68.7 108.409
      vertex 66.3635 68.7 108.617
    endloop
  endfacet
  facet normal -0.300994 0 -0.953626
    outer loop
      vertex 74.6212 68.7 110.518
      vertex 74.8208 76.7 110.455
      vertex 74.8208 68.7 110.455
    endloop
  endfacet
  facet normal -0.300994 0 -0.953626
    outer loop
      vertex 74.8208 76.7 110.455
      vertex 74.6212 68.7 110.518
      vertex 74.6212 76.7 110.518
    endloop
  endfacet
  facet normal 0.999053 -0 0.0434995
    outer loop
      vertex 71.6 68.7 108.2
      vertex 71.6091 76.7 107.991
      vertex 71.6 76.7 108.2
    endloop
  endfacet
  facet normal 0.999053 0 0.0434995
    outer loop
      vertex 71.6091 76.7 107.991
      vertex 71.6 68.7 108.2
      vertex 71.6091 68.7 107.991
    endloop
  endfacet
  facet normal -0.128972 0 -0.991648
    outer loop
      vertex 74.2092 68.7 110.591
      vertex 74.4168 76.7 110.564
      vertex 74.4168 68.7 110.564
    endloop
  endfacet
  facet normal -0.128972 0 -0.991648
    outer loop
      vertex 74.4168 76.7 110.564
      vertex 74.2092 68.7 110.591
      vertex 74.2092 76.7 110.591
    endloop
  endfacet
  facet normal -0.0429813 0 -0.999076
    outer loop
      vertex 74 68.7 110.6
      vertex 74.2092 76.7 110.591
      vertex 74.2092 68.7 110.591
    endloop
  endfacet
  facet normal -0.0429813 0 -0.999076
    outer loop
      vertex 74.2092 76.7 110.591
      vertex 74 68.7 110.6
      vertex 74 76.7 110.6
    endloop
  endfacet
  facet normal -0.219558 0 -0.9756
    outer loop
      vertex 74.4168 68.7 110.564
      vertex 74.6212 76.7 110.518
      vertex 74.6212 68.7 110.518
    endloop
  endfacet
  facet normal -0.219558 0 -0.9756
    outer loop
      vertex 74.6212 76.7 110.518
      vertex 74.4168 68.7 110.564
      vertex 74.4168 76.7 110.564
    endloop
  endfacet
  facet normal -0.976221 0 0.216778
    outer loop
      vertex 76.3182 68.7 107.579
      vertex 76.3635 76.7 107.783
      vertex 76.3182 76.7 107.579
    endloop
  endfacet
  facet normal -0.976221 0 0.216778
    outer loop
      vertex 76.3635 76.7 107.783
      vertex 76.3182 68.7 107.579
      vertex 76.3635 68.7 107.783
    endloop
  endfacet
  facet normal 0.46299 0 0.886363
    outer loop
      vertex 72.8 76.7 106.122
      vertex 72.9857 68.7 106.025
      vertex 72.9857 76.7 106.025
    endloop
  endfacet
  facet normal 0.46299 0 0.886363
    outer loop
      vertex 72.9857 68.7 106.025
      vertex 72.8 76.7 106.122
      vertex 72.8 68.7 106.122
    endloop
  endfacet
  facet normal -0.382071 0 -0.924133
    outer loop
      vertex 74.8208 68.7 110.455
      vertex 75.0143 76.7 110.375
      vertex 75.0143 68.7 110.375
    endloop
  endfacet
  facet normal -0.382071 0 -0.924133
    outer loop
      vertex 75.0143 76.7 110.375
      vertex 74.8208 68.7 110.455
      vertex 74.8208 76.7 110.455
    endloop
  endfacet
  facet normal 0.843956 0 -0.536413
    outer loop
      vertex 72.034 68.7 109.577
      vertex 71.9215 76.7 109.4
      vertex 72.034 76.7 109.577
    endloop
  endfacet
  facet normal 0.843956 0 -0.536413
    outer loop
      vertex 71.9215 76.7 109.4
      vertex 72.034 68.7 109.577
      vertex 71.9215 68.7 109.4
    endloop
  endfacet
  facet normal 0.843956 -0 0.536413
    outer loop
      vertex 71.9215 68.7 107
      vertex 72.034 76.7 106.823
      vertex 71.9215 76.7 107
    endloop
  endfacet
  facet normal 0.843956 0 0.536413
    outer loop
      vertex 72.034 76.7 106.823
      vertex 71.9215 68.7 107
      vertex 72.034 68.7 106.823
    endloop
  endfacet
  facet normal 0.887451 -0 0.460902
    outer loop
      vertex 71.8249 68.7 107.186
      vertex 71.9215 76.7 107
      vertex 71.8249 76.7 107.186
    endloop
  endfacet
  facet normal 0.887451 0 0.460902
    outer loop
      vertex 71.9215 76.7 107
      vertex 71.8249 68.7 107.186
      vertex 71.9215 68.7 107
    endloop
  endfacet
  facet normal -0.736598 0 0.676331
    outer loop
      vertex 75.6971 68.7 106.503
      vertex 75.8385 76.7 106.657
      vertex 75.6971 76.7 106.503
    endloop
  endfacet
  facet normal -0.736598 0 0.676331
    outer loop
      vertex 75.8385 76.7 106.657
      vertex 75.6971 68.7 106.503
      vertex 75.8385 68.7 106.657
    endloop
  endfacet
  facet normal 0.976221 0 -0.216778
    outer loop
      vertex 71.6818 68.7 108.821
      vertex 71.6365 76.7 108.617
      vertex 71.6818 76.7 108.821
    endloop
  endfacet
  facet normal 0.976221 0 -0.216778
    outer loop
      vertex 71.6365 76.7 108.617
      vertex 71.6818 68.7 108.821
      vertex 71.6365 68.7 108.617
    endloop
  endfacet
  facet normal 0.535575 0 0.844487
    outer loop
      vertex 72.6234 76.7 106.234
      vertex 72.8 68.7 106.122
      vertex 72.8 76.7 106.122
    endloop
  endfacet
  facet normal 0.535575 0 0.844487
    outer loop
      vertex 72.8 68.7 106.122
      vertex 72.6234 76.7 106.234
      vertex 72.6234 68.7 106.234
    endloop
  endfacet
  facet normal -0.46299 0 -0.886363
    outer loop
      vertex 75.0143 68.7 110.375
      vertex 75.2 76.7 110.278
      vertex 75.2 68.7 110.278
    endloop
  endfacet
  facet normal -0.46299 0 -0.886363
    outer loop
      vertex 75.2 76.7 110.278
      vertex 75.0143 68.7 110.375
      vertex 75.0143 76.7 110.375
    endloop
  endfacet
  facet normal -0.535575 0 0.844487
    outer loop
      vertex 75.2 76.7 106.122
      vertex 75.3766 68.7 106.234
      vertex 75.3766 76.7 106.234
    endloop
  endfacet
  facet normal -0.535575 0 0.844487
    outer loop
      vertex 75.3766 68.7 106.234
      vertex 75.2 76.7 106.122
      vertex 75.2 68.7 106.122
    endloop
  endfacet
  facet normal 0.607397 0 -0.794399
    outer loop
      vertex 72.4573 68.7 110.039
      vertex 72.6234 76.7 110.166
      vertex 72.6234 68.7 110.166
    endloop
  endfacet
  facet normal 0.607397 0 -0.794399
    outer loop
      vertex 72.6234 76.7 110.166
      vertex 72.4573 68.7 110.039
      vertex 72.4573 76.7 110.039
    endloop
  endfacet
  facet normal -0.676933 0 -0.736045
    outer loop
      vertex 75.5427 68.7 110.039
      vertex 75.6971 76.7 109.897
      vertex 75.6971 68.7 109.897
    endloop
  endfacet
  facet normal -0.676933 0 -0.736045
    outer loop
      vertex 75.6971 76.7 109.897
      vertex 75.5427 68.7 110.039
      vertex 75.5427 76.7 110.039
    endloop
  endfacet
  facet normal 0.382071 0 0.924133
    outer loop
      vertex 72.9857 76.7 106.025
      vertex 73.1792 68.7 105.945
      vertex 73.1792 76.7 105.945
    endloop
  endfacet
  facet normal 0.382071 0 0.924133
    outer loop
      vertex 73.1792 68.7 105.945
      vertex 72.9857 76.7 106.025
      vertex 72.9857 68.7 106.025
    endloop
  endfacet
  facet normal -0.793068 0 -0.609133
    outer loop
      vertex 75.966 68.7 109.577
      vertex 75.8385 76.7 109.743
      vertex 75.966 76.7 109.577
    endloop
  endfacet
  facet normal -0.793068 -0 -0.609133
    outer loop
      vertex 75.8385 76.7 109.743
      vertex 75.966 68.7 109.577
      vertex 75.8385 68.7 109.743
    endloop
  endfacet
  facet normal -0.999053 0 0.0434995
    outer loop
      vertex 76.3909 68.7 107.991
      vertex 76.4 76.7 108.2
      vertex 76.3909 76.7 107.991
    endloop
  endfacet
  facet normal -0.999053 0 0.0434995
    outer loop
      vertex 76.4 76.7 108.2
      vertex 76.3909 68.7 107.991
      vertex 76.4 68.7 108.2
    endloop
  endfacet
  facet normal 0.793068 -0 0.609133
    outer loop
      vertex 72.034 68.7 106.823
      vertex 72.1615 76.7 106.657
      vertex 72.034 76.7 106.823
    endloop
  endfacet
  facet normal 0.793068 0 0.609133
    outer loop
      vertex 72.1615 76.7 106.657
      vertex 72.034 68.7 106.823
      vertex 72.1615 68.7 106.657
    endloop
  endfacet
  facet normal 0.128972 0 -0.991648
    outer loop
      vertex 73.5832 68.7 110.564
      vertex 73.7908 76.7 110.591
      vertex 73.7908 68.7 110.591
    endloop
  endfacet
  facet normal 0.128972 0 -0.991648
    outer loop
      vertex 73.7908 76.7 110.591
      vertex 73.5832 68.7 110.564
      vertex 73.5832 76.7 110.564
    endloop
  endfacet
  facet normal -0.607397 0 -0.794399
    outer loop
      vertex 75.3766 68.7 110.166
      vertex 75.5427 76.7 110.039
      vertex 75.5427 68.7 110.039
    endloop
  endfacet
  facet normal -0.607397 0 -0.794399
    outer loop
      vertex 75.5427 76.7 110.039
      vertex 75.3766 68.7 110.166
      vertex 75.3766 76.7 110.166
    endloop
  endfacet
  facet normal -0.991435 0 0.130602
    outer loop
      vertex 76.3635 68.7 107.783
      vertex 76.3909 76.7 107.991
      vertex 76.3635 76.7 107.783
    endloop
  endfacet
  facet normal -0.991435 0 0.130602
    outer loop
      vertex 76.3909 76.7 107.991
      vertex 76.3635 68.7 107.783
      vertex 76.3909 68.7 107.991
    endloop
  endfacet
  facet normal -0.843956 0 -0.536413
    outer loop
      vertex 76.0785 68.7 109.4
      vertex 75.966 76.7 109.577
      vertex 76.0785 76.7 109.4
    endloop
  endfacet
  facet normal -0.843956 -0 -0.536413
    outer loop
      vertex 75.966 76.7 109.577
      vertex 76.0785 68.7 109.4
      vertex 75.966 68.7 109.577
    endloop
  endfacet
  facet normal -0.999053 0 -0.0434995
    outer loop
      vertex 76.4 68.7 108.2
      vertex 76.3909 76.7 108.409
      vertex 76.4 76.7 108.2
    endloop
  endfacet
  facet normal -0.999053 -0 -0.0434995
    outer loop
      vertex 76.3909 76.7 108.409
      vertex 76.4 68.7 108.2
      vertex 76.3909 68.7 108.409
    endloop
  endfacet
  facet normal -0.736598 0 -0.676331
    outer loop
      vertex 75.8385 68.7 109.743
      vertex 75.6971 76.7 109.897
      vertex 75.8385 76.7 109.743
    endloop
  endfacet
  facet normal -0.736598 -0 -0.676331
    outer loop
      vertex 75.6971 76.7 109.897
      vertex 75.8385 68.7 109.743
      vertex 75.6971 68.7 109.897
    endloop
  endfacet
  facet normal 0.0429813 0 -0.999076
    outer loop
      vertex 73.7908 68.7 110.591
      vertex 74 76.7 110.6
      vertex 74 68.7 110.6
    endloop
  endfacet
  facet normal 0.0429813 0 -0.999076
    outer loop
      vertex 74 76.7 110.6
      vertex 73.7908 68.7 110.591
      vertex 73.7908 76.7 110.591
    endloop
  endfacet
  facet normal -0.887451 0 0.460902
    outer loop
      vertex 76.0785 68.7 107
      vertex 76.1751 76.7 107.186
      vertex 76.0785 76.7 107
    endloop
  endfacet
  facet normal -0.887451 0 0.460902
    outer loop
      vertex 76.1751 76.7 107.186
      vertex 76.0785 68.7 107
      vertex 76.1751 68.7 107.186
    endloop
  endfacet
  facet normal 0.46299 0 -0.886363
    outer loop
      vertex 72.8 68.7 110.278
      vertex 72.9857 76.7 110.375
      vertex 72.9857 68.7 110.375
    endloop
  endfacet
  facet normal 0.46299 0 -0.886363
    outer loop
      vertex 72.9857 76.7 110.375
      vertex 72.8 68.7 110.278
      vertex 72.8 76.7 110.278
    endloop
  endfacet
  facet normal 0.300994 0 0.953626
    outer loop
      vertex 73.1792 76.7 105.945
      vertex 73.3788 68.7 105.882
      vertex 73.3788 76.7 105.882
    endloop
  endfacet
  facet normal 0.300994 0 0.953626
    outer loop
      vertex 73.3788 68.7 105.882
      vertex 73.1792 76.7 105.945
      vertex 73.1792 68.7 105.945
    endloop
  endfacet
  facet normal 0.991435 -0 0.130602
    outer loop
      vertex 71.6091 68.7 107.991
      vertex 71.6365 76.7 107.783
      vertex 71.6091 76.7 107.991
    endloop
  endfacet
  facet normal 0.991435 0 0.130602
    outer loop
      vertex 71.6365 76.7 107.783
      vertex 71.6091 68.7 107.991
      vertex 71.6365 68.7 107.783
    endloop
  endfacet
  facet normal 0.999053 0 -0.0434995
    outer loop
      vertex 71.6091 68.7 108.409
      vertex 71.6 76.7 108.2
      vertex 71.6091 76.7 108.409
    endloop
  endfacet
  facet normal 0.999053 0 -0.0434995
    outer loop
      vertex 71.6 76.7 108.2
      vertex 71.6091 68.7 108.409
      vertex 71.6 68.7 108.2
    endloop
  endfacet
  facet normal 0.923445 -0 0.383732
    outer loop
      vertex 71.7447 68.7 107.379
      vertex 71.8249 76.7 107.186
      vertex 71.7447 76.7 107.379
    endloop
  endfacet
  facet normal 0.923445 0 0.383732
    outer loop
      vertex 71.8249 76.7 107.186
      vertex 71.7447 68.7 107.379
      vertex 71.8249 68.7 107.186
    endloop
  endfacet
  facet normal 0.300994 0 -0.953626
    outer loop
      vertex 73.1792 68.7 110.455
      vertex 73.3788 76.7 110.518
      vertex 73.3788 68.7 110.518
    endloop
  endfacet
  facet normal 0.300994 0 -0.953626
    outer loop
      vertex 73.3788 76.7 110.518
      vertex 73.1792 68.7 110.455
      vertex 73.1792 76.7 110.455
    endloop
  endfacet
  facet normal -0.923445 0 -0.383732
    outer loop
      vertex 76.2553 68.7 109.021
      vertex 76.1751 76.7 109.214
      vertex 76.2553 76.7 109.021
    endloop
  endfacet
  facet normal -0.923445 -0 -0.383732
    outer loop
      vertex 76.1751 76.7 109.214
      vertex 76.2553 68.7 109.021
      vertex 76.1751 68.7 109.214
    endloop
  endfacet
  facet normal 0.923445 0 -0.383732
    outer loop
      vertex 71.8249 68.7 109.214
      vertex 71.7447 76.7 109.021
      vertex 71.8249 76.7 109.214
    endloop
  endfacet
  facet normal 0.923445 0 -0.383732
    outer loop
      vertex 71.7447 76.7 109.021
      vertex 71.8249 68.7 109.214
      vertex 71.7447 68.7 109.021
    endloop
  endfacet
  facet normal 0.991435 0 -0.130602
    outer loop
      vertex 71.6365 68.7 108.617
      vertex 71.6091 76.7 108.409
      vertex 71.6365 76.7 108.617
    endloop
  endfacet
  facet normal 0.991435 0 -0.130602
    outer loop
      vertex 71.6091 76.7 108.409
      vertex 71.6365 68.7 108.617
      vertex 71.6091 68.7 108.409
    endloop
  endfacet
  facet normal 0.535575 0 -0.844487
    outer loop
      vertex 72.6234 68.7 110.166
      vertex 72.8 76.7 110.278
      vertex 72.8 68.7 110.278
    endloop
  endfacet
  facet normal 0.535575 0 -0.844487
    outer loop
      vertex 72.8 76.7 110.278
      vertex 72.6234 68.7 110.166
      vertex 72.6234 76.7 110.166
    endloop
  endfacet
  facet normal 0.382071 0 -0.924133
    outer loop
      vertex 72.9857 68.7 110.375
      vertex 73.1792 76.7 110.455
      vertex 73.1792 68.7 110.455
    endloop
  endfacet
  facet normal 0.382071 0 -0.924133
    outer loop
      vertex 73.1792 76.7 110.455
      vertex 72.9857 68.7 110.375
      vertex 72.9857 76.7 110.375
    endloop
  endfacet
  facet normal -0.887451 0 -0.460902
    outer loop
      vertex 76.1751 68.7 109.214
      vertex 76.0785 76.7 109.4
      vertex 76.1751 76.7 109.214
    endloop
  endfacet
  facet normal -0.887451 -0 -0.460902
    outer loop
      vertex 76.0785 76.7 109.4
      vertex 76.1751 68.7 109.214
      vertex 76.0785 68.7 109.4
    endloop
  endfacet
  facet normal 0.736598 0 -0.676331
    outer loop
      vertex 72.3029 68.7 109.897
      vertex 72.1615 76.7 109.743
      vertex 72.3029 76.7 109.897
    endloop
  endfacet
  facet normal 0.736598 0 -0.676331
    outer loop
      vertex 72.1615 76.7 109.743
      vertex 72.3029 68.7 109.897
      vertex 72.1615 68.7 109.743
    endloop
  endfacet
  facet normal -0.128972 0 0.991648
    outer loop
      vertex 74.2092 76.7 105.809
      vertex 74.4168 68.7 105.836
      vertex 74.4168 76.7 105.836
    endloop
  endfacet
  facet normal -0.128972 0 0.991648
    outer loop
      vertex 74.4168 68.7 105.836
      vertex 74.2092 76.7 105.809
      vertex 74.2092 68.7 105.809
    endloop
  endfacet
  facet normal -0.535575 0 -0.844487
    outer loop
      vertex 75.2 68.7 110.278
      vertex 75.3766 76.7 110.166
      vertex 75.3766 68.7 110.166
    endloop
  endfacet
  facet normal -0.535575 0 -0.844487
    outer loop
      vertex 75.3766 76.7 110.166
      vertex 75.2 68.7 110.278
      vertex 75.2 76.7 110.278
    endloop
  endfacet
  facet normal -0.843956 0 0.536413
    outer loop
      vertex 75.966 68.7 106.823
      vertex 76.0785 76.7 107
      vertex 75.966 76.7 106.823
    endloop
  endfacet
  facet normal -0.843956 0 0.536413
    outer loop
      vertex 76.0785 76.7 107
      vertex 75.966 68.7 106.823
      vertex 76.0785 68.7 107
    endloop
  endfacet
  facet normal -0.793068 0 0.609133
    outer loop
      vertex 75.8385 68.7 106.657
      vertex 75.966 76.7 106.823
      vertex 75.8385 76.7 106.657
    endloop
  endfacet
  facet normal -0.793068 0 0.609133
    outer loop
      vertex 75.966 76.7 106.823
      vertex 75.8385 68.7 106.657
      vertex 75.966 68.7 106.823
    endloop
  endfacet
  facet normal -0.953935 0 0.300013
    outer loop
      vertex 76.2553 68.7 107.379
      vertex 76.3182 76.7 107.579
      vertex 76.2553 76.7 107.379
    endloop
  endfacet
  facet normal -0.953935 0 0.300013
    outer loop
      vertex 76.3182 76.7 107.579
      vertex 76.2553 68.7 107.379
      vertex 76.3182 68.7 107.579
    endloop
  endfacet
  facet normal 0.607397 0 0.794399
    outer loop
      vertex 72.4573 76.7 106.361
      vertex 72.6234 68.7 106.234
      vertex 72.6234 76.7 106.234
    endloop
  endfacet
  facet normal 0.607397 0 0.794399
    outer loop
      vertex 72.6234 68.7 106.234
      vertex 72.4573 76.7 106.361
      vertex 72.4573 68.7 106.361
    endloop
  endfacet
  facet normal -0.923445 0 0.383732
    outer loop
      vertex 76.1751 68.7 107.186
      vertex 76.2553 76.7 107.379
      vertex 76.1751 76.7 107.186
    endloop
  endfacet
  facet normal -0.923445 0 0.383732
    outer loop
      vertex 76.2553 76.7 107.379
      vertex 76.1751 68.7 107.186
      vertex 76.2553 68.7 107.379
    endloop
  endfacet
  facet normal -0.676933 0 0.736045
    outer loop
      vertex 75.5427 76.7 106.361
      vertex 75.6971 68.7 106.503
      vertex 75.6971 76.7 106.503
    endloop
  endfacet
  facet normal -0.676933 0 0.736045
    outer loop
      vertex 75.6971 68.7 106.503
      vertex 75.5427 76.7 106.361
      vertex 75.5427 68.7 106.361
    endloop
  endfacet
  facet normal 0.976221 -0 0.216778
    outer loop
      vertex 71.6365 68.7 107.783
      vertex 71.6818 76.7 107.579
      vertex 71.6365 76.7 107.783
    endloop
  endfacet
  facet normal 0.976221 0 0.216778
    outer loop
      vertex 71.6818 76.7 107.579
      vertex 71.6365 68.7 107.783
      vertex 71.6818 68.7 107.579
    endloop
  endfacet
  facet normal 0.953935 0 -0.300013
    outer loop
      vertex 71.7447 68.7 109.021
      vertex 71.6818 76.7 108.821
      vertex 71.7447 76.7 109.021
    endloop
  endfacet
  facet normal 0.953935 0 -0.300013
    outer loop
      vertex 71.6818 76.7 108.821
      vertex 71.7447 68.7 109.021
      vertex 71.6818 68.7 108.821
    endloop
  endfacet
  facet normal 0.736598 -0 0.676331
    outer loop
      vertex 72.1615 68.7 106.657
      vertex 72.3029 76.7 106.503
      vertex 72.1615 76.7 106.657
    endloop
  endfacet
  facet normal 0.736598 0 0.676331
    outer loop
      vertex 72.3029 76.7 106.503
      vertex 72.1615 68.7 106.657
      vertex 72.3029 68.7 106.503
    endloop
  endfacet
  facet normal 0.219558 0 0.9756
    outer loop
      vertex 73.3788 76.7 105.882
      vertex 73.5832 68.7 105.836
      vertex 73.5832 76.7 105.836
    endloop
  endfacet
  facet normal 0.219558 0 0.9756
    outer loop
      vertex 73.5832 68.7 105.836
      vertex 73.3788 76.7 105.882
      vertex 73.3788 68.7 105.882
    endloop
  endfacet
  facet normal 0.676933 0 0.736045
    outer loop
      vertex 72.3029 76.7 106.503
      vertex 72.4573 68.7 106.361
      vertex 72.4573 76.7 106.361
    endloop
  endfacet
  facet normal 0.676933 0 0.736045
    outer loop
      vertex 72.4573 68.7 106.361
      vertex 72.3029 76.7 106.503
      vertex 72.3029 68.7 106.503
    endloop
  endfacet
  facet normal 0.887451 0 -0.460902
    outer loop
      vertex 71.9215 68.7 109.4
      vertex 71.8249 76.7 109.214
      vertex 71.9215 76.7 109.4
    endloop
  endfacet
  facet normal 0.887451 0 -0.460902
    outer loop
      vertex 71.8249 76.7 109.214
      vertex 71.9215 68.7 109.4
      vertex 71.8249 68.7 109.214
    endloop
  endfacet
  facet normal -0.976221 0 -0.216778
    outer loop
      vertex 76.3635 68.7 108.617
      vertex 76.3182 76.7 108.821
      vertex 76.3635 76.7 108.617
    endloop
  endfacet
  facet normal -0.976221 -0 -0.216778
    outer loop
      vertex 76.3182 76.7 108.821
      vertex 76.3635 68.7 108.617
      vertex 76.3182 68.7 108.821
    endloop
  endfacet
  facet normal 0.128972 0 0.991648
    outer loop
      vertex 73.5832 76.7 105.836
      vertex 73.7908 68.7 105.809
      vertex 73.7908 76.7 105.809
    endloop
  endfacet
  facet normal 0.128972 0 0.991648
    outer loop
      vertex 73.7908 68.7 105.809
      vertex 73.5832 76.7 105.836
      vertex 73.5832 68.7 105.836
    endloop
  endfacet
  facet normal -0.300994 0 0.953626
    outer loop
      vertex 74.6212 76.7 105.882
      vertex 74.8208 68.7 105.945
      vertex 74.8208 76.7 105.945
    endloop
  endfacet
  facet normal -0.300994 0 0.953626
    outer loop
      vertex 74.8208 68.7 105.945
      vertex 74.6212 76.7 105.882
      vertex 74.6212 68.7 105.882
    endloop
  endfacet
  facet normal 0.793068 0 -0.609133
    outer loop
      vertex 72.1615 68.7 109.743
      vertex 72.034 76.7 109.577
      vertex 72.1615 76.7 109.743
    endloop
  endfacet
  facet normal 0.793068 0 -0.609133
    outer loop
      vertex 72.034 76.7 109.577
      vertex 72.1615 68.7 109.743
      vertex 72.034 68.7 109.577
    endloop
  endfacet
  facet normal 0.219558 0 -0.9756
    outer loop
      vertex 73.3788 68.7 110.518
      vertex 73.5832 76.7 110.564
      vertex 73.5832 68.7 110.564
    endloop
  endfacet
  facet normal 0.219558 0 -0.9756
    outer loop
      vertex 73.5832 76.7 110.564
      vertex 73.3788 68.7 110.518
      vertex 73.3788 76.7 110.518
    endloop
  endfacet
  facet normal -0.953935 0 -0.300013
    outer loop
      vertex 76.3182 68.7 108.821
      vertex 76.2553 76.7 109.021
      vertex 76.3182 76.7 108.821
    endloop
  endfacet
  facet normal -0.953935 -0 -0.300013
    outer loop
      vertex 76.2553 76.7 109.021
      vertex 76.3182 68.7 108.821
      vertex 76.2553 68.7 109.021
    endloop
  endfacet
  facet normal -0.46299 0 0.886363
    outer loop
      vertex 75.0143 76.7 106.025
      vertex 75.2 68.7 106.122
      vertex 75.2 76.7 106.122
    endloop
  endfacet
  facet normal -0.46299 0 0.886363
    outer loop
      vertex 75.2 68.7 106.122
      vertex 75.0143 76.7 106.025
      vertex 75.0143 68.7 106.025
    endloop
  endfacet
  facet normal -0.0429813 0 0.999076
    outer loop
      vertex 74 76.7 105.8
      vertex 74.2092 68.7 105.809
      vertex 74.2092 76.7 105.809
    endloop
  endfacet
  facet normal -0.0429813 0 0.999076
    outer loop
      vertex 74.2092 68.7 105.809
      vertex 74 76.7 105.8
      vertex 74 68.7 105.8
    endloop
  endfacet
  facet normal 0.0429813 0 0.999076
    outer loop
      vertex 73.7908 76.7 105.809
      vertex 74 68.7 105.8
      vertex 74 76.7 105.8
    endloop
  endfacet
  facet normal 0.0429813 0 0.999076
    outer loop
      vertex 74 68.7 105.8
      vertex 73.7908 76.7 105.809
      vertex 73.7908 68.7 105.809
    endloop
  endfacet
  facet normal 0.953935 -0 0.300013
    outer loop
      vertex 71.6818 68.7 107.579
      vertex 71.7447 76.7 107.379
      vertex 71.6818 76.7 107.579
    endloop
  endfacet
  facet normal 0.953935 0 0.300013
    outer loop
      vertex 71.7447 76.7 107.379
      vertex 71.6818 68.7 107.579
      vertex 71.7447 68.7 107.379
    endloop
  endfacet
  facet normal -0.607397 0 0.794399
    outer loop
      vertex 75.3766 76.7 106.234
      vertex 75.5427 68.7 106.361
      vertex 75.5427 76.7 106.361
    endloop
  endfacet
  facet normal -0.607397 0 0.794399
    outer loop
      vertex 75.5427 68.7 106.361
      vertex 75.3766 76.7 106.234
      vertex 75.3766 68.7 106.234
    endloop
  endfacet
  facet normal 0.676933 0 -0.736045
    outer loop
      vertex 72.3029 68.7 109.897
      vertex 72.4573 76.7 110.039
      vertex 72.4573 68.7 110.039
    endloop
  endfacet
  facet normal 0.676933 0 -0.736045
    outer loop
      vertex 72.4573 76.7 110.039
      vertex 72.3029 68.7 109.897
      vertex 72.3029 76.7 109.897
    endloop
  endfacet
  facet normal -0.219558 0 0.9756
    outer loop
      vertex 74.4168 76.7 105.836
      vertex 74.6212 68.7 105.882
      vertex 74.6212 76.7 105.882
    endloop
  endfacet
  facet normal -0.219558 0 0.9756
    outer loop
      vertex 74.6212 68.7 105.882
      vertex 74.4168 76.7 105.836
      vertex 74.4168 68.7 105.836
    endloop
  endfacet
  facet normal -0.382071 0 0.924133
    outer loop
      vertex 74.8208 76.7 105.945
      vertex 75.0143 68.7 106.025
      vertex 75.0143 76.7 106.025
    endloop
  endfacet
  facet normal -0.382071 0 0.924133
    outer loop
      vertex 75.0143 68.7 106.025
      vertex 74.8208 76.7 105.945
      vertex 74.8208 68.7 105.945
    endloop
  endfacet
  facet normal -0.991435 0 -0.130602
    outer loop
      vertex 76.3909 68.7 108.409
      vertex 76.3635 76.7 108.617
      vertex 76.3909 76.7 108.409
    endloop
  endfacet
  facet normal -0.991435 -0 -0.130602
    outer loop
      vertex 76.3635 76.7 108.617
      vertex 76.3909 68.7 108.409
      vertex 76.3635 68.7 108.617
    endloop
  endfacet
endsolid OpenSCAD_Model
