solid OpenSCAD_Model
  facet normal 0.737285 -0.675582 0
    outer loop
      vertex 4.94975 -4.94975 4
      vertex 5.36231 -4.49951 0
      vertex 5.36231 -4.49951 4
    endloop
  endfacet
  facet normal 0.737285 -0.675582 0
    outer loop
      vertex 5.36231 -4.49951 0
      vertex 4.94975 -4.94975 4
      vertex 4.94975 -4.94975 0
    endloop
  endfacet
  facet normal 0.991445 0.130528 0
    outer loop
      vertex 6.97336 0.610089 4
      vertex 6.89365 1.21554 0
      vertex 6.89365 1.21554 4
    endloop
  endfacet
  facet normal 0.991445 0.130528 0
    outer loop
      vertex 6.89365 1.21554 0
      vertex 6.97336 0.610089 4
      vertex 6.97336 0.610089 0
    endloop
  endfacet
  facet normal 0.999048 0.0436242 0
    outer loop
      vertex 7 0 4
      vertex 6.97336 0.610089 0
      vertex 6.97336 0.610089 4
    endloop
  endfacet
  facet normal 0.999048 0.0436242 0
    outer loop
      vertex 6.97336 0.610089 0
      vertex 7 0 4
      vertex 7 0 0
    endloop
  endfacet
  facet normal 0.976297 0.216436 0
    outer loop
      vertex 6.89365 1.21554 4
      vertex 6.76148 1.81173 0
      vertex 6.76148 1.81173 4
    endloop
  endfacet
  facet normal 0.976297 0.216436 0
    outer loop
      vertex 6.76148 1.81173 0
      vertex 6.89365 1.21554 4
      vertex 6.89365 1.21554 0
    endloop
  endfacet
  facet normal 0.537311 -0.843384 0
    outer loop
      vertex 3.5 -6.06218 0
      vertex 4.01503 -5.73406 4
      vertex 3.5 -6.06218 4
    endloop
  endfacet
  facet normal 0.537311 -0.843384 0
    outer loop
      vertex 4.01503 -5.73406 4
      vertex 3.5 -6.06218 0
      vertex 4.01503 -5.73406 0
    endloop
  endfacet
  facet normal 0.461741 -0.887015 0
    outer loop
      vertex 2.95833 -6.34415 0
      vertex 3.5 -6.06218 4
      vertex 2.95833 -6.34415 4
    endloop
  endfacet
  facet normal 0.461741 -0.887015 0
    outer loop
      vertex 3.5 -6.06218 4
      vertex 2.95833 -6.34415 0
      vertex 3.5 -6.06218 0
    endloop
  endfacet
  facet normal 0.216436 -0.976297 0
    outer loop
      vertex 1.21554 -6.89365 0
      vertex 1.81173 -6.76148 4
      vertex 1.21554 -6.89365 4
    endloop
  endfacet
  facet normal 0.216436 -0.976297 0
    outer loop
      vertex 1.81173 -6.76148 4
      vertex 1.21554 -6.89365 0
      vertex 1.81173 -6.76148 0
    endloop
  endfacet
  facet normal -0.130528 0.991445 0
    outer loop
      vertex -0.610089 6.97336 0
      vertex -1.21554 6.89365 4
      vertex -0.610089 6.97336 4
    endloop
  endfacet
  facet normal -0.130528 0.991445 0
    outer loop
      vertex -1.21554 6.89365 4
      vertex -0.610089 6.97336 0
      vertex -1.21554 6.89365 0
    endloop
  endfacet
  facet normal -0.843384 0.537311 0
    outer loop
      vertex -6.06218 3.5 0
      vertex -5.73406 4.01503 4
      vertex -5.73406 4.01503 0
    endloop
  endfacet
  facet normal -0.843384 0.537311 0
    outer loop
      vertex -5.73406 4.01503 4
      vertex -6.06218 3.5 0
      vertex -6.06218 3.5 4
    endloop
  endfacet
  facet normal -0.38269 0.923877 0
    outer loop
      vertex -2.39414 6.57785 0
      vertex -2.95833 6.34415 4
      vertex -2.39414 6.57785 4
    endloop
  endfacet
  facet normal -0.38269 0.923877 0
    outer loop
      vertex -2.95833 6.34415 4
      vertex -2.39414 6.57785 0
      vertex -2.95833 6.34415 0
    endloop
  endfacet
  facet normal 0.608757 0.793357 -0
    outer loop
      vertex 4.49951 5.36231 0
      vertex 4.01503 5.73406 4
      vertex 4.49951 5.36231 4
    endloop
  endfacet
  facet normal 0.608757 0.793357 0
    outer loop
      vertex 4.01503 5.73406 4
      vertex 4.49951 5.36231 0
      vertex 4.01503 5.73406 0
    endloop
  endfacet
  facet normal 0.216436 0.976297 -0
    outer loop
      vertex 1.81173 6.76148 0
      vertex 1.21554 6.89365 4
      vertex 1.81173 6.76148 4
    endloop
  endfacet
  facet normal 0.216436 0.976297 0
    outer loop
      vertex 1.21554 6.89365 4
      vertex 1.81173 6.76148 0
      vertex 1.21554 6.89365 0
    endloop
  endfacet
  facet normal -0.923877 -0.38269 0
    outer loop
      vertex -6.34415 -2.95833 0
      vertex -6.57785 -2.39414 4
      vertex -6.57785 -2.39414 0
    endloop
  endfacet
  facet normal -0.923877 -0.38269 0
    outer loop
      vertex -6.57785 -2.39414 4
      vertex -6.34415 -2.95833 0
      vertex -6.34415 -2.95833 4
    endloop
  endfacet
  facet normal -0.737285 -0.675582 0
    outer loop
      vertex -4.94975 -4.94975 0
      vertex -5.36231 -4.49951 4
      vertex -5.36231 -4.49951 0
    endloop
  endfacet
  facet normal -0.737285 -0.675582 0
    outer loop
      vertex -5.36231 -4.49951 4
      vertex -4.94975 -4.94975 0
      vertex -4.94975 -4.94975 4
    endloop
  endfacet
  facet normal 0.461741 0.887015 -0
    outer loop
      vertex 3.5 6.06218 0
      vertex 2.95833 6.34415 4
      vertex 3.5 6.06218 4
    endloop
  endfacet
  facet normal 0.461741 0.887015 0
    outer loop
      vertex 2.95833 6.34415 4
      vertex 3.5 6.06218 0
      vertex 2.95833 6.34415 0
    endloop
  endfacet
  facet normal 0.537311 0.843384 -0
    outer loop
      vertex 4.01503 5.73406 0
      vertex 3.5 6.06218 4
      vertex 4.01503 5.73406 4
    endloop
  endfacet
  facet normal 0.537311 0.843384 0
    outer loop
      vertex 3.5 6.06218 4
      vertex 4.01503 5.73406 0
      vertex 3.5 6.06218 0
    endloop
  endfacet
  facet normal -0.537311 0.843384 0
    outer loop
      vertex -3.5 6.06218 0
      vertex -4.01503 5.73406 4
      vertex -3.5 6.06218 4
    endloop
  endfacet
  facet normal -0.537311 0.843384 0
    outer loop
      vertex -4.01503 5.73406 4
      vertex -3.5 6.06218 0
      vertex -4.01503 5.73406 0
    endloop
  endfacet
  facet normal 0.953718 -0.300701 0
    outer loop
      vertex 6.57785 -2.39414 4
      vertex 6.76148 -1.81173 0
      vertex 6.76148 -1.81173 4
    endloop
  endfacet
  facet normal 0.953718 -0.300701 0
    outer loop
      vertex 6.76148 -1.81173 0
      vertex 6.57785 -2.39414 4
      vertex 6.57785 -2.39414 0
    endloop
  endfacet
  facet normal -0.675582 0.737285 0
    outer loop
      vertex -4.49951 5.36231 0
      vertex -4.94975 4.94975 4
      vertex -4.49951 5.36231 4
    endloop
  endfacet
  facet normal -0.675582 0.737285 0
    outer loop
      vertex -4.94975 4.94975 4
      vertex -4.49951 5.36231 0
      vertex -4.94975 4.94975 0
    endloop
  endfacet
  facet normal 0.300701 -0.953718 0
    outer loop
      vertex 1.81173 -6.76148 0
      vertex 2.39414 -6.57785 4
      vertex 1.81173 -6.76148 4
    endloop
  endfacet
  facet normal 0.300701 -0.953718 0
    outer loop
      vertex 2.39414 -6.57785 4
      vertex 1.81173 -6.76148 0
      vertex 2.39414 -6.57785 0
    endloop
  endfacet
  facet normal 0.130528 -0.991445 0
    outer loop
      vertex 0.610089 -6.97336 0
      vertex 1.21554 -6.89365 4
      vertex 0.610089 -6.97336 4
    endloop
  endfacet
  facet normal 0.130528 -0.991445 0
    outer loop
      vertex 1.21554 -6.89365 4
      vertex 0.610089 -6.97336 0
      vertex 1.21554 -6.89365 0
    endloop
  endfacet
  facet normal -0.675582 -0.737285 0
    outer loop
      vertex -4.94975 -4.94975 0
      vertex -4.49951 -5.36231 4
      vertex -4.94975 -4.94975 4
    endloop
  endfacet
  facet normal -0.675582 -0.737285 -0
    outer loop
      vertex -4.49951 -5.36231 4
      vertex -4.94975 -4.94975 0
      vertex -4.49951 -5.36231 0
    endloop
  endfacet
  facet normal 0.0436242 -0.999048 0
    outer loop
      vertex 0 -7 0
      vertex 0.610089 -6.97336 4
      vertex 0 -7 4
    endloop
  endfacet
  facet normal 0.0436242 -0.999048 0
    outer loop
      vertex 0.610089 -6.97336 4
      vertex 0 -7 0
      vertex 0.610089 -6.97336 0
    endloop
  endfacet
  facet normal -0.976297 0.216436 0
    outer loop
      vertex -6.89365 1.21554 0
      vertex -6.76148 1.81173 4
      vertex -6.76148 1.81173 0
    endloop
  endfacet
  facet normal -0.976297 0.216436 0
    outer loop
      vertex -6.76148 1.81173 4
      vertex -6.89365 1.21554 0
      vertex -6.89365 1.21554 4
    endloop
  endfacet
  facet normal -0.461741 0.887015 0
    outer loop
      vertex -2.95833 6.34415 0
      vertex -3.5 6.06218 4
      vertex -2.95833 6.34415 4
    endloop
  endfacet
  facet normal -0.461741 0.887015 0
    outer loop
      vertex -3.5 6.06218 4
      vertex -2.95833 6.34415 0
      vertex -3.5 6.06218 0
    endloop
  endfacet
  facet normal 0.843384 0.537311 0
    outer loop
      vertex 6.06218 3.5 4
      vertex 5.73406 4.01503 0
      vertex 5.73406 4.01503 4
    endloop
  endfacet
  facet normal 0.843384 0.537311 0
    outer loop
      vertex 5.73406 4.01503 0
      vertex 6.06218 3.5 4
      vertex 6.06218 3.5 0
    endloop
  endfacet
  facet normal 0.0436242 0.999048 -0
    outer loop
      vertex 0.610089 6.97336 0
      vertex 0 7 4
      vertex 0.610089 6.97336 4
    endloop
  endfacet
  facet normal 0.0436242 0.999048 0
    outer loop
      vertex 0 7 4
      vertex 0.610089 6.97336 0
      vertex 0 7 0
    endloop
  endfacet
  facet normal -0.216436 0.976297 0
    outer loop
      vertex -1.21554 6.89365 0
      vertex -1.81173 6.76148 4
      vertex -1.21554 6.89365 4
    endloop
  endfacet
  facet normal -0.216436 0.976297 0
    outer loop
      vertex -1.81173 6.76148 4
      vertex -1.21554 6.89365 0
      vertex -1.81173 6.76148 0
    endloop
  endfacet
  facet normal 0.976297 -0.216436 0
    outer loop
      vertex 6.76148 -1.81173 4
      vertex 6.89365 -1.21554 0
      vertex 6.89365 -1.21554 4
    endloop
  endfacet
  facet normal 0.976297 -0.216436 0
    outer loop
      vertex 6.89365 -1.21554 0
      vertex 6.76148 -1.81173 4
      vertex 6.76148 -1.81173 0
    endloop
  endfacet
  facet normal 0.793357 -0.608757 0
    outer loop
      vertex 5.36231 -4.49951 4
      vertex 5.73406 -4.01503 0
      vertex 5.73406 -4.01503 4
    endloop
  endfacet
  facet normal 0.793357 -0.608757 0
    outer loop
      vertex 5.73406 -4.01503 0
      vertex 5.36231 -4.49951 4
      vertex 5.36231 -4.49951 0
    endloop
  endfacet
  facet normal 0.675582 0.737285 -0
    outer loop
      vertex 4.94975 4.94975 0
      vertex 4.49951 5.36231 4
      vertex 4.94975 4.94975 4
    endloop
  endfacet
  facet normal 0.675582 0.737285 0
    outer loop
      vertex 4.49951 5.36231 4
      vertex 4.94975 4.94975 0
      vertex 4.49951 5.36231 0
    endloop
  endfacet
  facet normal 0.887015 -0.461741 0
    outer loop
      vertex 6.06218 -3.5 4
      vertex 6.34415 -2.95833 0
      vertex 6.34415 -2.95833 4
    endloop
  endfacet
  facet normal 0.887015 -0.461741 0
    outer loop
      vertex 6.34415 -2.95833 0
      vertex 6.06218 -3.5 4
      vertex 6.06218 -3.5 0
    endloop
  endfacet
  facet normal -0.537311 -0.843384 0
    outer loop
      vertex -4.01503 -5.73406 0
      vertex -3.5 -6.06218 4
      vertex -4.01503 -5.73406 4
    endloop
  endfacet
  facet normal -0.537311 -0.843384 -0
    outer loop
      vertex -3.5 -6.06218 4
      vertex -4.01503 -5.73406 0
      vertex -3.5 -6.06218 0
    endloop
  endfacet
  facet normal -0.737285 0.675582 0
    outer loop
      vertex -5.36231 4.49951 0
      vertex -4.94975 4.94975 4
      vertex -4.94975 4.94975 0
    endloop
  endfacet
  facet normal -0.737285 0.675582 0
    outer loop
      vertex -4.94975 4.94975 4
      vertex -5.36231 4.49951 0
      vertex -5.36231 4.49951 4
    endloop
  endfacet
  facet normal 0.953718 0.300701 0
    outer loop
      vertex 6.76148 1.81173 4
      vertex 6.57785 2.39414 0
      vertex 6.57785 2.39414 4
    endloop
  endfacet
  facet normal 0.953718 0.300701 0
    outer loop
      vertex 6.57785 2.39414 0
      vertex 6.76148 1.81173 4
      vertex 6.76148 1.81173 0
    endloop
  endfacet
  facet normal 0.843384 -0.537311 0
    outer loop
      vertex 5.73406 -4.01503 4
      vertex 6.06218 -3.5 0
      vertex 6.06218 -3.5 4
    endloop
  endfacet
  facet normal 0.843384 -0.537311 0
    outer loop
      vertex 6.06218 -3.5 0
      vertex 5.73406 -4.01503 4
      vertex 5.73406 -4.01503 0
    endloop
  endfacet
  facet normal -0.991445 -0.130528 0
    outer loop
      vertex -6.89365 -1.21554 0
      vertex -6.97336 -0.610089 4
      vertex -6.97336 -0.610089 0
    endloop
  endfacet
  facet normal -0.991445 -0.130528 0
    outer loop
      vertex -6.97336 -0.610089 4
      vertex -6.89365 -1.21554 0
      vertex -6.89365 -1.21554 4
    endloop
  endfacet
  facet normal -0.953718 0.300701 0
    outer loop
      vertex -6.76148 1.81173 0
      vertex -6.57785 2.39414 4
      vertex -6.57785 2.39414 0
    endloop
  endfacet
  facet normal -0.953718 0.300701 0
    outer loop
      vertex -6.57785 2.39414 4
      vertex -6.76148 1.81173 0
      vertex -6.76148 1.81173 4
    endloop
  endfacet
  facet normal -0.608757 0.793357 0
    outer loop
      vertex -4.01503 5.73406 0
      vertex -4.49951 5.36231 4
      vertex -4.01503 5.73406 4
    endloop
  endfacet
  facet normal -0.608757 0.793357 0
    outer loop
      vertex -4.49951 5.36231 4
      vertex -4.01503 5.73406 0
      vertex -4.49951 5.36231 0
    endloop
  endfacet
  facet normal 0.991445 -0.130528 0
    outer loop
      vertex 6.89365 -1.21554 4
      vertex 6.97336 -0.610089 0
      vertex 6.97336 -0.610089 4
    endloop
  endfacet
  facet normal 0.991445 -0.130528 0
    outer loop
      vertex 6.97336 -0.610089 0
      vertex 6.89365 -1.21554 4
      vertex 6.89365 -1.21554 0
    endloop
  endfacet
  facet normal 0.999048 -0.0436242 0
    outer loop
      vertex 6.97336 -0.610089 4
      vertex 7 0 0
      vertex 7 0 4
    endloop
  endfacet
  facet normal 0.999048 -0.0436242 0
    outer loop
      vertex 7 0 0
      vertex 6.97336 -0.610089 4
      vertex 6.97336 -0.610089 0
    endloop
  endfacet
  facet normal -0.991445 0.130528 0
    outer loop
      vertex -6.97336 0.610089 0
      vertex -6.89365 1.21554 4
      vertex -6.89365 1.21554 0
    endloop
  endfacet
  facet normal -0.991445 0.130528 0
    outer loop
      vertex -6.89365 1.21554 4
      vertex -6.97336 0.610089 0
      vertex -6.97336 0.610089 4
    endloop
  endfacet
  facet normal 0.923877 0.38269 0
    outer loop
      vertex 6.57785 2.39414 4
      vertex 6.34415 2.95833 0
      vertex 6.34415 2.95833 4
    endloop
  endfacet
  facet normal 0.923877 0.38269 0
    outer loop
      vertex 6.34415 2.95833 0
      vertex 6.57785 2.39414 4
      vertex 6.57785 2.39414 0
    endloop
  endfacet
  facet normal -0.976297 -0.216436 0
    outer loop
      vertex -6.76148 -1.81173 0
      vertex -6.89365 -1.21554 4
      vertex -6.89365 -1.21554 0
    endloop
  endfacet
  facet normal -0.976297 -0.216436 0
    outer loop
      vertex -6.89365 -1.21554 4
      vertex -6.76148 -1.81173 0
      vertex -6.76148 -1.81173 4
    endloop
  endfacet
  facet normal 0.887015 0.461741 0
    outer loop
      vertex 6.34415 2.95833 4
      vertex 6.06218 3.5 0
      vertex 6.06218 3.5 4
    endloop
  endfacet
  facet normal 0.887015 0.461741 0
    outer loop
      vertex 6.06218 3.5 0
      vertex 6.34415 2.95833 4
      vertex 6.34415 2.95833 0
    endloop
  endfacet
  facet normal -0.793357 0.608757 0
    outer loop
      vertex -5.73406 4.01503 0
      vertex -5.36231 4.49951 4
      vertex -5.36231 4.49951 0
    endloop
  endfacet
  facet normal -0.793357 0.608757 0
    outer loop
      vertex -5.36231 4.49951 4
      vertex -5.73406 4.01503 0
      vertex -5.73406 4.01503 4
    endloop
  endfacet
  facet normal -0.887015 -0.461741 0
    outer loop
      vertex -6.06218 -3.5 0
      vertex -6.34415 -2.95833 4
      vertex -6.34415 -2.95833 0
    endloop
  endfacet
  facet normal -0.887015 -0.461741 0
    outer loop
      vertex -6.34415 -2.95833 4
      vertex -6.06218 -3.5 0
      vertex -6.06218 -3.5 4
    endloop
  endfacet
  facet normal 0 0 -1
    outer loop
      vertex 6.97336 -0.610089 0
      vertex 6.97336 0.610089 0
      vertex 7 0 0
    endloop
  endfacet
  facet normal 0 0 -1
    outer loop
      vertex 6.89365 -1.21554 0
      vertex 6.97336 0.610089 0
      vertex 6.97336 -0.610089 0
    endloop
  endfacet
  facet normal 0 0 -1
    outer loop
      vertex 6.89365 -1.21554 0
      vertex 6.89365 1.21554 0
      vertex 6.97336 0.610089 0
    endloop
  endfacet
  facet normal 0 0 -1
    outer loop
      vertex 6.76148 -1.81173 0
      vertex 6.89365 1.21554 0
      vertex 6.89365 -1.21554 0
    endloop
  endfacet
  facet normal 0 0 -1
    outer loop
      vertex 6.76148 -1.81173 0
      vertex 6.76148 1.81173 0
      vertex 6.89365 1.21554 0
    endloop
  endfacet
  facet normal 0 0 -1
    outer loop
      vertex 6.57785 -2.39414 0
      vertex 6.76148 1.81173 0
      vertex 6.76148 -1.81173 0
    endloop
  endfacet
  facet normal 0 0 -1
    outer loop
      vertex 6.57785 -2.39414 0
      vertex 6.57785 2.39414 0
      vertex 6.76148 1.81173 0
    endloop
  endfacet
  facet normal 0 0 -1
    outer loop
      vertex 6.34415 -2.95833 0
      vertex 6.57785 2.39414 0
      vertex 6.57785 -2.39414 0
    endloop
  endfacet
  facet normal 0 0 -1
    outer loop
      vertex 6.34415 -2.95833 0
      vertex 6.34415 2.95833 0
      vertex 6.57785 2.39414 0
    endloop
  endfacet
  facet normal 0 0 -1
    outer loop
      vertex 6.06218 -3.5 0
      vertex 6.34415 2.95833 0
      vertex 6.34415 -2.95833 0
    endloop
  endfacet
  facet normal 0 0 -1
    outer loop
      vertex 6.06218 -3.5 0
      vertex 6.06218 3.5 0
      vertex 6.34415 2.95833 0
    endloop
  endfacet
  facet normal 0 0 -1
    outer loop
      vertex 5.73406 -4.01503 0
      vertex 6.06218 3.5 0
      vertex 6.06218 -3.5 0
    endloop
  endfacet
  facet normal 0 0 -1
    outer loop
      vertex 5.73406 -4.01503 0
      vertex 5.73406 4.01503 0
      vertex 6.06218 3.5 0
    endloop
  endfacet
  facet normal 0 0 -1
    outer loop
      vertex 5.36231 -4.49951 0
      vertex 5.73406 4.01503 0
      vertex 5.73406 -4.01503 0
    endloop
  endfacet
  facet normal 0 0 -1
    outer loop
      vertex 5.36231 -4.49951 0
      vertex 5.36231 4.49951 0
      vertex 5.73406 4.01503 0
    endloop
  endfacet
  facet normal 0 0 -1
    outer loop
      vertex 4.94975 -4.94975 0
      vertex 5.36231 4.49951 0
      vertex 5.36231 -4.49951 0
    endloop
  endfacet
  facet normal 0 0 -1
    outer loop
      vertex 4.94975 -4.94975 0
      vertex 4.94975 4.94975 0
      vertex 5.36231 4.49951 0
    endloop
  endfacet
  facet normal 0 0 -1
    outer loop
      vertex 4.49951 -5.36231 0
      vertex 4.94975 4.94975 0
      vertex 4.94975 -4.94975 0
    endloop
  endfacet
  facet normal 0 0 -1
    outer loop
      vertex 4.49951 -5.36231 0
      vertex 4.49951 5.36231 0
      vertex 4.94975 4.94975 0
    endloop
  endfacet
  facet normal 0 0 -1
    outer loop
      vertex 4.01503 -5.73406 0
      vertex 4.49951 5.36231 0
      vertex 4.49951 -5.36231 0
    endloop
  endfacet
  facet normal 0 0 -1
    outer loop
      vertex 4.01503 -5.73406 0
      vertex 4.01503 5.73406 0
      vertex 4.49951 5.36231 0
    endloop
  endfacet
  facet normal 0 0 -1
    outer loop
      vertex 3.5 -6.06218 0
      vertex 4.01503 5.73406 0
      vertex 4.01503 -5.73406 0
    endloop
  endfacet
  facet normal 0 0 -1
    outer loop
      vertex 3.5 -6.06218 0
      vertex 3.5 6.06218 0
      vertex 4.01503 5.73406 0
    endloop
  endfacet
  facet normal 0 0 -1
    outer loop
      vertex 2.95833 -6.34415 0
      vertex 3.5 6.06218 0
      vertex 3.5 -6.06218 0
    endloop
  endfacet
  facet normal 0 0 -1
    outer loop
      vertex 2.95833 -6.34415 0
      vertex 2.95833 6.34415 0
      vertex 3.5 6.06218 0
    endloop
  endfacet
  facet normal 0 0 -1
    outer loop
      vertex 2.39414 -6.57785 0
      vertex 2.95833 6.34415 0
      vertex 2.95833 -6.34415 0
    endloop
  endfacet
  facet normal 0 0 -1
    outer loop
      vertex 2.39414 -6.57785 0
      vertex 2.39414 6.57785 0
      vertex 2.95833 6.34415 0
    endloop
  endfacet
  facet normal 0 0 -1
    outer loop
      vertex 1.81173 -6.76148 0
      vertex 2.39414 6.57785 0
      vertex 2.39414 -6.57785 0
    endloop
  endfacet
  facet normal 0 0 -1
    outer loop
      vertex 1.81173 -6.76148 0
      vertex 1.81173 6.76148 0
      vertex 2.39414 6.57785 0
    endloop
  endfacet
  facet normal 0 0 -1
    outer loop
      vertex 1.21554 -6.89365 0
      vertex 1.81173 6.76148 0
      vertex 1.81173 -6.76148 0
    endloop
  endfacet
  facet normal 0 0 -1
    outer loop
      vertex 1.21554 -6.89365 0
      vertex 1.21554 6.89365 0
      vertex 1.81173 6.76148 0
    endloop
  endfacet
  facet normal 0 0 -1
    outer loop
      vertex 0.610089 -6.97336 0
      vertex 1.21554 6.89365 0
      vertex 1.21554 -6.89365 0
    endloop
  endfacet
  facet normal 0 0 -1
    outer loop
      vertex 0.610089 -6.97336 0
      vertex 0.610089 6.97336 0
      vertex 1.21554 6.89365 0
    endloop
  endfacet
  facet normal 0 0 -1
    outer loop
      vertex 0 -7 0
      vertex 0.610089 6.97336 0
      vertex 0.610089 -6.97336 0
    endloop
  endfacet
  facet normal 0 0 -1
    outer loop
      vertex 0 -7 0
      vertex 0 7 0
      vertex 0.610089 6.97336 0
    endloop
  endfacet
  facet normal 0 0 -1
    outer loop
      vertex -0.610089 -6.97336 0
      vertex 0 7 0
      vertex 0 -7 0
    endloop
  endfacet
  facet normal 0 0 -1
    outer loop
      vertex -0.610089 -6.97336 0
      vertex -0.610089 6.97336 0
      vertex 0 7 0
    endloop
  endfacet
  facet normal 0 0 -1
    outer loop
      vertex -1.21554 -6.89365 0
      vertex -0.610089 6.97336 0
      vertex -0.610089 -6.97336 0
    endloop
  endfacet
  facet normal 0 0 -1
    outer loop
      vertex -1.21554 -6.89365 0
      vertex -1.21554 6.89365 0
      vertex -0.610089 6.97336 0
    endloop
  endfacet
  facet normal 0 0 -1
    outer loop
      vertex -1.81173 -6.76148 0
      vertex -1.21554 6.89365 0
      vertex -1.21554 -6.89365 0
    endloop
  endfacet
  facet normal 0 0 -1
    outer loop
      vertex -1.81173 -6.76148 0
      vertex -1.81173 6.76148 0
      vertex -1.21554 6.89365 0
    endloop
  endfacet
  facet normal 0 0 -1
    outer loop
      vertex -2.39414 -6.57785 0
      vertex -1.81173 6.76148 0
      vertex -1.81173 -6.76148 0
    endloop
  endfacet
  facet normal 0 0 -1
    outer loop
      vertex -2.39414 -6.57785 0
      vertex -2.39414 6.57785 0
      vertex -1.81173 6.76148 0
    endloop
  endfacet
  facet normal 0 0 -1
    outer loop
      vertex -2.95833 -6.34415 0
      vertex -2.39414 6.57785 0
      vertex -2.39414 -6.57785 0
    endloop
  endfacet
  facet normal 0 0 -1
    outer loop
      vertex -2.95833 -6.34415 0
      vertex -2.95833 6.34415 0
      vertex -2.39414 6.57785 0
    endloop
  endfacet
  facet normal 0 0 -1
    outer loop
      vertex -3.5 -6.06218 0
      vertex -2.95833 6.34415 0
      vertex -2.95833 -6.34415 0
    endloop
  endfacet
  facet normal 0 0 -1
    outer loop
      vertex -3.5 -6.06218 0
      vertex -3.5 6.06218 0
      vertex -2.95833 6.34415 0
    endloop
  endfacet
  facet normal 0 0 -1
    outer loop
      vertex -4.01503 -5.73406 0
      vertex -3.5 6.06218 0
      vertex -3.5 -6.06218 0
    endloop
  endfacet
  facet normal 0 0 -1
    outer loop
      vertex -4.01503 -5.73406 0
      vertex -4.01503 5.73406 0
      vertex -3.5 6.06218 0
    endloop
  endfacet
  facet normal 0 0 -1
    outer loop
      vertex -4.49951 -5.36231 0
      vertex -4.01503 5.73406 0
      vertex -4.01503 -5.73406 0
    endloop
  endfacet
  facet normal 0 0 -1
    outer loop
      vertex -4.49951 -5.36231 0
      vertex -4.49951 5.36231 0
      vertex -4.01503 5.73406 0
    endloop
  endfacet
  facet normal 0 0 -1
    outer loop
      vertex -4.94975 -4.94975 0
      vertex -4.49951 5.36231 0
      vertex -4.49951 -5.36231 0
    endloop
  endfacet
  facet normal 0 0 -1
    outer loop
      vertex -4.94975 -4.94975 0
      vertex -4.94975 4.94975 0
      vertex -4.49951 5.36231 0
    endloop
  endfacet
  facet normal 0 0 -1
    outer loop
      vertex -5.36231 -4.49951 0
      vertex -4.94975 4.94975 0
      vertex -4.94975 -4.94975 0
    endloop
  endfacet
  facet normal 0 0 -1
    outer loop
      vertex -5.36231 -4.49951 0
      vertex -5.36231 4.49951 0
      vertex -4.94975 4.94975 0
    endloop
  endfacet
  facet normal 0 0 -1
    outer loop
      vertex -5.73406 -4.01503 0
      vertex -5.36231 4.49951 0
      vertex -5.36231 -4.49951 0
    endloop
  endfacet
  facet normal 0 0 -1
    outer loop
      vertex -5.73406 -4.01503 0
      vertex -5.73406 4.01503 0
      vertex -5.36231 4.49951 0
    endloop
  endfacet
  facet normal 0 0 -1
    outer loop
      vertex -6.06218 -3.5 0
      vertex -5.73406 4.01503 0
      vertex -5.73406 -4.01503 0
    endloop
  endfacet
  facet normal 0 0 -1
    outer loop
      vertex -6.06218 -3.5 0
      vertex -6.06218 3.5 0
      vertex -5.73406 4.01503 0
    endloop
  endfacet
  facet normal 0 0 -1
    outer loop
      vertex -6.34415 -2.95833 0
      vertex -6.06218 3.5 0
      vertex -6.06218 -3.5 0
    endloop
  endfacet
  facet normal 0 0 -1
    outer loop
      vertex -6.34415 -2.95833 0
      vertex -6.34415 2.95833 0
      vertex -6.06218 3.5 0
    endloop
  endfacet
  facet normal 0 0 -1
    outer loop
      vertex -6.57785 -2.39414 0
      vertex -6.34415 2.95833 0
      vertex -6.34415 -2.95833 0
    endloop
  endfacet
  facet normal 0 0 -1
    outer loop
      vertex -6.57785 -2.39414 0
      vertex -6.57785 2.39414 0
      vertex -6.34415 2.95833 0
    endloop
  endfacet
  facet normal 0 0 -1
    outer loop
      vertex -6.76148 -1.81173 0
      vertex -6.57785 2.39414 0
      vertex -6.57785 -2.39414 0
    endloop
  endfacet
  facet normal 0 0 -1
    outer loop
      vertex -6.76148 -1.81173 0
      vertex -6.76148 1.81173 0
      vertex -6.57785 2.39414 0
    endloop
  endfacet
  facet normal 0 0 -1
    outer loop
      vertex -6.89365 -1.21554 0
      vertex -6.76148 1.81173 0
      vertex -6.76148 -1.81173 0
    endloop
  endfacet
  facet normal 0 0 -1
    outer loop
      vertex -6.89365 -1.21554 0
      vertex -6.89365 1.21554 0
      vertex -6.76148 1.81173 0
    endloop
  endfacet
  facet normal 0 0 -1
    outer loop
      vertex -6.97336 -0.610089 0
      vertex -6.89365 1.21554 0
      vertex -6.89365 -1.21554 0
    endloop
  endfacet
  facet normal 0 0 -1
    outer loop
      vertex -6.97336 -0.610089 0
      vertex -6.97336 0.610089 0
      vertex -6.89365 1.21554 0
    endloop
  endfacet
  facet normal 0 -0 -1
    outer loop
      vertex -6.97336 0.610089 0
      vertex -6.97336 -0.610089 0
      vertex -7 0 0
    endloop
  endfacet
  facet normal -0.300701 0.953718 0
    outer loop
      vertex -1.81173 6.76148 0
      vertex -2.39414 6.57785 4
      vertex -1.81173 6.76148 4
    endloop
  endfacet
  facet normal -0.300701 0.953718 0
    outer loop
      vertex -2.39414 6.57785 4
      vertex -1.81173 6.76148 0
      vertex -2.39414 6.57785 0
    endloop
  endfacet
  facet normal 0.737285 0.675582 0
    outer loop
      vertex 5.36231 4.49951 4
      vertex 4.94975 4.94975 0
      vertex 4.94975 4.94975 4
    endloop
  endfacet
  facet normal 0.737285 0.675582 0
    outer loop
      vertex 4.94975 4.94975 0
      vertex 5.36231 4.49951 4
      vertex 5.36231 4.49951 0
    endloop
  endfacet
  facet normal -0.953718 -0.300701 0
    outer loop
      vertex -6.57785 -2.39414 0
      vertex -6.76148 -1.81173 4
      vertex -6.76148 -1.81173 0
    endloop
  endfacet
  facet normal -0.953718 -0.300701 0
    outer loop
      vertex -6.76148 -1.81173 4
      vertex -6.57785 -2.39414 0
      vertex -6.57785 -2.39414 4
    endloop
  endfacet
  facet normal -0.793357 -0.608757 0
    outer loop
      vertex -5.36231 -4.49951 0
      vertex -5.73406 -4.01503 4
      vertex -5.73406 -4.01503 0
    endloop
  endfacet
  facet normal -0.793357 -0.608757 0
    outer loop
      vertex -5.73406 -4.01503 4
      vertex -5.36231 -4.49951 0
      vertex -5.36231 -4.49951 4
    endloop
  endfacet
  facet normal -0.0436242 -0.999048 0
    outer loop
      vertex -0.610089 -6.97336 0
      vertex 0 -7 4
      vertex -0.610089 -6.97336 4
    endloop
  endfacet
  facet normal -0.0436242 -0.999048 -0
    outer loop
      vertex 0 -7 4
      vertex -0.610089 -6.97336 0
      vertex 0 -7 0
    endloop
  endfacet
  facet normal -0.461741 -0.887015 0
    outer loop
      vertex -3.5 -6.06218 0
      vertex -2.95833 -6.34415 4
      vertex -3.5 -6.06218 4
    endloop
  endfacet
  facet normal -0.461741 -0.887015 -0
    outer loop
      vertex -2.95833 -6.34415 4
      vertex -3.5 -6.06218 0
      vertex -2.95833 -6.34415 0
    endloop
  endfacet
  facet normal -0.608757 -0.793357 0
    outer loop
      vertex -4.49951 -5.36231 0
      vertex -4.01503 -5.73406 4
      vertex -4.49951 -5.36231 4
    endloop
  endfacet
  facet normal -0.608757 -0.793357 -0
    outer loop
      vertex -4.01503 -5.73406 4
      vertex -4.49951 -5.36231 0
      vertex -4.01503 -5.73406 0
    endloop
  endfacet
  facet normal -0.130528 -0.991445 0
    outer loop
      vertex -1.21554 -6.89365 0
      vertex -0.610089 -6.97336 4
      vertex -1.21554 -6.89365 4
    endloop
  endfacet
  facet normal -0.130528 -0.991445 -0
    outer loop
      vertex -0.610089 -6.97336 4
      vertex -1.21554 -6.89365 0
      vertex -0.610089 -6.97336 0
    endloop
  endfacet
  facet normal 0.38269 -0.923877 0
    outer loop
      vertex 2.39414 -6.57785 0
      vertex 2.95833 -6.34415 4
      vertex 2.39414 -6.57785 4
    endloop
  endfacet
  facet normal 0.38269 -0.923877 0
    outer loop
      vertex 2.95833 -6.34415 4
      vertex 2.39414 -6.57785 0
      vertex 2.95833 -6.34415 0
    endloop
  endfacet
  facet normal 0.923877 -0.38269 0
    outer loop
      vertex 6.34415 -2.95833 4
      vertex 6.57785 -2.39414 0
      vertex 6.57785 -2.39414 4
    endloop
  endfacet
  facet normal 0.923877 -0.38269 0
    outer loop
      vertex 6.57785 -2.39414 0
      vertex 6.34415 -2.95833 4
      vertex 6.34415 -2.95833 0
    endloop
  endfacet
  facet normal -0.923877 0.38269 0
    outer loop
      vertex -6.57785 2.39414 0
      vertex -6.34415 2.95833 4
      vertex -6.34415 2.95833 0
    endloop
  endfacet
  facet normal -0.923877 0.38269 0
    outer loop
      vertex -6.34415 2.95833 4
      vertex -6.57785 2.39414 0
      vertex -6.57785 2.39414 4
    endloop
  endfacet
  facet normal 0.300701 0.953718 -0
    outer loop
      vertex 2.39414 6.57785 0
      vertex 1.81173 6.76148 4
      vertex 2.39414 6.57785 4
    endloop
  endfacet
  facet normal 0.300701 0.953718 0
    outer loop
      vertex 1.81173 6.76148 4
      vertex 2.39414 6.57785 0
      vertex 1.81173 6.76148 0
    endloop
  endfacet
  facet normal -0.0436242 0.999048 0
    outer loop
      vertex 0 7 0
      vertex -0.610089 6.97336 4
      vertex 0 7 4
    endloop
  endfacet
  facet normal -0.0436242 0.999048 0
    outer loop
      vertex -0.610089 6.97336 4
      vertex 0 7 0
      vertex -0.610089 6.97336 0
    endloop
  endfacet
  facet normal 0.793357 0.608757 0
    outer loop
      vertex 5.73406 4.01503 4
      vertex 5.36231 4.49951 0
      vertex 5.36231 4.49951 4
    endloop
  endfacet
  facet normal 0.793357 0.608757 0
    outer loop
      vertex 5.36231 4.49951 0
      vertex 5.73406 4.01503 4
      vertex 5.73406 4.01503 0
    endloop
  endfacet
  facet normal 0 0 1
    outer loop
      vertex 3 0 4
      vertex 7 0 4
      vertex 6.97336 0.610089 4
    endloop
  endfacet
  facet normal 0 0 1
    outer loop
      vertex 2.98858 0.261467 4
      vertex 6.97336 0.610089 4
      vertex 6.89365 1.21554 4
    endloop
  endfacet
  facet normal 0 0 1
    outer loop
      vertex 7 0 4
      vertex 3 0 4
      vertex 6.97336 -0.610089 4
    endloop
  endfacet
  facet normal 0 0 1
    outer loop
      vertex 2.95442 0.520944 4
      vertex 6.89365 1.21554 4
      vertex 6.76148 1.81173 4
    endloop
  endfacet
  facet normal -0 0 1
    outer loop
      vertex 2.98858 -0.261467 4
      vertex 6.97336 -0.610089 4
      vertex 3 0 4
    endloop
  endfacet
  facet normal 0 0 1
    outer loop
      vertex 2.89778 0.776457 4
      vertex 6.76148 1.81173 4
      vertex 6.57785 2.39414 4
    endloop
  endfacet
  facet normal 0 0 1
    outer loop
      vertex 6.97336 -0.610089 4
      vertex 2.98858 -0.261467 4
      vertex 6.89365 -1.21554 4
    endloop
  endfacet
  facet normal 0 0 1
    outer loop
      vertex 2.81908 1.02606 4
      vertex 6.57785 2.39414 4
      vertex 6.34415 2.95833 4
    endloop
  endfacet
  facet normal -0 0 1
    outer loop
      vertex 2.95442 -0.520944 4
      vertex 6.89365 -1.21554 4
      vertex 2.98858 -0.261467 4
    endloop
  endfacet
  facet normal 0 0 1
    outer loop
      vertex 2.71892 1.26785 4
      vertex 6.34415 2.95833 4
      vertex 6.06218 3.5 4
    endloop
  endfacet
  facet normal 0 0 1
    outer loop
      vertex 6.89365 -1.21554 4
      vertex 2.95442 -0.520944 4
      vertex 6.76148 -1.81173 4
    endloop
  endfacet
  facet normal 0 0 1
    outer loop
      vertex 2.59808 1.5 4
      vertex 6.06218 3.5 4
      vertex 5.73406 4.01503 4
    endloop
  endfacet
  facet normal -0 0 1
    outer loop
      vertex 2.89778 -0.776457 4
      vertex 6.76148 -1.81173 4
      vertex 2.95442 -0.520944 4
    endloop
  endfacet
  facet normal 0 0 1
    outer loop
      vertex 2.45746 1.72073 4
      vertex 5.73406 4.01503 4
      vertex 5.36231 4.49951 4
    endloop
  endfacet
  facet normal 0 0 1
    outer loop
      vertex 6.76148 -1.81173 4
      vertex 2.89778 -0.776457 4
      vertex 6.57785 -2.39414 4
    endloop
  endfacet
  facet normal 0 0 1
    outer loop
      vertex 2.29813 1.92836 4
      vertex 5.36231 4.49951 4
      vertex 4.94975 4.94975 4
    endloop
  endfacet
  facet normal -0 0 1
    outer loop
      vertex 2.81908 -1.02606 4
      vertex 6.57785 -2.39414 4
      vertex 2.89778 -0.776457 4
    endloop
  endfacet
  facet normal 0 0 1
    outer loop
      vertex 2.12132 2.12132 4
      vertex 4.94975 4.94975 4
      vertex 4.49951 5.36231 4
    endloop
  endfacet
  facet normal 0 0 1
    outer loop
      vertex 6.57785 -2.39414 4
      vertex 2.81908 -1.02606 4
      vertex 6.34415 -2.95833 4
    endloop
  endfacet
  facet normal 0 0 1
    outer loop
      vertex 1.92836 2.29813 4
      vertex 4.49951 5.36231 4
      vertex 4.01503 5.73406 4
    endloop
  endfacet
  facet normal -0 0 1
    outer loop
      vertex 2.71892 -1.26785 4
      vertex 6.34415 -2.95833 4
      vertex 2.81908 -1.02606 4
    endloop
  endfacet
  facet normal 0 0 1
    outer loop
      vertex 1.72073 2.45746 4
      vertex 4.01503 5.73406 4
      vertex 3.5 6.06218 4
    endloop
  endfacet
  facet normal 0 0 1
    outer loop
      vertex 6.34415 -2.95833 4
      vertex 2.71892 -1.26785 4
      vertex 6.06218 -3.5 4
    endloop
  endfacet
  facet normal -0 0 1
    outer loop
      vertex 2.59808 -1.5 4
      vertex 6.06218 -3.5 4
      vertex 2.71892 -1.26785 4
    endloop
  endfacet
  facet normal 0 0 1
    outer loop
      vertex 6.97336 0.610089 4
      vertex 2.98858 0.261467 4
      vertex 3 0 4
    endloop
  endfacet
  facet normal 0 0 1
    outer loop
      vertex 1.5 2.59808 4
      vertex 3.5 6.06218 4
      vertex 2.95833 6.34415 4
    endloop
  endfacet
  facet normal 0 0 1
    outer loop
      vertex 6.89365 1.21554 4
      vertex 2.95442 0.520944 4
      vertex 2.98858 0.261467 4
    endloop
  endfacet
  facet normal 0 0 1
    outer loop
      vertex 6.76148 1.81173 4
      vertex 2.89778 0.776457 4
      vertex 2.95442 0.520944 4
    endloop
  endfacet
  facet normal 0 0 1
    outer loop
      vertex 6.57785 2.39414 4
      vertex 2.81908 1.02606 4
      vertex 2.89778 0.776457 4
    endloop
  endfacet
  facet normal 0 0 1
    outer loop
      vertex 6.34415 2.95833 4
      vertex 2.71892 1.26785 4
      vertex 2.81908 1.02606 4
    endloop
  endfacet
  facet normal 0 0 1
    outer loop
      vertex 6.06218 3.5 4
      vertex 2.59808 1.5 4
      vertex 2.71892 1.26785 4
    endloop
  endfacet
  facet normal 0 0 1
    outer loop
      vertex 5.73406 4.01503 4
      vertex 2.45746 1.72073 4
      vertex 2.59808 1.5 4
    endloop
  endfacet
  facet normal 0 0 1
    outer loop
      vertex 1.26785 2.71892 4
      vertex 2.95833 6.34415 4
      vertex 2.39414 6.57785 4
    endloop
  endfacet
  facet normal 0 0 1
    outer loop
      vertex 5.36231 4.49951 4
      vertex 2.29813 1.92836 4
      vertex 2.45746 1.72073 4
    endloop
  endfacet
  facet normal 0 0 1
    outer loop
      vertex 4.94975 4.94975 4
      vertex 2.12132 2.12132 4
      vertex 2.29813 1.92836 4
    endloop
  endfacet
  facet normal 0 0 1
    outer loop
      vertex 4.49951 5.36231 4
      vertex 1.92836 2.29813 4
      vertex 2.12132 2.12132 4
    endloop
  endfacet
  facet normal 0 0 1
    outer loop
      vertex 1.02606 2.81908 4
      vertex 2.39414 6.57785 4
      vertex 1.81173 6.76148 4
    endloop
  endfacet
  facet normal 0 0 1
    outer loop
      vertex 4.01503 5.73406 4
      vertex 1.72073 2.45746 4
      vertex 1.92836 2.29813 4
    endloop
  endfacet
  facet normal 0 0 1
    outer loop
      vertex 3.5 6.06218 4
      vertex 1.5 2.59808 4
      vertex 1.72073 2.45746 4
    endloop
  endfacet
  facet normal 0 0 1
    outer loop
      vertex 2.95833 6.34415 4
      vertex 1.26785 2.71892 4
      vertex 1.5 2.59808 4
    endloop
  endfacet
  facet normal 0 0 1
    outer loop
      vertex 0.776457 2.89778 4
      vertex 1.81173 6.76148 4
      vertex 1.21554 6.89365 4
    endloop
  endfacet
  facet normal 0 0 1
    outer loop
      vertex 2.39414 6.57785 4
      vertex 1.02606 2.81908 4
      vertex 1.26785 2.71892 4
    endloop
  endfacet
  facet normal 0 0 1
    outer loop
      vertex 1.81173 6.76148 4
      vertex 0.776457 2.89778 4
      vertex 1.02606 2.81908 4
    endloop
  endfacet
  facet normal 0 0 1
    outer loop
      vertex 0.520944 2.95442 4
      vertex 1.21554 6.89365 4
      vertex 0.610089 6.97336 4
    endloop
  endfacet
  facet normal 0 0 1
    outer loop
      vertex 1.21554 6.89365 4
      vertex 0.520944 2.95442 4
      vertex 0.776457 2.89778 4
    endloop
  endfacet
  facet normal 0 0 1
    outer loop
      vertex 0.610089 6.97336 4
      vertex 0.261467 2.98858 4
      vertex 0.520944 2.95442 4
    endloop
  endfacet
  facet normal 0 0 1
    outer loop
      vertex 0 7 4
      vertex 0.261467 2.98858 4
      vertex 0.610089 6.97336 4
    endloop
  endfacet
  facet normal 0 0 1
    outer loop
      vertex 0 7 4
      vertex 0 3 4
      vertex 0.261467 2.98858 4
    endloop
  endfacet
  facet normal 0 0 1
    outer loop
      vertex 0 7 4
      vertex -0.261467 2.98858 4
      vertex 0 3 4
    endloop
  endfacet
  facet normal -0 0 1
    outer loop
      vertex -0.610089 6.97336 4
      vertex -0.261467 2.98858 4
      vertex 0 7 4
    endloop
  endfacet
  facet normal 0 0 1
    outer loop
      vertex -0.261467 2.98858 4
      vertex -0.610089 6.97336 4
      vertex -0.520944 2.95442 4
    endloop
  endfacet
  facet normal -0 0 1
    outer loop
      vertex -1.21554 6.89365 4
      vertex -0.520944 2.95442 4
      vertex -0.610089 6.97336 4
    endloop
  endfacet
  facet normal 0 0 1
    outer loop
      vertex -0.520944 2.95442 4
      vertex -1.21554 6.89365 4
      vertex -0.776457 2.89778 4
    endloop
  endfacet
  facet normal -0 0 1
    outer loop
      vertex -1.81173 6.76148 4
      vertex -0.776457 2.89778 4
      vertex -1.21554 6.89365 4
    endloop
  endfacet
  facet normal 0 0 1
    outer loop
      vertex -0.776457 2.89778 4
      vertex -1.81173 6.76148 4
      vertex -1.02606 2.81908 4
    endloop
  endfacet
  facet normal -0 0 1
    outer loop
      vertex -2.39414 6.57785 4
      vertex -1.02606 2.81908 4
      vertex -1.81173 6.76148 4
    endloop
  endfacet
  facet normal 0 0 1
    outer loop
      vertex -1.02606 2.81908 4
      vertex -2.39414 6.57785 4
      vertex -1.26785 2.71892 4
    endloop
  endfacet
  facet normal -0 0 1
    outer loop
      vertex -2.95833 6.34415 4
      vertex -1.26785 2.71892 4
      vertex -2.39414 6.57785 4
    endloop
  endfacet
  facet normal 0 0 1
    outer loop
      vertex -1.26785 2.71892 4
      vertex -2.95833 6.34415 4
      vertex -1.5 2.59808 4
    endloop
  endfacet
  facet normal -0 0 1
    outer loop
      vertex -3.5 6.06218 4
      vertex -1.5 2.59808 4
      vertex -2.95833 6.34415 4
    endloop
  endfacet
  facet normal 0 0 1
    outer loop
      vertex -1.5 2.59808 4
      vertex -3.5 6.06218 4
      vertex -1.72073 2.45746 4
    endloop
  endfacet
  facet normal -0 0 1
    outer loop
      vertex -4.01503 5.73406 4
      vertex -1.72073 2.45746 4
      vertex -3.5 6.06218 4
    endloop
  endfacet
  facet normal 0 0 1
    outer loop
      vertex -1.72073 2.45746 4
      vertex -4.01503 5.73406 4
      vertex -1.92836 2.29813 4
    endloop
  endfacet
  facet normal -0 0 1
    outer loop
      vertex -4.49951 5.36231 4
      vertex -1.92836 2.29813 4
      vertex -4.01503 5.73406 4
    endloop
  endfacet
  facet normal 0 0 1
    outer loop
      vertex -1.92836 2.29813 4
      vertex -4.49951 5.36231 4
      vertex -2.12132 2.12132 4
    endloop
  endfacet
  facet normal -0 0 1
    outer loop
      vertex -4.94975 4.94975 4
      vertex -2.12132 2.12132 4
      vertex -4.49951 5.36231 4
    endloop
  endfacet
  facet normal 0 0 1
    outer loop
      vertex -2.12132 2.12132 4
      vertex -4.94975 4.94975 4
      vertex -2.29813 1.92836 4
    endloop
  endfacet
  facet normal -0 0 1
    outer loop
      vertex -5.36231 4.49951 4
      vertex -2.29813 1.92836 4
      vertex -4.94975 4.94975 4
    endloop
  endfacet
  facet normal 0 0 1
    outer loop
      vertex -2.29813 1.92836 4
      vertex -5.36231 4.49951 4
      vertex -2.45746 1.72073 4
    endloop
  endfacet
  facet normal -0 0 1
    outer loop
      vertex -5.73406 4.01503 4
      vertex -2.45746 1.72073 4
      vertex -5.36231 4.49951 4
    endloop
  endfacet
  facet normal 0 0 1
    outer loop
      vertex -2.45746 1.72073 4
      vertex -5.73406 4.01503 4
      vertex -2.59808 1.5 4
    endloop
  endfacet
  facet normal -0 0 1
    outer loop
      vertex -6.06218 3.5 4
      vertex -2.59808 1.5 4
      vertex -5.73406 4.01503 4
    endloop
  endfacet
  facet normal 0 0 1
    outer loop
      vertex 6.06218 -3.5 4
      vertex 2.59808 -1.5 4
      vertex 5.73406 -4.01503 4
    endloop
  endfacet
  facet normal -0 0 1
    outer loop
      vertex 2.45746 -1.72073 4
      vertex 5.73406 -4.01503 4
      vertex 2.59808 -1.5 4
    endloop
  endfacet
  facet normal 0 0 1
    outer loop
      vertex 5.73406 -4.01503 4
      vertex 2.45746 -1.72073 4
      vertex 5.36231 -4.49951 4
    endloop
  endfacet
  facet normal -0 0 1
    outer loop
      vertex 2.29813 -1.92836 4
      vertex 5.36231 -4.49951 4
      vertex 2.45746 -1.72073 4
    endloop
  endfacet
  facet normal 0 0 1
    outer loop
      vertex 5.36231 -4.49951 4
      vertex 2.29813 -1.92836 4
      vertex 4.94975 -4.94975 4
    endloop
  endfacet
  facet normal -0 0 1
    outer loop
      vertex 2.12132 -2.12132 4
      vertex 4.94975 -4.94975 4
      vertex 2.29813 -1.92836 4
    endloop
  endfacet
  facet normal 0 0 1
    outer loop
      vertex 4.94975 -4.94975 4
      vertex 2.12132 -2.12132 4
      vertex 4.49951 -5.36231 4
    endloop
  endfacet
  facet normal -0 0 1
    outer loop
      vertex 1.92836 -2.29813 4
      vertex 4.49951 -5.36231 4
      vertex 2.12132 -2.12132 4
    endloop
  endfacet
  facet normal 0 0 1
    outer loop
      vertex 4.49951 -5.36231 4
      vertex 1.92836 -2.29813 4
      vertex 4.01503 -5.73406 4
    endloop
  endfacet
  facet normal -0 0 1
    outer loop
      vertex 1.72073 -2.45746 4
      vertex 4.01503 -5.73406 4
      vertex 1.92836 -2.29813 4
    endloop
  endfacet
  facet normal 0 0 1
    outer loop
      vertex 4.01503 -5.73406 4
      vertex 1.72073 -2.45746 4
      vertex 3.5 -6.06218 4
    endloop
  endfacet
  facet normal -0 0 1
    outer loop
      vertex 1.5 -2.59808 4
      vertex 3.5 -6.06218 4
      vertex 1.72073 -2.45746 4
    endloop
  endfacet
  facet normal 0 0 1
    outer loop
      vertex 3.5 -6.06218 4
      vertex 1.5 -2.59808 4
      vertex 2.95833 -6.34415 4
    endloop
  endfacet
  facet normal -0 0 1
    outer loop
      vertex 1.26785 -2.71892 4
      vertex 2.95833 -6.34415 4
      vertex 1.5 -2.59808 4
    endloop
  endfacet
  facet normal 0 0 1
    outer loop
      vertex 2.95833 -6.34415 4
      vertex 1.26785 -2.71892 4
      vertex 2.39414 -6.57785 4
    endloop
  endfacet
  facet normal -0 0 1
    outer loop
      vertex 1.02606 -2.81908 4
      vertex 2.39414 -6.57785 4
      vertex 1.26785 -2.71892 4
    endloop
  endfacet
  facet normal 0 0 1
    outer loop
      vertex 2.39414 -6.57785 4
      vertex 1.02606 -2.81908 4
      vertex 1.81173 -6.76148 4
    endloop
  endfacet
  facet normal -0 0 1
    outer loop
      vertex 0.776457 -2.89778 4
      vertex 1.81173 -6.76148 4
      vertex 1.02606 -2.81908 4
    endloop
  endfacet
  facet normal 0 0 1
    outer loop
      vertex 1.81173 -6.76148 4
      vertex 0.776457 -2.89778 4
      vertex 1.21554 -6.89365 4
    endloop
  endfacet
  facet normal -0 0 1
    outer loop
      vertex 0.520944 -2.95442 4
      vertex 1.21554 -6.89365 4
      vertex 0.776457 -2.89778 4
    endloop
  endfacet
  facet normal 0 0 1
    outer loop
      vertex 1.21554 -6.89365 4
      vertex 0.520944 -2.95442 4
      vertex 0.610089 -6.97336 4
    endloop
  endfacet
  facet normal -0 0 1
    outer loop
      vertex 0.261467 -2.98858 4
      vertex 0.610089 -6.97336 4
      vertex 0.520944 -2.95442 4
    endloop
  endfacet
  facet normal -0 0 1
    outer loop
      vertex 0 -3 4
      vertex 0.610089 -6.97336 4
      vertex 0.261467 -2.98858 4
    endloop
  endfacet
  facet normal 0 0 1
    outer loop
      vertex 0 -3 4
      vertex 0 -7 4
      vertex 0.610089 -6.97336 4
    endloop
  endfacet
  facet normal 0 0 1
    outer loop
      vertex -0.261467 -2.98858 4
      vertex 0 -7 4
      vertex 0 -3 4
    endloop
  endfacet
  facet normal 0 0 1
    outer loop
      vertex -0.610089 -6.97336 4
      vertex -0.261467 -2.98858 4
      vertex -0.520944 -2.95442 4
    endloop
  endfacet
  facet normal 0 0 1
    outer loop
      vertex -0.261467 -2.98858 4
      vertex -0.610089 -6.97336 4
      vertex 0 -7 4
    endloop
  endfacet
  facet normal 0 0 1
    outer loop
      vertex -1.21554 -6.89365 4
      vertex -0.520944 -2.95442 4
      vertex -0.776457 -2.89778 4
    endloop
  endfacet
  facet normal 0 0 1
    outer loop
      vertex -1.81173 -6.76148 4
      vertex -0.776457 -2.89778 4
      vertex -1.02606 -2.81908 4
    endloop
  endfacet
  facet normal 0 0 1
    outer loop
      vertex -0.520944 -2.95442 4
      vertex -1.21554 -6.89365 4
      vertex -0.610089 -6.97336 4
    endloop
  endfacet
  facet normal 0 0 1
    outer loop
      vertex -2.39414 -6.57785 4
      vertex -1.02606 -2.81908 4
      vertex -1.26785 -2.71892 4
    endloop
  endfacet
  facet normal 0 0 1
    outer loop
      vertex -2.95833 -6.34415 4
      vertex -1.26785 -2.71892 4
      vertex -1.5 -2.59808 4
    endloop
  endfacet
  facet normal 0 0 1
    outer loop
      vertex -3.5 -6.06218 4
      vertex -1.5 -2.59808 4
      vertex -1.72073 -2.45746 4
    endloop
  endfacet
  facet normal 0 0 1
    outer loop
      vertex -0.776457 -2.89778 4
      vertex -1.81173 -6.76148 4
      vertex -1.21554 -6.89365 4
    endloop
  endfacet
  facet normal 0 0 1
    outer loop
      vertex -4.01503 -5.73406 4
      vertex -1.72073 -2.45746 4
      vertex -1.92836 -2.29813 4
    endloop
  endfacet
  facet normal 0 0 1
    outer loop
      vertex -4.49951 -5.36231 4
      vertex -1.92836 -2.29813 4
      vertex -2.12132 -2.12132 4
    endloop
  endfacet
  facet normal 0 0 1
    outer loop
      vertex -4.94975 -4.94975 4
      vertex -2.12132 -2.12132 4
      vertex -2.29813 -1.92836 4
    endloop
  endfacet
  facet normal 0 0 1
    outer loop
      vertex -1.02606 -2.81908 4
      vertex -2.39414 -6.57785 4
      vertex -1.81173 -6.76148 4
    endloop
  endfacet
  facet normal 0 0 1
    outer loop
      vertex -5.36231 -4.49951 4
      vertex -2.29813 -1.92836 4
      vertex -2.45746 -1.72073 4
    endloop
  endfacet
  facet normal 0 0 1
    outer loop
      vertex -5.73406 -4.01503 4
      vertex -2.45746 -1.72073 4
      vertex -2.59808 -1.5 4
    endloop
  endfacet
  facet normal 0 0 1
    outer loop
      vertex -6.06218 -3.5 4
      vertex -2.59808 -1.5 4
      vertex -2.71892 -1.26785 4
    endloop
  endfacet
  facet normal 0 0 1
    outer loop
      vertex -6.34415 -2.95833 4
      vertex -2.71892 -1.26785 4
      vertex -2.81908 -1.02606 4
    endloop
  endfacet
  facet normal 0 0 1
    outer loop
      vertex -6.57785 -2.39414 4
      vertex -2.81908 -1.02606 4
      vertex -2.89778 -0.776457 4
    endloop
  endfacet
  facet normal 0 0 1
    outer loop
      vertex -6.76148 -1.81173 4
      vertex -2.89778 -0.776457 4
      vertex -2.95442 -0.520944 4
    endloop
  endfacet
  facet normal 0 0 1
    outer loop
      vertex -1.26785 -2.71892 4
      vertex -2.95833 -6.34415 4
      vertex -2.39414 -6.57785 4
    endloop
  endfacet
  facet normal 0 0 1
    outer loop
      vertex -6.89365 -1.21554 4
      vertex -2.95442 -0.520944 4
      vertex -2.98858 -0.261467 4
    endloop
  endfacet
  facet normal 0 0 1
    outer loop
      vertex -6.97336 -0.610089 4
      vertex -2.98858 -0.261467 4
      vertex -3 0 4
    endloop
  endfacet
  facet normal 0 0 1
    outer loop
      vertex -2.59808 1.5 4
      vertex -6.06218 3.5 4
      vertex -2.71892 1.26785 4
    endloop
  endfacet
  facet normal 0 0 1
    outer loop
      vertex -1.5 -2.59808 4
      vertex -3.5 -6.06218 4
      vertex -2.95833 -6.34415 4
    endloop
  endfacet
  facet normal -0 0 1
    outer loop
      vertex -6.34415 2.95833 4
      vertex -2.71892 1.26785 4
      vertex -6.06218 3.5 4
    endloop
  endfacet
  facet normal 0 0 1
    outer loop
      vertex -1.72073 -2.45746 4
      vertex -4.01503 -5.73406 4
      vertex -3.5 -6.06218 4
    endloop
  endfacet
  facet normal 0 0 1
    outer loop
      vertex -2.71892 1.26785 4
      vertex -6.34415 2.95833 4
      vertex -2.81908 1.02606 4
    endloop
  endfacet
  facet normal 0 0 1
    outer loop
      vertex -1.92836 -2.29813 4
      vertex -4.49951 -5.36231 4
      vertex -4.01503 -5.73406 4
    endloop
  endfacet
  facet normal -0 0 1
    outer loop
      vertex -6.57785 2.39414 4
      vertex -2.81908 1.02606 4
      vertex -6.34415 2.95833 4
    endloop
  endfacet
  facet normal 0 0 1
    outer loop
      vertex -2.12132 -2.12132 4
      vertex -4.94975 -4.94975 4
      vertex -4.49951 -5.36231 4
    endloop
  endfacet
  facet normal 0 0 1
    outer loop
      vertex -2.81908 1.02606 4
      vertex -6.57785 2.39414 4
      vertex -2.89778 0.776457 4
    endloop
  endfacet
  facet normal 0 0 1
    outer loop
      vertex -2.29813 -1.92836 4
      vertex -5.36231 -4.49951 4
      vertex -4.94975 -4.94975 4
    endloop
  endfacet
  facet normal -0 0 1
    outer loop
      vertex -6.76148 1.81173 4
      vertex -2.89778 0.776457 4
      vertex -6.57785 2.39414 4
    endloop
  endfacet
  facet normal 0 0 1
    outer loop
      vertex -2.45746 -1.72073 4
      vertex -5.73406 -4.01503 4
      vertex -5.36231 -4.49951 4
    endloop
  endfacet
  facet normal 0 0 1
    outer loop
      vertex -2.89778 0.776457 4
      vertex -6.76148 1.81173 4
      vertex -2.95442 0.520944 4
    endloop
  endfacet
  facet normal 0 0 1
    outer loop
      vertex -2.59808 -1.5 4
      vertex -6.06218 -3.5 4
      vertex -5.73406 -4.01503 4
    endloop
  endfacet
  facet normal -0 0 1
    outer loop
      vertex -6.89365 1.21554 4
      vertex -2.95442 0.520944 4
      vertex -6.76148 1.81173 4
    endloop
  endfacet
  facet normal 0 0 1
    outer loop
      vertex -2.71892 -1.26785 4
      vertex -6.34415 -2.95833 4
      vertex -6.06218 -3.5 4
    endloop
  endfacet
  facet normal 0 0 1
    outer loop
      vertex -2.95442 0.520944 4
      vertex -6.89365 1.21554 4
      vertex -2.98858 0.261467 4
    endloop
  endfacet
  facet normal 0 0 1
    outer loop
      vertex -2.81908 -1.02606 4
      vertex -6.57785 -2.39414 4
      vertex -6.34415 -2.95833 4
    endloop
  endfacet
  facet normal -0 0 1
    outer loop
      vertex -6.97336 0.610089 4
      vertex -2.98858 0.261467 4
      vertex -6.89365 1.21554 4
    endloop
  endfacet
  facet normal 0 0 1
    outer loop
      vertex -2.89778 -0.776457 4
      vertex -6.76148 -1.81173 4
      vertex -6.57785 -2.39414 4
    endloop
  endfacet
  facet normal 0 0 1
    outer loop
      vertex -2.98858 0.261467 4
      vertex -6.97336 0.610089 4
      vertex -3 0 4
    endloop
  endfacet
  facet normal 0 0 1
    outer loop
      vertex -2.95442 -0.520944 4
      vertex -6.89365 -1.21554 4
      vertex -6.76148 -1.81173 4
    endloop
  endfacet
  facet normal 0 0 1
    outer loop
      vertex -7 0 4
      vertex -3 0 4
      vertex -6.97336 0.610089 4
    endloop
  endfacet
  facet normal 0 0 1
    outer loop
      vertex -2.98858 -0.261467 4
      vertex -6.97336 -0.610089 4
      vertex -6.89365 -1.21554 4
    endloop
  endfacet
  facet normal 0 0 1
    outer loop
      vertex -3 0 4
      vertex -7 0 4
      vertex -6.97336 -0.610089 4
    endloop
  endfacet
  facet normal -0.843384 -0.537311 0
    outer loop
      vertex -5.73406 -4.01503 0
      vertex -6.06218 -3.5 4
      vertex -6.06218 -3.5 0
    endloop
  endfacet
  facet normal -0.843384 -0.537311 0
    outer loop
      vertex -6.06218 -3.5 4
      vertex -5.73406 -4.01503 0
      vertex -5.73406 -4.01503 4
    endloop
  endfacet
  facet normal -0.999048 -0.0436242 0
    outer loop
      vertex -6.97336 -0.610089 0
      vertex -7 0 4
      vertex -7 0 0
    endloop
  endfacet
  facet normal -0.999048 -0.0436242 0
    outer loop
      vertex -7 0 4
      vertex -6.97336 -0.610089 0
      vertex -6.97336 -0.610089 4
    endloop
  endfacet
  facet normal -0.999048 0.0436242 0
    outer loop
      vertex -7 0 0
      vertex -6.97336 0.610089 4
      vertex -6.97336 0.610089 0
    endloop
  endfacet
  facet normal -0.999048 0.0436242 0
    outer loop
      vertex -6.97336 0.610089 4
      vertex -7 0 0
      vertex -7 0 4
    endloop
  endfacet
  facet normal -0.38269 -0.923877 0
    outer loop
      vertex -2.95833 -6.34415 0
      vertex -2.39414 -6.57785 4
      vertex -2.95833 -6.34415 4
    endloop
  endfacet
  facet normal -0.38269 -0.923877 -0
    outer loop
      vertex -2.39414 -6.57785 4
      vertex -2.95833 -6.34415 0
      vertex -2.39414 -6.57785 0
    endloop
  endfacet
  facet normal -0.300701 -0.953718 0
    outer loop
      vertex -2.39414 -6.57785 0
      vertex -1.81173 -6.76148 4
      vertex -2.39414 -6.57785 4
    endloop
  endfacet
  facet normal -0.300701 -0.953718 -0
    outer loop
      vertex -1.81173 -6.76148 4
      vertex -2.39414 -6.57785 0
      vertex -1.81173 -6.76148 0
    endloop
  endfacet
  facet normal 0.38269 0.923877 -0
    outer loop
      vertex 2.95833 6.34415 0
      vertex 2.39414 6.57785 4
      vertex 2.95833 6.34415 4
    endloop
  endfacet
  facet normal 0.38269 0.923877 0
    outer loop
      vertex 2.39414 6.57785 4
      vertex 2.95833 6.34415 0
      vertex 2.39414 6.57785 0
    endloop
  endfacet
  facet normal -0.216436 -0.976297 0
    outer loop
      vertex -1.81173 -6.76148 0
      vertex -1.21554 -6.89365 4
      vertex -1.81173 -6.76148 4
    endloop
  endfacet
  facet normal -0.216436 -0.976297 -0
    outer loop
      vertex -1.21554 -6.89365 4
      vertex -1.81173 -6.76148 0
      vertex -1.21554 -6.89365 0
    endloop
  endfacet
  facet normal 0.675582 -0.737285 0
    outer loop
      vertex 4.49951 -5.36231 0
      vertex 4.94975 -4.94975 4
      vertex 4.49951 -5.36231 4
    endloop
  endfacet
  facet normal 0.675582 -0.737285 0
    outer loop
      vertex 4.94975 -4.94975 4
      vertex 4.49951 -5.36231 0
      vertex 4.94975 -4.94975 0
    endloop
  endfacet
  facet normal 0.608757 -0.793357 0
    outer loop
      vertex 4.01503 -5.73406 0
      vertex 4.49951 -5.36231 4
      vertex 4.01503 -5.73406 4
    endloop
  endfacet
  facet normal 0.608757 -0.793357 0
    outer loop
      vertex 4.49951 -5.36231 4
      vertex 4.01503 -5.73406 0
      vertex 4.49951 -5.36231 0
    endloop
  endfacet
  facet normal 0.130528 0.991445 -0
    outer loop
      vertex 1.21554 6.89365 0
      vertex 0.610089 6.97336 4
      vertex 1.21554 6.89365 4
    endloop
  endfacet
  facet normal 0.130528 0.991445 0
    outer loop
      vertex 0.610089 6.97336 4
      vertex 1.21554 6.89365 0
      vertex 0.610089 6.97336 0
    endloop
  endfacet
  facet normal -0.887015 0.461741 0
    outer loop
      vertex -6.34415 2.95833 0
      vertex -6.06218 3.5 4
      vertex -6.06218 3.5 0
    endloop
  endfacet
  facet normal -0.887015 0.461741 0
    outer loop
      vertex -6.06218 3.5 4
      vertex -6.34415 2.95833 0
      vertex -6.34415 2.95833 4
    endloop
  endfacet
  facet normal 0.991445 0.130523 0
    outer loop
      vertex 2.98858 0.261467 81
      vertex 2.95442 0.520944 4
      vertex 2.95442 0.520944 81
    endloop
  endfacet
  facet normal 0.991445 0.130523 0
    outer loop
      vertex 2.95442 0.520944 4
      vertex 2.98858 0.261467 81
      vertex 2.98858 0.261467 4
    endloop
  endfacet
  facet normal 0.999048 0.043635 0
    outer loop
      vertex 3 0 81
      vertex 2.98858 0.261467 4
      vertex 2.98858 0.261467 81
    endloop
  endfacet
  facet normal 0.999048 0.043635 0
    outer loop
      vertex 2.98858 0.261467 4
      vertex 3 0 81
      vertex 3 0 4
    endloop
  endfacet
  facet normal 0.976301 0.216418 0
    outer loop
      vertex 2.95442 0.520944 81
      vertex 2.89778 0.776457 4
      vertex 2.89778 0.776457 81
    endloop
  endfacet
  facet normal 0.976301 0.216418 0
    outer loop
      vertex 2.89778 0.776457 4
      vertex 2.95442 0.520944 81
      vertex 2.95442 0.520944 4
    endloop
  endfacet
  facet normal -0.675579 -0.737287 0
    outer loop
      vertex -2.12132 -2.12132 4
      vertex -1.92836 -2.29813 81
      vertex -2.12132 -2.12132 81
    endloop
  endfacet
  facet normal -0.675579 -0.737287 -0
    outer loop
      vertex -1.92836 -2.29813 81
      vertex -2.12132 -2.12132 4
      vertex -1.92836 -2.29813 4
    endloop
  endfacet
  facet normal -0.216418 0.976301 0
    outer loop
      vertex -0.520944 2.95442 4
      vertex -0.776457 2.89778 81
      vertex -0.520944 2.95442 81
    endloop
  endfacet
  facet normal -0.216418 0.976301 0
    outer loop
      vertex -0.776457 2.89778 81
      vertex -0.520944 2.95442 4
      vertex -0.776457 2.89778 4
    endloop
  endfacet
  facet normal 0.216418 -0.976301 0
    outer loop
      vertex 0.520944 -2.95442 4
      vertex 0.776457 -2.89778 81
      vertex 0.520944 -2.95442 81
    endloop
  endfacet
  facet normal 0.216418 -0.976301 0
    outer loop
      vertex 0.776457 -2.89778 81
      vertex 0.520944 -2.95442 4
      vertex 0.776457 -2.89778 4
    endloop
  endfacet
  facet normal 0.130523 0.991445 -0
    outer loop
      vertex 0.520944 2.95442 4
      vertex 0.261467 2.98858 81
      vertex 0.520944 2.95442 81
    endloop
  endfacet
  facet normal 0.130523 0.991445 0
    outer loop
      vertex 0.261467 2.98858 81
      vertex 0.520944 2.95442 4
      vertex 0.261467 2.98858 4
    endloop
  endfacet
  facet normal 0.737287 -0.675579 0
    outer loop
      vertex 2.12132 -2.12132 81
      vertex 2.29813 -1.92836 4
      vertex 2.29813 -1.92836 81
    endloop
  endfacet
  facet normal 0.737287 -0.675579 0
    outer loop
      vertex 2.29813 -1.92836 4
      vertex 2.12132 -2.12132 81
      vertex 2.12132 -2.12132 4
    endloop
  endfacet
  facet normal 0.537298 -0.843392 0
    outer loop
      vertex 1.5 -2.59808 4
      vertex 1.72073 -2.45746 81
      vertex 1.5 -2.59808 81
    endloop
  endfacet
  facet normal 0.537298 -0.843392 0
    outer loop
      vertex 1.72073 -2.45746 81
      vertex 1.5 -2.59808 4
      vertex 1.72073 -2.45746 4
    endloop
  endfacet
  facet normal -0.46172 0.887026 0
    outer loop
      vertex -1.26785 2.71892 4
      vertex -1.5 2.59808 81
      vertex -1.26785 2.71892 81
    endloop
  endfacet
  facet normal -0.46172 0.887026 0
    outer loop
      vertex -1.5 2.59808 81
      vertex -1.26785 2.71892 4
      vertex -1.5 2.59808 4
    endloop
  endfacet
  facet normal 0.130523 -0.991445 0
    outer loop
      vertex 0.261467 -2.98858 4
      vertex 0.520944 -2.95442 81
      vertex 0.261467 -2.98858 81
    endloop
  endfacet
  facet normal 0.130523 -0.991445 0
    outer loop
      vertex 0.520944 -2.95442 81
      vertex 0.261467 -2.98858 4
      vertex 0.520944 -2.95442 4
    endloop
  endfacet
  facet normal -0.953716 0.300707 0
    outer loop
      vertex -2.89778 0.776457 4
      vertex -2.81908 1.02606 81
      vertex -2.81908 1.02606 4
    endloop
  endfacet
  facet normal -0.953716 0.300707 0
    outer loop
      vertex -2.81908 1.02606 81
      vertex -2.89778 0.776457 4
      vertex -2.89778 0.776457 81
    endloop
  endfacet
  facet normal -0.537298 -0.843392 0
    outer loop
      vertex -1.72073 -2.45746 4
      vertex -1.5 -2.59808 81
      vertex -1.72073 -2.45746 81
    endloop
  endfacet
  facet normal -0.537298 -0.843392 -0
    outer loop
      vertex -1.5 -2.59808 81
      vertex -1.72073 -2.45746 4
      vertex -1.5 -2.59808 4
    endloop
  endfacet
  facet normal 0.991445 -0.130523 0
    outer loop
      vertex 2.95442 -0.520944 81
      vertex 2.98858 -0.261467 4
      vertex 2.98858 -0.261467 81
    endloop
  endfacet
  facet normal 0.991445 -0.130523 0
    outer loop
      vertex 2.98858 -0.261467 4
      vertex 2.95442 -0.520944 81
      vertex 2.95442 -0.520944 4
    endloop
  endfacet
  facet normal 0.608785 0.793335 -0
    outer loop
      vertex 1.92836 2.29813 4
      vertex 1.72073 2.45746 81
      vertex 1.92836 2.29813 81
    endloop
  endfacet
  facet normal 0.608785 0.793335 0
    outer loop
      vertex 1.72073 2.45746 81
      vertex 1.92836 2.29813 4
      vertex 1.72073 2.45746 4
    endloop
  endfacet
  facet normal -0.953716 -0.300707 0
    outer loop
      vertex -2.81908 -1.02606 4
      vertex -2.89778 -0.776457 81
      vertex -2.89778 -0.776457 4
    endloop
  endfacet
  facet normal -0.953716 -0.300707 0
    outer loop
      vertex -2.89778 -0.776457 81
      vertex -2.81908 -1.02606 4
      vertex -2.81908 -1.02606 81
    endloop
  endfacet
  facet normal -0.887026 0.46172 0
    outer loop
      vertex -2.71892 1.26785 4
      vertex -2.59808 1.5 81
      vertex -2.59808 1.5 4
    endloop
  endfacet
  facet normal -0.887026 0.46172 0
    outer loop
      vertex -2.59808 1.5 81
      vertex -2.71892 1.26785 4
      vertex -2.71892 1.26785 81
    endloop
  endfacet
  facet normal -0.976301 -0.216418 0
    outer loop
      vertex -2.89778 -0.776457 4
      vertex -2.95442 -0.520944 81
      vertex -2.95442 -0.520944 4
    endloop
  endfacet
  facet normal -0.976301 -0.216418 0
    outer loop
      vertex -2.95442 -0.520944 81
      vertex -2.89778 -0.776457 4
      vertex -2.89778 -0.776457 81
    endloop
  endfacet
  facet normal 0.976301 -0.216418 0
    outer loop
      vertex 2.89778 -0.776457 81
      vertex 2.95442 -0.520944 4
      vertex 2.95442 -0.520944 81
    endloop
  endfacet
  facet normal 0.976301 -0.216418 0
    outer loop
      vertex 2.95442 -0.520944 4
      vertex 2.89778 -0.776457 81
      vertex 2.89778 -0.776457 4
    endloop
  endfacet
  facet normal 0.953716 0.300707 0
    outer loop
      vertex 2.89778 0.776457 81
      vertex 2.81908 1.02606 4
      vertex 2.81908 1.02606 81
    endloop
  endfacet
  facet normal 0.953716 0.300707 0
    outer loop
      vertex 2.81908 1.02606 4
      vertex 2.89778 0.776457 81
      vertex 2.89778 0.776457 4
    endloop
  endfacet
  facet normal 0.608785 -0.793335 0
    outer loop
      vertex 1.72073 -2.45746 4
      vertex 1.92836 -2.29813 81
      vertex 1.72073 -2.45746 81
    endloop
  endfacet
  facet normal 0.608785 -0.793335 0
    outer loop
      vertex 1.92836 -2.29813 81
      vertex 1.72073 -2.45746 4
      vertex 1.92836 -2.29813 4
    endloop
  endfacet
  facet normal -0.991445 -0.130523 0
    outer loop
      vertex -2.95442 -0.520944 4
      vertex -2.98858 -0.261467 81
      vertex -2.98858 -0.261467 4
    endloop
  endfacet
  facet normal -0.991445 -0.130523 0
    outer loop
      vertex -2.98858 -0.261467 81
      vertex -2.95442 -0.520944 4
      vertex -2.95442 -0.520944 81
    endloop
  endfacet
  facet normal 0.843392 0.537298 0
    outer loop
      vertex 2.59808 1.5 81
      vertex 2.45746 1.72073 4
      vertex 2.45746 1.72073 81
    endloop
  endfacet
  facet normal 0.843392 0.537298 0
    outer loop
      vertex 2.45746 1.72073 4
      vertex 2.59808 1.5 81
      vertex 2.59808 1.5 4
    endloop
  endfacet
  facet normal 0.675579 -0.737287 0
    outer loop
      vertex 1.92836 -2.29813 4
      vertex 2.12132 -2.12132 81
      vertex 1.92836 -2.29813 81
    endloop
  endfacet
  facet normal 0.675579 -0.737287 0
    outer loop
      vertex 2.12132 -2.12132 81
      vertex 1.92836 -2.29813 4
      vertex 2.12132 -2.12132 4
    endloop
  endfacet
  facet normal 0.737287 0.675579 0
    outer loop
      vertex 2.29813 1.92836 81
      vertex 2.12132 2.12132 4
      vertex 2.12132 2.12132 81
    endloop
  endfacet
  facet normal 0.737287 0.675579 0
    outer loop
      vertex 2.12132 2.12132 4
      vertex 2.29813 1.92836 81
      vertex 2.29813 1.92836 4
    endloop
  endfacet
  facet normal 0.953716 -0.300707 0
    outer loop
      vertex 2.81908 -1.02606 81
      vertex 2.89778 -0.776457 4
      vertex 2.89778 -0.776457 81
    endloop
  endfacet
  facet normal 0.953716 -0.300707 0
    outer loop
      vertex 2.89778 -0.776457 4
      vertex 2.81908 -1.02606 81
      vertex 2.81908 -1.02606 4
    endloop
  endfacet
  facet normal 0.382707 -0.92387 0
    outer loop
      vertex 1.02606 -2.81908 4
      vertex 1.26785 -2.71892 81
      vertex 1.02606 -2.81908 81
    endloop
  endfacet
  facet normal 0.382707 -0.92387 0
    outer loop
      vertex 1.26785 -2.71892 81
      vertex 1.02606 -2.81908 4
      vertex 1.26785 -2.71892 4
    endloop
  endfacet
  facet normal -0.737287 0.675579 0
    outer loop
      vertex -2.29813 1.92836 4
      vertex -2.12132 2.12132 81
      vertex -2.12132 2.12132 4
    endloop
  endfacet
  facet normal -0.737287 0.675579 0
    outer loop
      vertex -2.12132 2.12132 81
      vertex -2.29813 1.92836 4
      vertex -2.29813 1.92836 81
    endloop
  endfacet
  facet normal -0.382707 0.92387 0
    outer loop
      vertex -1.02606 2.81908 4
      vertex -1.26785 2.71892 81
      vertex -1.02606 2.81908 81
    endloop
  endfacet
  facet normal -0.382707 0.92387 0
    outer loop
      vertex -1.26785 2.71892 81
      vertex -1.02606 2.81908 4
      vertex -1.26785 2.71892 4
    endloop
  endfacet
  facet normal -0.537298 0.843392 0
    outer loop
      vertex -1.5 2.59808 4
      vertex -1.72073 2.45746 81
      vertex -1.5 2.59808 81
    endloop
  endfacet
  facet normal -0.537298 0.843392 0
    outer loop
      vertex -1.72073 2.45746 81
      vertex -1.5 2.59808 4
      vertex -1.72073 2.45746 4
    endloop
  endfacet
  facet normal 0.216418 0.976301 -0
    outer loop
      vertex 0.776457 2.89778 4
      vertex 0.520944 2.95442 81
      vertex 0.776457 2.89778 81
    endloop
  endfacet
  facet normal 0.216418 0.976301 0
    outer loop
      vertex 0.520944 2.95442 81
      vertex 0.776457 2.89778 4
      vertex 0.520944 2.95442 4
    endloop
  endfacet
  facet normal 0.382707 0.92387 -0
    outer loop
      vertex 1.26785 2.71892 4
      vertex 1.02606 2.81908 81
      vertex 1.26785 2.71892 81
    endloop
  endfacet
  facet normal 0.382707 0.92387 0
    outer loop
      vertex 1.02606 2.81908 81
      vertex 1.26785 2.71892 4
      vertex 1.02606 2.81908 4
    endloop
  endfacet
  facet normal 0.043635 0.999048 -0
    outer loop
      vertex 0.261467 2.98858 4
      vertex 0 3 81
      vertex 0.261467 2.98858 81
    endloop
  endfacet
  facet normal 0.043635 0.999048 0
    outer loop
      vertex 0 3 81
      vertex 0.261467 2.98858 4
      vertex 0 3 4
    endloop
  endfacet
  facet normal 0.46172 -0.887026 0
    outer loop
      vertex 1.26785 -2.71892 4
      vertex 1.5 -2.59808 81
      vertex 1.26785 -2.71892 81
    endloop
  endfacet
  facet normal 0.46172 -0.887026 0
    outer loop
      vertex 1.5 -2.59808 81
      vertex 1.26785 -2.71892 4
      vertex 1.5 -2.59808 4
    endloop
  endfacet
  facet normal 0.537298 0.843392 -0
    outer loop
      vertex 1.72073 2.45746 4
      vertex 1.5 2.59808 81
      vertex 1.72073 2.45746 81
    endloop
  endfacet
  facet normal 0.537298 0.843392 0
    outer loop
      vertex 1.5 2.59808 81
      vertex 1.72073 2.45746 4
      vertex 1.5 2.59808 4
    endloop
  endfacet
  facet normal 0.46172 0.887026 -0
    outer loop
      vertex 1.5 2.59808 4
      vertex 1.26785 2.71892 81
      vertex 1.5 2.59808 81
    endloop
  endfacet
  facet normal 0.46172 0.887026 0
    outer loop
      vertex 1.26785 2.71892 81
      vertex 1.5 2.59808 4
      vertex 1.26785 2.71892 4
    endloop
  endfacet
  facet normal 0.043635 -0.999048 0
    outer loop
      vertex 0 -3 4
      vertex 0.261467 -2.98858 81
      vertex 0 -3 81
    endloop
  endfacet
  facet normal 0.043635 -0.999048 0
    outer loop
      vertex 0.261467 -2.98858 81
      vertex 0 -3 4
      vertex 0.261467 -2.98858 4
    endloop
  endfacet
  facet normal 0.843392 -0.537298 0
    outer loop
      vertex 2.45746 -1.72073 81
      vertex 2.59808 -1.5 4
      vertex 2.59808 -1.5 81
    endloop
  endfacet
  facet normal 0.843392 -0.537298 0
    outer loop
      vertex 2.59808 -1.5 4
      vertex 2.45746 -1.72073 81
      vertex 2.45746 -1.72073 4
    endloop
  endfacet
  facet normal 0.999048 -0.043635 0
    outer loop
      vertex 2.98858 -0.261467 81
      vertex 3 0 4
      vertex 3 0 81
    endloop
  endfacet
  facet normal 0.999048 -0.043635 0
    outer loop
      vertex 3 0 4
      vertex 2.98858 -0.261467 81
      vertex 2.98858 -0.261467 4
    endloop
  endfacet
  facet normal 0.793335 -0.608785 0
    outer loop
      vertex 2.29813 -1.92836 81
      vertex 2.45746 -1.72073 4
      vertex 2.45746 -1.72073 81
    endloop
  endfacet
  facet normal 0.793335 -0.608785 0
    outer loop
      vertex 2.45746 -1.72073 4
      vertex 2.29813 -1.92836 81
      vertex 2.29813 -1.92836 4
    endloop
  endfacet
  facet normal -0.300707 0.953716 0
    outer loop
      vertex -0.776457 2.89778 4
      vertex -1.02606 2.81908 81
      vertex -0.776457 2.89778 81
    endloop
  endfacet
  facet normal -0.300707 0.953716 0
    outer loop
      vertex -1.02606 2.81908 81
      vertex -0.776457 2.89778 4
      vertex -1.02606 2.81908 4
    endloop
  endfacet
  facet normal -0.843392 0.537298 0
    outer loop
      vertex -2.59808 1.5 4
      vertex -2.45746 1.72073 81
      vertex -2.45746 1.72073 4
    endloop
  endfacet
  facet normal -0.843392 0.537298 0
    outer loop
      vertex -2.45746 1.72073 81
      vertex -2.59808 1.5 4
      vertex -2.59808 1.5 81
    endloop
  endfacet
  facet normal -0.130523 -0.991445 0
    outer loop
      vertex -0.520944 -2.95442 4
      vertex -0.261467 -2.98858 81
      vertex -0.520944 -2.95442 81
    endloop
  endfacet
  facet normal -0.130523 -0.991445 -0
    outer loop
      vertex -0.261467 -2.98858 81
      vertex -0.520944 -2.95442 4
      vertex -0.261467 -2.98858 4
    endloop
  endfacet
  facet normal -0.793335 -0.608785 0
    outer loop
      vertex -2.29813 -1.92836 4
      vertex -2.45746 -1.72073 81
      vertex -2.45746 -1.72073 4
    endloop
  endfacet
  facet normal -0.793335 -0.608785 0
    outer loop
      vertex -2.45746 -1.72073 81
      vertex -2.29813 -1.92836 4
      vertex -2.29813 -1.92836 81
    endloop
  endfacet
  facet normal 0.92387 0.382707 0
    outer loop
      vertex 2.81908 1.02606 81
      vertex 2.71892 1.26785 4
      vertex 2.71892 1.26785 81
    endloop
  endfacet
  facet normal 0.92387 0.382707 0
    outer loop
      vertex 2.71892 1.26785 4
      vertex 2.81908 1.02606 81
      vertex 2.81908 1.02606 4
    endloop
  endfacet
  facet normal 0.887026 0.46172 0
    outer loop
      vertex 2.71892 1.26785 81
      vertex 2.59808 1.5 4
      vertex 2.59808 1.5 81
    endloop
  endfacet
  facet normal 0.887026 0.46172 0
    outer loop
      vertex 2.59808 1.5 4
      vertex 2.71892 1.26785 81
      vertex 2.71892 1.26785 4
    endloop
  endfacet
  facet normal -0.843392 -0.537298 0
    outer loop
      vertex -2.45746 -1.72073 4
      vertex -2.59808 -1.5 81
      vertex -2.59808 -1.5 4
    endloop
  endfacet
  facet normal -0.843392 -0.537298 0
    outer loop
      vertex -2.59808 -1.5 81
      vertex -2.45746 -1.72073 4
      vertex -2.45746 -1.72073 81
    endloop
  endfacet
  facet normal -0.043635 0.999048 0
    outer loop
      vertex 0 3 4
      vertex -0.261467 2.98858 81
      vertex 0 3 81
    endloop
  endfacet
  facet normal -0.043635 0.999048 0
    outer loop
      vertex -0.261467 2.98858 81
      vertex 0 3 4
      vertex -0.261467 2.98858 4
    endloop
  endfacet
  facet normal -0.999048 -0.043635 0
    outer loop
      vertex -2.98858 -0.261467 4
      vertex -3 0 81
      vertex -3 0 4
    endloop
  endfacet
  facet normal -0.999048 -0.043635 0
    outer loop
      vertex -3 0 81
      vertex -2.98858 -0.261467 4
      vertex -2.98858 -0.261467 81
    endloop
  endfacet
  facet normal -0.216418 -0.976301 0
    outer loop
      vertex -0.776457 -2.89778 4
      vertex -0.520944 -2.95442 81
      vertex -0.776457 -2.89778 81
    endloop
  endfacet
  facet normal -0.216418 -0.976301 -0
    outer loop
      vertex -0.520944 -2.95442 81
      vertex -0.776457 -2.89778 4
      vertex -0.520944 -2.95442 4
    endloop
  endfacet
  facet normal -0.130523 0.991445 0
    outer loop
      vertex -0.261467 2.98858 4
      vertex -0.520944 2.95442 81
      vertex -0.261467 2.98858 81
    endloop
  endfacet
  facet normal -0.130523 0.991445 0
    outer loop
      vertex -0.520944 2.95442 81
      vertex -0.261467 2.98858 4
      vertex -0.520944 2.95442 4
    endloop
  endfacet
  facet normal -0.793335 0.608785 0
    outer loop
      vertex -2.45746 1.72073 4
      vertex -2.29813 1.92836 81
      vertex -2.29813 1.92836 4
    endloop
  endfacet
  facet normal -0.793335 0.608785 0
    outer loop
      vertex -2.29813 1.92836 81
      vertex -2.45746 1.72073 4
      vertex -2.45746 1.72073 81
    endloop
  endfacet
  facet normal -0.675579 0.737287 0
    outer loop
      vertex -1.92836 2.29813 4
      vertex -2.12132 2.12132 81
      vertex -1.92836 2.29813 81
    endloop
  endfacet
  facet normal -0.675579 0.737287 0
    outer loop
      vertex -2.12132 2.12132 81
      vertex -1.92836 2.29813 4
      vertex -2.12132 2.12132 4
    endloop
  endfacet
  facet normal -0.608785 -0.793335 0
    outer loop
      vertex -1.92836 -2.29813 4
      vertex -1.72073 -2.45746 81
      vertex -1.92836 -2.29813 81
    endloop
  endfacet
  facet normal -0.608785 -0.793335 -0
    outer loop
      vertex -1.72073 -2.45746 81
      vertex -1.92836 -2.29813 4
      vertex -1.72073 -2.45746 4
    endloop
  endfacet
  facet normal -0.737287 -0.675579 0
    outer loop
      vertex -2.12132 -2.12132 4
      vertex -2.29813 -1.92836 81
      vertex -2.29813 -1.92836 4
    endloop
  endfacet
  facet normal -0.737287 -0.675579 0
    outer loop
      vertex -2.29813 -1.92836 81
      vertex -2.12132 -2.12132 4
      vertex -2.12132 -2.12132 81
    endloop
  endfacet
  facet normal -0.46172 -0.887026 0
    outer loop
      vertex -1.5 -2.59808 4
      vertex -1.26785 -2.71892 81
      vertex -1.5 -2.59808 81
    endloop
  endfacet
  facet normal -0.46172 -0.887026 -0
    outer loop
      vertex -1.26785 -2.71892 81
      vertex -1.5 -2.59808 4
      vertex -1.26785 -2.71892 4
    endloop
  endfacet
  facet normal -0.608785 0.793335 0
    outer loop
      vertex -1.72073 2.45746 4
      vertex -1.92836 2.29813 81
      vertex -1.72073 2.45746 81
    endloop
  endfacet
  facet normal -0.608785 0.793335 0
    outer loop
      vertex -1.92836 2.29813 81
      vertex -1.72073 2.45746 4
      vertex -1.92836 2.29813 4
    endloop
  endfacet
  facet normal -0.976301 0.216418 0
    outer loop
      vertex -2.95442 0.520944 4
      vertex -2.89778 0.776457 81
      vertex -2.89778 0.776457 4
    endloop
  endfacet
  facet normal -0.976301 0.216418 0
    outer loop
      vertex -2.89778 0.776457 81
      vertex -2.95442 0.520944 4
      vertex -2.95442 0.520944 81
    endloop
  endfacet
  facet normal -0.382707 -0.92387 0
    outer loop
      vertex -1.26785 -2.71892 4
      vertex -1.02606 -2.81908 81
      vertex -1.26785 -2.71892 81
    endloop
  endfacet
  facet normal -0.382707 -0.92387 -0
    outer loop
      vertex -1.02606 -2.81908 81
      vertex -1.26785 -2.71892 4
      vertex -1.02606 -2.81908 4
    endloop
  endfacet
  facet normal -0.92387 0.382707 0
    outer loop
      vertex -2.81908 1.02606 4
      vertex -2.71892 1.26785 81
      vertex -2.71892 1.26785 4
    endloop
  endfacet
  facet normal -0.92387 0.382707 0
    outer loop
      vertex -2.71892 1.26785 81
      vertex -2.81908 1.02606 4
      vertex -2.81908 1.02606 81
    endloop
  endfacet
  facet normal 0.300707 -0.953716 0
    outer loop
      vertex 0.776457 -2.89778 4
      vertex 1.02606 -2.81908 81
      vertex 0.776457 -2.89778 81
    endloop
  endfacet
  facet normal 0.300707 -0.953716 0
    outer loop
      vertex 1.02606 -2.81908 81
      vertex 0.776457 -2.89778 4
      vertex 1.02606 -2.81908 4
    endloop
  endfacet
  facet normal 0.92387 -0.382707 0
    outer loop
      vertex 2.71892 -1.26785 81
      vertex 2.81908 -1.02606 4
      vertex 2.81908 -1.02606 81
    endloop
  endfacet
  facet normal 0.92387 -0.382707 0
    outer loop
      vertex 2.81908 -1.02606 4
      vertex 2.71892 -1.26785 81
      vertex 2.71892 -1.26785 4
    endloop
  endfacet
  facet normal 0.887026 -0.46172 0
    outer loop
      vertex 2.59808 -1.5 81
      vertex 2.71892 -1.26785 4
      vertex 2.71892 -1.26785 81
    endloop
  endfacet
  facet normal 0.887026 -0.46172 0
    outer loop
      vertex 2.71892 -1.26785 4
      vertex 2.59808 -1.5 81
      vertex 2.59808 -1.5 4
    endloop
  endfacet
  facet normal 0.675579 0.737287 -0
    outer loop
      vertex 2.12132 2.12132 4
      vertex 1.92836 2.29813 81
      vertex 2.12132 2.12132 81
    endloop
  endfacet
  facet normal 0.675579 0.737287 0
    outer loop
      vertex 1.92836 2.29813 81
      vertex 2.12132 2.12132 4
      vertex 1.92836 2.29813 4
    endloop
  endfacet
  facet normal 0.793335 0.608785 0
    outer loop
      vertex 2.45746 1.72073 81
      vertex 2.29813 1.92836 4
      vertex 2.29813 1.92836 81
    endloop
  endfacet
  facet normal 0.793335 0.608785 0
    outer loop
      vertex 2.29813 1.92836 4
      vertex 2.45746 1.72073 81
      vertex 2.45746 1.72073 4
    endloop
  endfacet
  facet normal -0.043635 -0.999048 0
    outer loop
      vertex -0.261467 -2.98858 4
      vertex 0 -3 81
      vertex -0.261467 -2.98858 81
    endloop
  endfacet
  facet normal -0.043635 -0.999048 -0
    outer loop
      vertex 0 -3 81
      vertex -0.261467 -2.98858 4
      vertex 0 -3 4
    endloop
  endfacet
  facet normal -0.887026 -0.46172 0
    outer loop
      vertex -2.59808 -1.5 4
      vertex -2.71892 -1.26785 81
      vertex -2.71892 -1.26785 4
    endloop
  endfacet
  facet normal -0.887026 -0.46172 0
    outer loop
      vertex -2.71892 -1.26785 81
      vertex -2.59808 -1.5 4
      vertex -2.59808 -1.5 81
    endloop
  endfacet
  facet normal -0.92387 -0.382707 0
    outer loop
      vertex -2.71892 -1.26785 4
      vertex -2.81908 -1.02606 81
      vertex -2.81908 -1.02606 4
    endloop
  endfacet
  facet normal -0.92387 -0.382707 0
    outer loop
      vertex -2.81908 -1.02606 81
      vertex -2.71892 -1.26785 4
      vertex -2.71892 -1.26785 81
    endloop
  endfacet
  facet normal -0.991445 0.130523 0
    outer loop
      vertex -2.98858 0.261467 4
      vertex -2.95442 0.520944 81
      vertex -2.95442 0.520944 4
    endloop
  endfacet
  facet normal -0.991445 0.130523 0
    outer loop
      vertex -2.95442 0.520944 81
      vertex -2.98858 0.261467 4
      vertex -2.98858 0.261467 81
    endloop
  endfacet
  facet normal -0.999048 0.043635 0
    outer loop
      vertex -3 0 4
      vertex -2.98858 0.261467 81
      vertex -2.98858 0.261467 4
    endloop
  endfacet
  facet normal -0.999048 0.043635 0
    outer loop
      vertex -2.98858 0.261467 81
      vertex -3 0 4
      vertex -3 0 81
    endloop
  endfacet
  facet normal -0.300707 -0.953716 0
    outer loop
      vertex -1.02606 -2.81908 4
      vertex -0.776457 -2.89778 81
      vertex -1.02606 -2.81908 81
    endloop
  endfacet
  facet normal -0.300707 -0.953716 -0
    outer loop
      vertex -0.776457 -2.89778 81
      vertex -1.02606 -2.81908 4
      vertex -0.776457 -2.89778 4
    endloop
  endfacet
  facet normal 0.300707 0.953716 -0
    outer loop
      vertex 1.02606 2.81908 4
      vertex 0.776457 2.89778 81
      vertex 1.02606 2.81908 81
    endloop
  endfacet
  facet normal 0.300707 0.953716 0
    outer loop
      vertex 0.776457 2.89778 81
      vertex 1.02606 2.81908 4
      vertex 0.776457 2.89778 4
    endloop
  endfacet
  facet normal -0.604173 0.553652 0.5731
    outer loop
      vertex -1.62634 1.62634 82
      vertex -2.12132 2.12132 81
      vertex -1.7619 1.47841 82
    endloop
  endfacet
  facet normal -0.818709 0.0357367 0.573096
    outer loop
      vertex -2.29125 0.200458 82
      vertex -3 0 81
      vertex -2.3 0 82
    endloop
  endfacet
  facet normal 0.378375 0.726909 0.573093
    outer loop
      vertex 1.26785 2.71892 81
      vertex 0.972021 2.08451 82
      vertex 1.5 2.59808 81
    endloop
  endfacet
  facet normal 0.177352 -0.800067 0.573096
    outer loop
      vertex 0.595284 -2.22163 82
      vertex 0.520944 -2.95442 81
      vertex 0.776457 -2.89778 81
    endloop
  endfacet
  facet normal 0.818709 0.0357367 0.573096
    outer loop
      vertex 3 0 81
      vertex 2.29125 0.200458 82
      vertex 2.3 0 82
    endloop
  endfacet
  facet normal 0.81871 0.0357585 0.573093
    outer loop
      vertex 2.98858 0.261467 81
      vertex 2.29125 0.200458 82
      vertex 3 0 81
    endloop
  endfacet
  facet normal 0.69115 -0.440309 0.573096
    outer loop
      vertex 2.59808 -1.5 81
      vertex 1.88405 -1.31923 82
      vertex 2.45746 -1.72073 81
    endloop
  endfacet
  facet normal 0.800067 -0.177352 0.573096
    outer loop
      vertex 2.95442 -0.520944 81
      vertex 2.22163 -0.595284 82
      vertex 2.89778 -0.776457 81
    endloop
  endfacet
  facet normal 0.757102 0.313625 0.573093
    outer loop
      vertex 2.71892 1.26785 81
      vertex 2.08451 0.972021 82
      vertex 2.81908 1.02606 81
    endloop
  endfacet
  facet normal -0.55363 -0.604199 0.573095
    outer loop
      vertex -1.47841 -1.7619 82
      vertex -2.12132 -2.12132 81
      vertex -1.92836 -2.29813 81
    endloop
  endfacet
  facet normal 0.757102 -0.313625 0.573093
    outer loop
      vertex 2.81908 -1.02606 81
      vertex 2.08451 -0.972021 82
      vertex 2.71892 -1.26785 81
    endloop
  endfacet
  facet normal -0.800064 -0.177375 0.573093
    outer loop
      vertex -2.26506 -0.39939 82
      vertex -2.95442 -0.520944 81
      vertex -2.22163 -0.595284 82
    endloop
  endfacet
  facet normal 0.800064 0.177375 0.573093
    outer loop
      vertex 2.95442 0.520944 81
      vertex 2.22163 0.595284 82
      vertex 2.26506 0.39939 82
    endloop
  endfacet
  facet normal 0.800067 0.177352 0.573096
    outer loop
      vertex 2.89778 0.776457 81
      vertex 2.22163 0.595284 82
      vertex 2.95442 0.520944 81
    endloop
  endfacet
  facet normal 0.440306 0.691151 0.573097
    outer loop
      vertex 1.5 2.59808 81
      vertex 1.15 1.99186 82
      vertex 1.31923 1.88405 82
    endloop
  endfacet
  facet normal 0.106963 0.81248 0.573093
    outer loop
      vertex 0.520944 2.95442 81
      vertex 0.261467 2.98858 81
      vertex 0.39939 2.26506 82
    endloop
  endfacet
  facet normal 0.81248 0.106963 0.573093
    outer loop
      vertex 2.95442 0.520944 81
      vertex 2.26506 0.39939 82
      vertex 2.98858 0.261467 81
    endloop
  endfacet
  facet normal 0.498892 0.650129 0.573096
    outer loop
      vertex 1.72073 2.45746 81
      vertex 1.31923 1.88405 82
      vertex 1.92836 2.29813 81
    endloop
  endfacet
  facet normal 0.498891 0.65013 0.573095
    outer loop
      vertex 1.92836 2.29813 81
      vertex 1.31923 1.88405 82
      vertex 1.47841 1.7619 82
    endloop
  endfacet
  facet normal 0.81248 -0.106963 0.573093
    outer loop
      vertex 2.98858 -0.261467 81
      vertex 2.26506 -0.39939 82
      vertex 2.95442 -0.520944 81
    endloop
  endfacet
  facet normal -0.781553 -0.246438 0.573099
    outer loop
      vertex -2.22163 -0.595284 82
      vertex -2.81908 -1.02606 81
      vertex -2.16129 -0.786646 82
    endloop
  endfacet
  facet normal -0.781559 -0.246426 0.573097
    outer loop
      vertex -2.22163 -0.595284 82
      vertex -2.89778 -0.776457 81
      vertex -2.81908 -1.02606 81
    endloop
  endfacet
  facet normal -0.81871 -0.0357585 0.573093
    outer loop
      vertex -2.29125 -0.200458 82
      vertex -3 0 81
      vertex -2.98858 -0.261467 81
    endloop
  endfacet
  facet normal -0.0357585 0.81871 0.573093
    outer loop
      vertex 0 3 81
      vertex -0.261467 2.98858 81
      vertex -0.200458 2.29125 82
    endloop
  endfacet
  facet normal 0.800064 -0.177375 0.573093
    outer loop
      vertex 2.26506 -0.39939 82
      vertex 2.22163 -0.595284 82
      vertex 2.95442 -0.520944 81
    endloop
  endfacet
  facet normal -0.177352 -0.800067 0.573096
    outer loop
      vertex -0.595284 -2.22163 82
      vertex -0.776457 -2.89778 81
      vertex -0.520944 -2.95442 81
    endloop
  endfacet
  facet normal 0.177375 -0.800064 0.573093
    outer loop
      vertex 0.595284 -2.22163 82
      vertex 0.39939 -2.26506 82
      vertex 0.520944 -2.95442 81
    endloop
  endfacet
  facet normal -0.818709 -0.0357367 0.573096
    outer loop
      vertex -2.3 0 82
      vertex -3 0 81
      vertex -2.29125 -0.200458 82
    endloop
  endfacet
  facet normal -0.378397 -0.726894 0.573097
    outer loop
      vertex -1.15 -1.99186 82
      vertex -1.5 -2.59808 81
      vertex -0.972021 -2.08451 82
    endloop
  endfacet
  facet normal 0.0357367 0.818709 0.573096
    outer loop
      vertex 0 3 81
      vertex 0 2.3 82
      vertex 0.200458 2.29125 82
    endloop
  endfacet
  facet normal -0.246426 0.781559 0.573097
    outer loop
      vertex -0.776457 2.89778 81
      vertex -1.02606 2.81908 81
      vertex -0.595284 2.22163 82
    endloop
  endfacet
  facet normal -0.757114 0.313587 0.573099
    outer loop
      vertex -2.08451 0.972021 82
      vertex -2.81908 1.02606 81
      vertex -2.16129 0.786646 82
    endloop
  endfacet
  facet normal -0.691151 -0.440306 0.573097
    outer loop
      vertex -1.99186 -1.15 82
      vertex -2.59808 -1.5 81
      vertex -1.88405 -1.31923 82
    endloop
  endfacet
  facet normal -0.69115 -0.440309 0.573096
    outer loop
      vertex -1.88405 -1.31923 82
      vertex -2.59808 -1.5 81
      vertex -2.45746 -1.72073 81
    endloop
  endfacet
  facet normal -0.378375 -0.726909 0.573093
    outer loop
      vertex -0.972021 -2.08451 82
      vertex -1.5 -2.59808 81
      vertex -1.26785 -2.71892 81
    endloop
  endfacet
  facet normal 0.781553 0.246438 0.573099
    outer loop
      vertex 2.81908 1.02606 81
      vertex 2.16129 0.786646 82
      vertex 2.22163 0.595284 82
    endloop
  endfacet
  facet normal 0.378375 -0.726909 0.573093
    outer loop
      vertex 1.5 -2.59808 81
      vertex 0.972021 -2.08451 82
      vertex 1.26785 -2.71892 81
    endloop
  endfacet
  facet normal 0.0357585 0.81871 0.573093
    outer loop
      vertex 0.261467 2.98858 81
      vertex 0 3 81
      vertex 0.200458 2.29125 82
    endloop
  endfacet
  facet normal -0.0357367 -0.818709 0.573096
    outer loop
      vertex 0 -2.3 82
      vertex -0.200458 -2.29125 82
      vertex 0 -3 81
    endloop
  endfacet
  facet normal 0.757114 0.313587 0.573099
    outer loop
      vertex 2.81908 1.02606 81
      vertex 2.08451 0.972021 82
      vertex 2.16129 0.786646 82
    endloop
  endfacet
  facet normal 0 0 1
    outer loop
      vertex 2.29125 0.200458 82
      vertex 2.29125 -0.200458 82
      vertex 2.3 0 82
    endloop
  endfacet
  facet normal 0 0 1
    outer loop
      vertex 2.26506 0.39939 82
      vertex 2.29125 -0.200458 82
      vertex 2.29125 0.200458 82
    endloop
  endfacet
  facet normal 0 0 1
    outer loop
      vertex 2.26506 0.39939 82
      vertex 2.26506 -0.39939 82
      vertex 2.29125 -0.200458 82
    endloop
  endfacet
  facet normal 0 0 1
    outer loop
      vertex 2.22163 0.595284 82
      vertex 2.26506 -0.39939 82
      vertex 2.26506 0.39939 82
    endloop
  endfacet
  facet normal 0 0 1
    outer loop
      vertex 2.22163 0.595284 82
      vertex 2.22163 -0.595284 82
      vertex 2.26506 -0.39939 82
    endloop
  endfacet
  facet normal 0 0 1
    outer loop
      vertex 2.16129 0.786646 82
      vertex 2.22163 -0.595284 82
      vertex 2.22163 0.595284 82
    endloop
  endfacet
  facet normal 0 0 1
    outer loop
      vertex 2.16129 0.786646 82
      vertex 2.16129 -0.786646 82
      vertex 2.22163 -0.595284 82
    endloop
  endfacet
  facet normal 0 0 1
    outer loop
      vertex 2.08451 0.972021 82
      vertex 2.16129 -0.786646 82
      vertex 2.16129 0.786646 82
    endloop
  endfacet
  facet normal 0 0 1
    outer loop
      vertex 2.08451 0.972021 82
      vertex 2.08451 -0.972021 82
      vertex 2.16129 -0.786646 82
    endloop
  endfacet
  facet normal 0 0 1
    outer loop
      vertex 1.99186 1.15 82
      vertex 2.08451 -0.972021 82
      vertex 2.08451 0.972021 82
    endloop
  endfacet
  facet normal 0 0 1
    outer loop
      vertex 1.99186 1.15 82
      vertex 1.99186 -1.15 82
      vertex 2.08451 -0.972021 82
    endloop
  endfacet
  facet normal 0 0 1
    outer loop
      vertex 1.88405 1.31923 82
      vertex 1.99186 -1.15 82
      vertex 1.99186 1.15 82
    endloop
  endfacet
  facet normal 0 0 1
    outer loop
      vertex 1.88405 1.31923 82
      vertex 1.88405 -1.31923 82
      vertex 1.99186 -1.15 82
    endloop
  endfacet
  facet normal 0 0 1
    outer loop
      vertex 1.7619 1.47841 82
      vertex 1.88405 -1.31923 82
      vertex 1.88405 1.31923 82
    endloop
  endfacet
  facet normal 0 0 1
    outer loop
      vertex 1.7619 1.47841 82
      vertex 1.7619 -1.47841 82
      vertex 1.88405 -1.31923 82
    endloop
  endfacet
  facet normal 0 0 1
    outer loop
      vertex 1.62634 1.62634 82
      vertex 1.7619 -1.47841 82
      vertex 1.7619 1.47841 82
    endloop
  endfacet
  facet normal 0 0 1
    outer loop
      vertex 1.62634 1.62634 82
      vertex 1.62634 -1.62634 82
      vertex 1.7619 -1.47841 82
    endloop
  endfacet
  facet normal 0 0 1
    outer loop
      vertex 1.47841 1.7619 82
      vertex 1.62634 -1.62634 82
      vertex 1.62634 1.62634 82
    endloop
  endfacet
  facet normal 0 0 1
    outer loop
      vertex 1.47841 1.7619 82
      vertex 1.47841 -1.7619 82
      vertex 1.62634 -1.62634 82
    endloop
  endfacet
  facet normal 0 0 1
    outer loop
      vertex 1.31923 1.88405 82
      vertex 1.47841 -1.7619 82
      vertex 1.47841 1.7619 82
    endloop
  endfacet
  facet normal 0 0 1
    outer loop
      vertex 1.31923 1.88405 82
      vertex 1.31923 -1.88405 82
      vertex 1.47841 -1.7619 82
    endloop
  endfacet
  facet normal 0 0 1
    outer loop
      vertex 1.15 1.99186 82
      vertex 1.31923 -1.88405 82
      vertex 1.31923 1.88405 82
    endloop
  endfacet
  facet normal 0 0 1
    outer loop
      vertex 1.15 1.99186 82
      vertex 1.15 -1.99186 82
      vertex 1.31923 -1.88405 82
    endloop
  endfacet
  facet normal 0 0 1
    outer loop
      vertex 0.972021 2.08451 82
      vertex 1.15 -1.99186 82
      vertex 1.15 1.99186 82
    endloop
  endfacet
  facet normal 0 0 1
    outer loop
      vertex 0.972021 2.08451 82
      vertex 0.972021 -2.08451 82
      vertex 1.15 -1.99186 82
    endloop
  endfacet
  facet normal 0 0 1
    outer loop
      vertex 0.786646 2.16129 82
      vertex 0.972021 -2.08451 82
      vertex 0.972021 2.08451 82
    endloop
  endfacet
  facet normal 0 0 1
    outer loop
      vertex 0.786646 2.16129 82
      vertex 0.786646 -2.16129 82
      vertex 0.972021 -2.08451 82
    endloop
  endfacet
  facet normal 0 0 1
    outer loop
      vertex 0.595284 2.22163 82
      vertex 0.786646 -2.16129 82
      vertex 0.786646 2.16129 82
    endloop
  endfacet
  facet normal 0 0 1
    outer loop
      vertex 0.595284 2.22163 82
      vertex 0.595284 -2.22163 82
      vertex 0.786646 -2.16129 82
    endloop
  endfacet
  facet normal 0 0 1
    outer loop
      vertex 0.39939 2.26506 82
      vertex 0.595284 -2.22163 82
      vertex 0.595284 2.22163 82
    endloop
  endfacet
  facet normal 0 0 1
    outer loop
      vertex 0.39939 2.26506 82
      vertex 0.39939 -2.26506 82
      vertex 0.595284 -2.22163 82
    endloop
  endfacet
  facet normal 0 0 1
    outer loop
      vertex 0.200458 2.29125 82
      vertex 0.39939 -2.26506 82
      vertex 0.39939 2.26506 82
    endloop
  endfacet
  facet normal 0 0 1
    outer loop
      vertex 0.200458 2.29125 82
      vertex 0.200458 -2.29125 82
      vertex 0.39939 -2.26506 82
    endloop
  endfacet
  facet normal 0 0 1
    outer loop
      vertex 0 2.3 82
      vertex 0.200458 -2.29125 82
      vertex 0.200458 2.29125 82
    endloop
  endfacet
  facet normal 0 0 1
    outer loop
      vertex 0 2.3 82
      vertex 0 -2.3 82
      vertex 0.200458 -2.29125 82
    endloop
  endfacet
  facet normal -0 0 1
    outer loop
      vertex -0.200458 2.29125 82
      vertex 0 -2.3 82
      vertex 0 2.3 82
    endloop
  endfacet
  facet normal 0 0 1
    outer loop
      vertex -0.200458 2.29125 82
      vertex -0.200458 -2.29125 82
      vertex 0 -2.3 82
    endloop
  endfacet
  facet normal -0 0 1
    outer loop
      vertex -0.39939 2.26506 82
      vertex -0.200458 -2.29125 82
      vertex -0.200458 2.29125 82
    endloop
  endfacet
  facet normal 0 0 1
    outer loop
      vertex -0.39939 2.26506 82
      vertex -0.39939 -2.26506 82
      vertex -0.200458 -2.29125 82
    endloop
  endfacet
  facet normal -0 0 1
    outer loop
      vertex -0.595284 2.22163 82
      vertex -0.39939 -2.26506 82
      vertex -0.39939 2.26506 82
    endloop
  endfacet
  facet normal 0 0 1
    outer loop
      vertex -0.595284 2.22163 82
      vertex -0.595284 -2.22163 82
      vertex -0.39939 -2.26506 82
    endloop
  endfacet
  facet normal -0 0 1
    outer loop
      vertex -0.786646 2.16129 82
      vertex -0.595284 -2.22163 82
      vertex -0.595284 2.22163 82
    endloop
  endfacet
  facet normal 0 0 1
    outer loop
      vertex -0.786646 2.16129 82
      vertex -0.786646 -2.16129 82
      vertex -0.595284 -2.22163 82
    endloop
  endfacet
  facet normal -0 0 1
    outer loop
      vertex -0.972021 2.08451 82
      vertex -0.786646 -2.16129 82
      vertex -0.786646 2.16129 82
    endloop
  endfacet
  facet normal 0 0 1
    outer loop
      vertex -0.972021 2.08451 82
      vertex -0.972021 -2.08451 82
      vertex -0.786646 -2.16129 82
    endloop
  endfacet
  facet normal -0 0 1
    outer loop
      vertex -1.15 1.99186 82
      vertex -0.972021 -2.08451 82
      vertex -0.972021 2.08451 82
    endloop
  endfacet
  facet normal 0 0 1
    outer loop
      vertex -1.15 1.99186 82
      vertex -1.15 -1.99186 82
      vertex -0.972021 -2.08451 82
    endloop
  endfacet
  facet normal -0 0 1
    outer loop
      vertex -1.31923 1.88405 82
      vertex -1.15 -1.99186 82
      vertex -1.15 1.99186 82
    endloop
  endfacet
  facet normal 0 0 1
    outer loop
      vertex -1.31923 1.88405 82
      vertex -1.31923 -1.88405 82
      vertex -1.15 -1.99186 82
    endloop
  endfacet
  facet normal -0 0 1
    outer loop
      vertex -1.47841 1.7619 82
      vertex -1.31923 -1.88405 82
      vertex -1.31923 1.88405 82
    endloop
  endfacet
  facet normal 0 0 1
    outer loop
      vertex -1.47841 1.7619 82
      vertex -1.47841 -1.7619 82
      vertex -1.31923 -1.88405 82
    endloop
  endfacet
  facet normal -0 0 1
    outer loop
      vertex -1.62634 1.62634 82
      vertex -1.47841 -1.7619 82
      vertex -1.47841 1.7619 82
    endloop
  endfacet
  facet normal 0 0 1
    outer loop
      vertex -1.62634 1.62634 82
      vertex -1.62634 -1.62634 82
      vertex -1.47841 -1.7619 82
    endloop
  endfacet
  facet normal -0 0 1
    outer loop
      vertex -1.7619 1.47841 82
      vertex -1.62634 -1.62634 82
      vertex -1.62634 1.62634 82
    endloop
  endfacet
  facet normal 0 0 1
    outer loop
      vertex -1.7619 1.47841 82
      vertex -1.7619 -1.47841 82
      vertex -1.62634 -1.62634 82
    endloop
  endfacet
  facet normal -0 0 1
    outer loop
      vertex -1.88405 1.31923 82
      vertex -1.7619 -1.47841 82
      vertex -1.7619 1.47841 82
    endloop
  endfacet
  facet normal 0 0 1
    outer loop
      vertex -1.88405 1.31923 82
      vertex -1.88405 -1.31923 82
      vertex -1.7619 -1.47841 82
    endloop
  endfacet
  facet normal -0 0 1
    outer loop
      vertex -1.99186 1.15 82
      vertex -1.88405 -1.31923 82
      vertex -1.88405 1.31923 82
    endloop
  endfacet
  facet normal 0 0 1
    outer loop
      vertex -1.99186 1.15 82
      vertex -1.99186 -1.15 82
      vertex -1.88405 -1.31923 82
    endloop
  endfacet
  facet normal -0 0 1
    outer loop
      vertex -2.08451 0.972021 82
      vertex -1.99186 -1.15 82
      vertex -1.99186 1.15 82
    endloop
  endfacet
  facet normal 0 0 1
    outer loop
      vertex -2.08451 0.972021 82
      vertex -2.08451 -0.972021 82
      vertex -1.99186 -1.15 82
    endloop
  endfacet
  facet normal -0 0 1
    outer loop
      vertex -2.16129 0.786646 82
      vertex -2.08451 -0.972021 82
      vertex -2.08451 0.972021 82
    endloop
  endfacet
  facet normal 0 0 1
    outer loop
      vertex -2.16129 0.786646 82
      vertex -2.16129 -0.786646 82
      vertex -2.08451 -0.972021 82
    endloop
  endfacet
  facet normal -0 0 1
    outer loop
      vertex -2.22163 0.595284 82
      vertex -2.16129 -0.786646 82
      vertex -2.16129 0.786646 82
    endloop
  endfacet
  facet normal 0 0 1
    outer loop
      vertex -2.22163 0.595284 82
      vertex -2.22163 -0.595284 82
      vertex -2.16129 -0.786646 82
    endloop
  endfacet
  facet normal -0 0 1
    outer loop
      vertex -2.26506 0.39939 82
      vertex -2.22163 -0.595284 82
      vertex -2.22163 0.595284 82
    endloop
  endfacet
  facet normal 0 0 1
    outer loop
      vertex -2.26506 0.39939 82
      vertex -2.26506 -0.39939 82
      vertex -2.22163 -0.595284 82
    endloop
  endfacet
  facet normal -0 0 1
    outer loop
      vertex -2.29125 0.200458 82
      vertex -2.26506 -0.39939 82
      vertex -2.26506 0.39939 82
    endloop
  endfacet
  facet normal 0 0 1
    outer loop
      vertex -2.29125 0.200458 82
      vertex -2.29125 -0.200458 82
      vertex -2.26506 -0.39939 82
    endloop
  endfacet
  facet normal 0 -0 1
    outer loop
      vertex -2.29125 -0.200458 82
      vertex -2.29125 0.200458 82
      vertex -2.3 0 82
    endloop
  endfacet
  facet normal -0.378375 0.726909 0.573093
    outer loop
      vertex -1.26785 2.71892 81
      vertex -1.5 2.59808 81
      vertex -0.972021 2.08451 82
    endloop
  endfacet
  facet normal -0.498891 0.65013 0.573095
    outer loop
      vertex -1.31923 1.88405 82
      vertex -1.92836 2.29813 81
      vertex -1.47841 1.7619 82
    endloop
  endfacet
  facet normal -0.781559 0.246426 0.573097
    outer loop
      vertex -2.81908 1.02606 81
      vertex -2.89778 0.776457 81
      vertex -2.22163 0.595284 82
    endloop
  endfacet
  facet normal -0.0357367 0.818709 0.573096
    outer loop
      vertex 0 3 81
      vertex -0.200458 2.29125 82
      vertex 0 2.3 82
    endloop
  endfacet
  facet normal 0.726909 0.378375 0.573093
    outer loop
      vertex 2.59808 1.5 81
      vertex 2.08451 0.972021 82
      vertex 2.71892 1.26785 81
    endloop
  endfacet
  facet normal 0.106963 -0.81248 0.573093
    outer loop
      vertex 0.39939 -2.26506 82
      vertex 0.261467 -2.98858 81
      vertex 0.520944 -2.95442 81
    endloop
  endfacet
  facet normal -0.800067 0.177352 0.573096
    outer loop
      vertex -2.89778 0.776457 81
      vertex -2.95442 0.520944 81
      vertex -2.22163 0.595284 82
    endloop
  endfacet
  facet normal 0.65013 0.498891 0.573095
    outer loop
      vertex 2.29813 1.92836 81
      vertex 1.7619 1.47841 82
      vertex 1.88405 1.31923 82
    endloop
  endfacet
  facet normal -0.800067 -0.177352 0.573096
    outer loop
      vertex -2.22163 -0.595284 82
      vertex -2.95442 -0.520944 81
      vertex -2.89778 -0.776457 81
    endloop
  endfacet
  facet normal 0.440306 -0.691151 0.573097
    outer loop
      vertex 1.31923 -1.88405 82
      vertex 1.15 -1.99186 82
      vertex 1.5 -2.59808 81
    endloop
  endfacet
  facet normal 0.604199 0.55363 0.573095
    outer loop
      vertex 2.12132 2.12132 81
      vertex 1.7619 1.47841 82
      vertex 2.29813 1.92836 81
    endloop
  endfacet
  facet normal 0.106965 0.81248 0.573092
    outer loop
      vertex 0.261467 2.98858 81
      vertex 0.200458 2.29125 82
      vertex 0.39939 2.26506 82
    endloop
  endfacet
  facet normal 0.726894 0.378397 0.573097
    outer loop
      vertex 2.59808 1.5 81
      vertex 1.99186 1.15 82
      vertex 2.08451 0.972021 82
    endloop
  endfacet
  facet normal -0.800064 0.177375 0.573093
    outer loop
      vertex -2.22163 0.595284 82
      vertex -2.95442 0.520944 81
      vertex -2.26506 0.39939 82
    endloop
  endfacet
  facet normal -0.726894 0.378397 0.573097
    outer loop
      vertex -1.99186 1.15 82
      vertex -2.59808 1.5 81
      vertex -2.08451 0.972021 82
    endloop
  endfacet
  facet normal 0.781553 -0.246438 0.573099
    outer loop
      vertex 2.22163 -0.595284 82
      vertex 2.16129 -0.786646 82
      vertex 2.81908 -1.02606 81
    endloop
  endfacet
  facet normal 0.650129 -0.498892 0.573096
    outer loop
      vertex 2.45746 -1.72073 81
      vertex 1.88405 -1.31923 82
      vertex 2.29813 -1.92836 81
    endloop
  endfacet
  facet normal 0.726894 -0.378397 0.573097
    outer loop
      vertex 2.08451 -0.972021 82
      vertex 1.99186 -1.15 82
      vertex 2.59808 -1.5 81
    endloop
  endfacet
  facet normal 0.553652 0.604173 0.5731
    outer loop
      vertex 2.12132 2.12132 81
      vertex 1.47841 1.7619 82
      vertex 1.62634 1.62634 82
    endloop
  endfacet
  facet normal -0.757114 -0.313587 0.573099
    outer loop
      vertex -2.16129 -0.786646 82
      vertex -2.81908 -1.02606 81
      vertex -2.08451 -0.972021 82
    endloop
  endfacet
  facet normal -0.650129 -0.498892 0.573096
    outer loop
      vertex -1.88405 -1.31923 82
      vertex -2.45746 -1.72073 81
      vertex -2.29813 -1.92836 81
    endloop
  endfacet
  facet normal 0.781559 -0.246426 0.573097
    outer loop
      vertex 2.89778 -0.776457 81
      vertex 2.22163 -0.595284 82
      vertex 2.81908 -1.02606 81
    endloop
  endfacet
  facet normal 0.55363 0.604199 0.573095
    outer loop
      vertex 1.92836 2.29813 81
      vertex 1.47841 1.7619 82
      vertex 2.12132 2.12132 81
    endloop
  endfacet
  facet normal 0.177352 0.800067 0.573096
    outer loop
      vertex 0.776457 2.89778 81
      vertex 0.520944 2.95442 81
      vertex 0.595284 2.22163 82
    endloop
  endfacet
  facet normal 0.726909 -0.378375 0.573093
    outer loop
      vertex 2.71892 -1.26785 81
      vertex 2.08451 -0.972021 82
      vertex 2.59808 -1.5 81
    endloop
  endfacet
  facet normal 0.81871 -0.0357585 0.573093
    outer loop
      vertex 3 0 81
      vertex 2.29125 -0.200458 82
      vertex 2.98858 -0.261467 81
    endloop
  endfacet
  facet normal 0.818709 -0.0357367 0.573096
    outer loop
      vertex 2.3 0 82
      vertex 2.29125 -0.200458 82
      vertex 3 0 81
    endloop
  endfacet
  facet normal -0.440306 0.691151 0.573097
    outer loop
      vertex -1.15 1.99186 82
      vertex -1.5 2.59808 81
      vertex -1.31923 1.88405 82
    endloop
  endfacet
  facet normal 0.246438 -0.781553 0.573099
    outer loop
      vertex 0.786646 -2.16129 82
      vertex 0.595284 -2.22163 82
      vertex 1.02606 -2.81908 81
    endloop
  endfacet
  facet normal 0.781559 0.246426 0.573097
    outer loop
      vertex 2.81908 1.02606 81
      vertex 2.22163 0.595284 82
      vertex 2.89778 0.776457 81
    endloop
  endfacet
  facet normal 0.313625 0.757102 0.573093
    outer loop
      vertex 1.02606 2.81908 81
      vertex 0.972021 2.08451 82
      vertex 1.26785 2.71892 81
    endloop
  endfacet
  facet normal -0.81248 -0.106963 0.573093
    outer loop
      vertex -2.26506 -0.39939 82
      vertex -2.98858 -0.261467 81
      vertex -2.95442 -0.520944 81
    endloop
  endfacet
  facet normal -0.498892 0.650129 0.573096
    outer loop
      vertex -1.72073 2.45746 81
      vertex -1.92836 2.29813 81
      vertex -1.31923 1.88405 82
    endloop
  endfacet
  facet normal 0.246426 -0.781559 0.573097
    outer loop
      vertex 1.02606 -2.81908 81
      vertex 0.595284 -2.22163 82
      vertex 0.776457 -2.89778 81
    endloop
  endfacet
  facet normal 0.81248 0.106965 0.573092
    outer loop
      vertex 2.98858 0.261467 81
      vertex 2.26506 0.39939 82
      vertex 2.29125 0.200458 82
    endloop
  endfacet
  facet normal -0.69115 0.440309 0.573096
    outer loop
      vertex -2.45746 1.72073 81
      vertex -2.59808 1.5 81
      vertex -1.88405 1.31923 82
    endloop
  endfacet
  facet normal 0.604199 -0.55363 0.573095
    outer loop
      vertex 2.29813 -1.92836 81
      vertex 1.7619 -1.47841 82
      vertex 2.12132 -2.12132 81
    endloop
  endfacet
  facet normal -0.246438 0.781553 0.573099
    outer loop
      vertex -0.595284 2.22163 82
      vertex -1.02606 2.81908 81
      vertex -0.786646 2.16129 82
    endloop
  endfacet
  facet normal -0.726909 -0.378375 0.573093
    outer loop
      vertex -2.08451 -0.972021 82
      vertex -2.71892 -1.26785 81
      vertex -2.59808 -1.5 81
    endloop
  endfacet
  facet normal -0.246426 -0.781559 0.573097
    outer loop
      vertex -0.595284 -2.22163 82
      vertex -1.02606 -2.81908 81
      vertex -0.776457 -2.89778 81
    endloop
  endfacet
  facet normal -0.757102 -0.313625 0.573093
    outer loop
      vertex -2.08451 -0.972021 82
      vertex -2.81908 -1.02606 81
      vertex -2.71892 -1.26785 81
    endloop
  endfacet
  facet normal -0.313587 -0.757114 0.573099
    outer loop
      vertex -0.972021 -2.08451 82
      vertex -1.02606 -2.81908 81
      vertex -0.786646 -2.16129 82
    endloop
  endfacet
  facet normal -0.726894 -0.378397 0.573097
    outer loop
      vertex -2.08451 -0.972021 82
      vertex -2.59808 -1.5 81
      vertex -1.99186 -1.15 82
    endloop
  endfacet
  facet normal -0.81248 -0.106965 0.573092
    outer loop
      vertex -2.29125 -0.200458 82
      vertex -2.98858 -0.261467 81
      vertex -2.26506 -0.39939 82
    endloop
  endfacet
  facet normal 0.440309 0.69115 0.573096
    outer loop
      vertex 1.5 2.59808 81
      vertex 1.31923 1.88405 82
      vertex 1.72073 2.45746 81
    endloop
  endfacet
  facet normal 0.757114 -0.313587 0.573099
    outer loop
      vertex 2.16129 -0.786646 82
      vertex 2.08451 -0.972021 82
      vertex 2.81908 -1.02606 81
    endloop
  endfacet
  facet normal -0.604173 -0.553652 0.5731
    outer loop
      vertex -1.7619 -1.47841 82
      vertex -2.12132 -2.12132 81
      vertex -1.62634 -1.62634 82
    endloop
  endfacet
  facet normal -0.177352 0.800067 0.573096
    outer loop
      vertex -0.520944 2.95442 81
      vertex -0.776457 2.89778 81
      vertex -0.595284 2.22163 82
    endloop
  endfacet
  facet normal -0.246438 -0.781553 0.573099
    outer loop
      vertex -0.786646 -2.16129 82
      vertex -1.02606 -2.81908 81
      vertex -0.595284 -2.22163 82
    endloop
  endfacet
  facet normal 0.604173 0.553652 0.5731
    outer loop
      vertex 2.12132 2.12132 81
      vertex 1.62634 1.62634 82
      vertex 1.7619 1.47841 82
    endloop
  endfacet
  facet normal 0.498892 -0.650129 0.573096
    outer loop
      vertex 1.92836 -2.29813 81
      vertex 1.31923 -1.88405 82
      vertex 1.72073 -2.45746 81
    endloop
  endfacet
  facet normal 0.65013 -0.498891 0.573095
    outer loop
      vertex 1.88405 -1.31923 82
      vertex 1.7619 -1.47841 82
      vertex 2.29813 -1.92836 81
    endloop
  endfacet
  facet normal -0.313625 -0.757102 0.573093
    outer loop
      vertex -0.972021 -2.08451 82
      vertex -1.26785 -2.71892 81
      vertex -1.02606 -2.81908 81
    endloop
  endfacet
  facet normal -0.553652 -0.604173 0.5731
    outer loop
      vertex -1.62634 -1.62634 82
      vertex -2.12132 -2.12132 81
      vertex -1.47841 -1.7619 82
    endloop
  endfacet
  facet normal 0.691151 -0.440306 0.573097
    outer loop
      vertex 1.99186 -1.15 82
      vertex 1.88405 -1.31923 82
      vertex 2.59808 -1.5 81
    endloop
  endfacet
  facet normal 0.0357585 -0.81871 0.573093
    outer loop
      vertex 0.200458 -2.29125 82
      vertex 0 -3 81
      vertex 0.261467 -2.98858 81
    endloop
  endfacet
  facet normal 0.246438 0.781553 0.573099
    outer loop
      vertex 1.02606 2.81908 81
      vertex 0.595284 2.22163 82
      vertex 0.786646 2.16129 82
    endloop
  endfacet
  facet normal 0.650129 0.498892 0.573096
    outer loop
      vertex 2.29813 1.92836 81
      vertex 1.88405 1.31923 82
      vertex 2.45746 1.72073 81
    endloop
  endfacet
  facet normal -0.177375 0.800064 0.573093
    outer loop
      vertex -0.520944 2.95442 81
      vertex -0.595284 2.22163 82
      vertex -0.39939 2.26506 82
    endloop
  endfacet
  facet normal -0.553652 0.604173 0.5731
    outer loop
      vertex -1.47841 1.7619 82
      vertex -2.12132 2.12132 81
      vertex -1.62634 1.62634 82
    endloop
  endfacet
  facet normal -0.65013 -0.498891 0.573095
    outer loop
      vertex -1.88405 -1.31923 82
      vertex -2.29813 -1.92836 81
      vertex -1.7619 -1.47841 82
    endloop
  endfacet
  facet normal 0.81248 -0.106965 0.573092
    outer loop
      vertex 2.29125 -0.200458 82
      vertex 2.26506 -0.39939 82
      vertex 2.98858 -0.261467 81
    endloop
  endfacet
  facet normal 0.69115 0.440309 0.573096
    outer loop
      vertex 2.45746 1.72073 81
      vertex 1.88405 1.31923 82
      vertex 2.59808 1.5 81
    endloop
  endfacet
  facet normal 0.246426 0.781559 0.573097
    outer loop
      vertex 0.776457 2.89778 81
      vertex 0.595284 2.22163 82
      vertex 1.02606 2.81908 81
    endloop
  endfacet
  facet normal 0.378397 0.726894 0.573097
    outer loop
      vertex 1.5 2.59808 81
      vertex 0.972021 2.08451 82
      vertex 1.15 1.99186 82
    endloop
  endfacet
  facet normal -0.604199 -0.55363 0.573095
    outer loop
      vertex -1.7619 -1.47841 82
      vertex -2.29813 -1.92836 81
      vertex -2.12132 -2.12132 81
    endloop
  endfacet
  facet normal 0.691151 0.440306 0.573097
    outer loop
      vertex 2.59808 1.5 81
      vertex 1.88405 1.31923 82
      vertex 1.99186 1.15 82
    endloop
  endfacet
  facet normal -0.106965 -0.81248 0.573092
    outer loop
      vertex -0.200458 -2.29125 82
      vertex -0.39939 -2.26506 82
      vertex -0.261467 -2.98858 81
    endloop
  endfacet
  facet normal -0.106963 -0.81248 0.573093
    outer loop
      vertex -0.39939 -2.26506 82
      vertex -0.520944 -2.95442 81
      vertex -0.261467 -2.98858 81
    endloop
  endfacet
  facet normal -0.604199 0.55363 0.573095
    outer loop
      vertex -2.12132 2.12132 81
      vertex -2.29813 1.92836 81
      vertex -1.7619 1.47841 82
    endloop
  endfacet
  facet normal -0.498891 -0.65013 0.573095
    outer loop
      vertex -1.47841 -1.7619 82
      vertex -1.92836 -2.29813 81
      vertex -1.31923 -1.88405 82
    endloop
  endfacet
  facet normal -0.177375 -0.800064 0.573093
    outer loop
      vertex -0.39939 -2.26506 82
      vertex -0.595284 -2.22163 82
      vertex -0.520944 -2.95442 81
    endloop
  endfacet
  facet normal 0.177375 0.800064 0.573093
    outer loop
      vertex 0.520944 2.95442 81
      vertex 0.39939 2.26506 82
      vertex 0.595284 2.22163 82
    endloop
  endfacet
  facet normal -0.498892 -0.650129 0.573096
    outer loop
      vertex -1.31923 -1.88405 82
      vertex -1.92836 -2.29813 81
      vertex -1.72073 -2.45746 81
    endloop
  endfacet
  facet normal 0.313625 -0.757102 0.573093
    outer loop
      vertex 1.26785 -2.71892 81
      vertex 0.972021 -2.08451 82
      vertex 1.02606 -2.81908 81
    endloop
  endfacet
  facet normal -0.440309 0.69115 0.573096
    outer loop
      vertex -1.5 2.59808 81
      vertex -1.72073 2.45746 81
      vertex -1.31923 1.88405 82
    endloop
  endfacet
  facet normal -0.781553 0.246438 0.573099
    outer loop
      vertex -2.16129 0.786646 82
      vertex -2.81908 1.02606 81
      vertex -2.22163 0.595284 82
    endloop
  endfacet
  facet normal -0.440309 -0.69115 0.573096
    outer loop
      vertex -1.31923 -1.88405 82
      vertex -1.72073 -2.45746 81
      vertex -1.5 -2.59808 81
    endloop
  endfacet
  facet normal -0.81248 0.106965 0.573092
    outer loop
      vertex -2.26506 0.39939 82
      vertex -2.98858 0.261467 81
      vertex -2.29125 0.200458 82
    endloop
  endfacet
  facet normal -0.81871 0.0357585 0.573093
    outer loop
      vertex -2.98858 0.261467 81
      vertex -3 0 81
      vertex -2.29125 0.200458 82
    endloop
  endfacet
  facet normal -0.440306 -0.691151 0.573097
    outer loop
      vertex -1.31923 -1.88405 82
      vertex -1.5 -2.59808 81
      vertex -1.15 -1.99186 82
    endloop
  endfacet
  facet normal 0.440309 -0.69115 0.573096
    outer loop
      vertex 1.72073 -2.45746 81
      vertex 1.31923 -1.88405 82
      vertex 1.5 -2.59808 81
    endloop
  endfacet
  facet normal 0.498891 -0.65013 0.573095
    outer loop
      vertex 1.47841 -1.7619 82
      vertex 1.31923 -1.88405 82
      vertex 1.92836 -2.29813 81
    endloop
  endfacet
  facet normal -0.0357585 -0.81871 0.573093
    outer loop
      vertex -0.200458 -2.29125 82
      vertex -0.261467 -2.98858 81
      vertex 0 -3 81
    endloop
  endfacet
  facet normal 0.55363 -0.604199 0.573095
    outer loop
      vertex 2.12132 -2.12132 81
      vertex 1.47841 -1.7619 82
      vertex 1.92836 -2.29813 81
    endloop
  endfacet
  facet normal 0.378397 -0.726894 0.573097
    outer loop
      vertex 1.15 -1.99186 82
      vertex 0.972021 -2.08451 82
      vertex 1.5 -2.59808 81
    endloop
  endfacet
  facet normal -0.313587 0.757114 0.573099
    outer loop
      vertex -0.786646 2.16129 82
      vertex -1.02606 2.81908 81
      vertex -0.972021 2.08451 82
    endloop
  endfacet
  facet normal 0.553652 -0.604173 0.5731
    outer loop
      vertex 1.62634 -1.62634 82
      vertex 1.47841 -1.7619 82
      vertex 2.12132 -2.12132 81
    endloop
  endfacet
  facet normal 0.604173 -0.553652 0.5731
    outer loop
      vertex 1.7619 -1.47841 82
      vertex 1.62634 -1.62634 82
      vertex 2.12132 -2.12132 81
    endloop
  endfacet
  facet normal -0.691151 0.440306 0.573097
    outer loop
      vertex -1.88405 1.31923 82
      vertex -2.59808 1.5 81
      vertex -1.99186 1.15 82
    endloop
  endfacet
  facet normal -0.55363 0.604199 0.573095
    outer loop
      vertex -1.92836 2.29813 81
      vertex -2.12132 2.12132 81
      vertex -1.47841 1.7619 82
    endloop
  endfacet
  facet normal -0.106965 0.81248 0.573092
    outer loop
      vertex -0.261467 2.98858 81
      vertex -0.39939 2.26506 82
      vertex -0.200458 2.29125 82
    endloop
  endfacet
  facet normal -0.106963 0.81248 0.573093
    outer loop
      vertex -0.261467 2.98858 81
      vertex -0.520944 2.95442 81
      vertex -0.39939 2.26506 82
    endloop
  endfacet
  facet normal -0.378397 0.726894 0.573097
    outer loop
      vertex -0.972021 2.08451 82
      vertex -1.5 2.59808 81
      vertex -1.15 1.99186 82
    endloop
  endfacet
  facet normal -0.313625 0.757102 0.573093
    outer loop
      vertex -1.02606 2.81908 81
      vertex -1.26785 2.71892 81
      vertex -0.972021 2.08451 82
    endloop
  endfacet
  facet normal 0.313587 0.757114 0.573099
    outer loop
      vertex 1.02606 2.81908 81
      vertex 0.786646 2.16129 82
      vertex 0.972021 2.08451 82
    endloop
  endfacet
  facet normal -0.757102 0.313625 0.573093
    outer loop
      vertex -2.71892 1.26785 81
      vertex -2.81908 1.02606 81
      vertex -2.08451 0.972021 82
    endloop
  endfacet
  facet normal 0.313587 -0.757114 0.573099
    outer loop
      vertex 0.972021 -2.08451 82
      vertex 0.786646 -2.16129 82
      vertex 1.02606 -2.81908 81
    endloop
  endfacet
  facet normal -0.81248 0.106963 0.573093
    outer loop
      vertex -2.95442 0.520944 81
      vertex -2.98858 0.261467 81
      vertex -2.26506 0.39939 82
    endloop
  endfacet
  facet normal 0.0357367 -0.818709 0.573096
    outer loop
      vertex 0 -2.3 82
      vertex 0 -3 81
      vertex 0.200458 -2.29125 82
    endloop
  endfacet
  facet normal 0.106965 -0.81248 0.573092
    outer loop
      vertex 0.39939 -2.26506 82
      vertex 0.200458 -2.29125 82
      vertex 0.261467 -2.98858 81
    endloop
  endfacet
  facet normal -0.650129 0.498892 0.573096
    outer loop
      vertex -2.29813 1.92836 81
      vertex -2.45746 1.72073 81
      vertex -1.88405 1.31923 82
    endloop
  endfacet
  facet normal -0.65013 0.498891 0.573095
    outer loop
      vertex -1.7619 1.47841 82
      vertex -2.29813 1.92836 81
      vertex -1.88405 1.31923 82
    endloop
  endfacet
  facet normal -0.726909 0.378375 0.573093
    outer loop
      vertex -2.59808 1.5 81
      vertex -2.71892 1.26785 81
      vertex -2.08451 0.972021 82
    endloop
  endfacet
endsolid OpenSCAD_Model
