solid OpenSCAD_Model
  facet normal -0.737269 0.675599 0
    outer loop
      vertex -3.83022 3.21394 0
      vertex -3.53553 3.53553 4
      vertex -3.53553 3.53553 0
    endloop
  endfacet
  facet normal -0.737269 0.675599 0
    outer loop
      vertex -3.53553 3.53553 4
      vertex -3.83022 3.21394 0
      vertex -3.83022 3.21394 4
    endloop
  endfacet
  facet normal 0.991446 0.130516 0
    outer loop
      vertex 4.98097 0.435779 4
      vertex 4.92404 0.86824 0
      vertex 4.92404 0.86824 4
    endloop
  endfacet
  facet normal 0.991446 0.130516 0
    outer loop
      vertex 4.92404 0.86824 0
      vertex 4.98097 0.435779 4
      vertex 4.98097 0.435779 0
    endloop
  endfacet
  facet normal 0.999048 0.0436273 0
    outer loop
      vertex 5 0 4
      vertex 4.98097 0.435779 0
      vertex 4.98097 0.435779 4
    endloop
  endfacet
  facet normal 0.999048 0.0436273 0
    outer loop
      vertex 4.98097 0.435779 0
      vertex 5 0 4
      vertex 5 0 0
    endloop
  endfacet
  facet normal 0.976296 0.216438 0
    outer loop
      vertex 4.92404 0.86824 4
      vertex 4.82963 1.2941 0
      vertex 4.82963 1.2941 4
    endloop
  endfacet
  facet normal 0.976296 0.216438 0
    outer loop
      vertex 4.82963 1.2941 0
      vertex 4.92404 0.86824 4
      vertex 4.92404 0.86824 0
    endloop
  endfacet
  facet normal -0.130516 0.991446 0
    outer loop
      vertex -0.435779 4.98097 0
      vertex -0.86824 4.92404 4
      vertex -0.435779 4.98097 4
    endloop
  endfacet
  facet normal -0.130516 0.991446 0
    outer loop
      vertex -0.86824 4.92404 4
      vertex -0.435779 4.98097 0
      vertex -0.86824 4.92404 0
    endloop
  endfacet
  facet normal -0.953713 -0.300718 0
    outer loop
      vertex -4.69846 -1.7101 0
      vertex -4.82963 -1.2941 4
      vertex -4.82963 -1.2941 0
    endloop
  endfacet
  facet normal -0.953713 -0.300718 0
    outer loop
      vertex -4.82963 -1.2941 4
      vertex -4.69846 -1.7101 0
      vertex -4.69846 -1.7101 4
    endloop
  endfacet
  facet normal -0.537307 -0.843387 0
    outer loop
      vertex -2.86788 -4.09576 0
      vertex -2.5 -4.33013 4
      vertex -2.86788 -4.09576 4
    endloop
  endfacet
  facet normal -0.537307 -0.843387 -0
    outer loop
      vertex -2.5 -4.33013 4
      vertex -2.86788 -4.09576 0
      vertex -2.5 -4.33013 0
    endloop
  endfacet
  facet normal 0.382676 -0.923883 0
    outer loop
      vertex 1.7101 -4.69846 0
      vertex 2.11309 -4.53154 4
      vertex 1.7101 -4.69846 4
    endloop
  endfacet
  facet normal 0.382676 -0.923883 0
    outer loop
      vertex 2.11309 -4.53154 4
      vertex 1.7101 -4.69846 0
      vertex 2.11309 -4.53154 0
    endloop
  endfacet
  facet normal 0.216438 -0.976296 0
    outer loop
      vertex 0.86824 -4.92404 0
      vertex 1.2941 -4.82963 4
      vertex 0.86824 -4.92404 4
    endloop
  endfacet
  facet normal 0.216438 -0.976296 0
    outer loop
      vertex 1.2941 -4.82963 4
      vertex 0.86824 -4.92404 0
      vertex 1.2941 -4.82963 0
    endloop
  endfacet
  facet normal 0.130516 0.991446 -0
    outer loop
      vertex 0.86824 4.92404 0
      vertex 0.435779 4.98097 4
      vertex 0.86824 4.92404 4
    endloop
  endfacet
  facet normal 0.130516 0.991446 0
    outer loop
      vertex 0.435779 4.98097 4
      vertex 0.86824 4.92404 0
      vertex 0.435779 4.98097 0
    endloop
  endfacet
  facet normal -0.953713 0.300718 0
    outer loop
      vertex -4.82963 1.2941 0
      vertex -4.69846 1.7101 4
      vertex -4.69846 1.7101 0
    endloop
  endfacet
  facet normal -0.953713 0.300718 0
    outer loop
      vertex -4.69846 1.7101 4
      vertex -4.82963 1.2941 0
      vertex -4.82963 1.2941 4
    endloop
  endfacet
  facet normal 0.0436273 -0.999048 0
    outer loop
      vertex 0 -5 0
      vertex 0.435779 -4.98097 4
      vertex 0 -5 4
    endloop
  endfacet
  facet normal 0.0436273 -0.999048 0
    outer loop
      vertex 0.435779 -4.98097 4
      vertex 0 -5 0
      vertex 0.435779 -4.98097 0
    endloop
  endfacet
  facet normal -0.60876 -0.793355 0
    outer loop
      vertex -3.21394 -3.83022 0
      vertex -2.86788 -4.09576 4
      vertex -3.21394 -3.83022 4
    endloop
  endfacet
  facet normal -0.60876 -0.793355 -0
    outer loop
      vertex -2.86788 -4.09576 4
      vertex -3.21394 -3.83022 0
      vertex -2.86788 -4.09576 0
    endloop
  endfacet
  facet normal 0.216438 0.976296 -0
    outer loop
      vertex 1.2941 4.82963 0
      vertex 0.86824 4.92404 4
      vertex 1.2941 4.82963 4
    endloop
  endfacet
  facet normal 0.216438 0.976296 0
    outer loop
      vertex 0.86824 4.92404 4
      vertex 1.2941 4.82963 0
      vertex 0.86824 4.92404 0
    endloop
  endfacet
  facet normal 0.923883 0.382676 0
    outer loop
      vertex 4.69846 1.7101 4
      vertex 4.53154 2.11309 0
      vertex 4.53154 2.11309 4
    endloop
  endfacet
  facet normal 0.923883 0.382676 0
    outer loop
      vertex 4.53154 2.11309 0
      vertex 4.69846 1.7101 4
      vertex 4.69846 1.7101 0
    endloop
  endfacet
  facet normal 0.675599 0.737269 -0
    outer loop
      vertex 3.53553 3.53553 0
      vertex 3.21394 3.83022 4
      vertex 3.53553 3.53553 4
    endloop
  endfacet
  facet normal 0.675599 0.737269 0
    outer loop
      vertex 3.21394 3.83022 4
      vertex 3.53553 3.53553 0
      vertex 3.21394 3.83022 0
    endloop
  endfacet
  facet normal 0.737269 -0.675599 0
    outer loop
      vertex 3.53553 -3.53553 4
      vertex 3.83022 -3.21394 0
      vertex 3.83022 -3.21394 4
    endloop
  endfacet
  facet normal 0.737269 -0.675599 0
    outer loop
      vertex 3.83022 -3.21394 0
      vertex 3.53553 -3.53553 4
      vertex 3.53553 -3.53553 0
    endloop
  endfacet
  facet normal -0.0436273 -0.999048 0
    outer loop
      vertex -0.435779 -4.98097 0
      vertex 0 -5 4
      vertex -0.435779 -4.98097 4
    endloop
  endfacet
  facet normal -0.0436273 -0.999048 -0
    outer loop
      vertex 0 -5 4
      vertex -0.435779 -4.98097 0
      vertex 0 -5 0
    endloop
  endfacet
  facet normal 0 0 1
    outer loop
      vertex 2 0 4
      vertex 5 0 4
      vertex 4.98097 0.435779 4
    endloop
  endfacet
  facet normal 0 0 1
    outer loop
      vertex 1.99239 0.174311 4
      vertex 4.98097 0.435779 4
      vertex 4.92404 0.86824 4
    endloop
  endfacet
  facet normal 0 0 1
    outer loop
      vertex 5 0 4
      vertex 2 0 4
      vertex 4.98097 -0.435779 4
    endloop
  endfacet
  facet normal 0 0 1
    outer loop
      vertex 1.96961 0.347296 4
      vertex 4.92404 0.86824 4
      vertex 4.82963 1.2941 4
    endloop
  endfacet
  facet normal -0 0 1
    outer loop
      vertex 1.99239 -0.174311 4
      vertex 4.98097 -0.435779 4
      vertex 2 0 4
    endloop
  endfacet
  facet normal 0 0 1
    outer loop
      vertex 1.93185 0.517637 4
      vertex 4.82963 1.2941 4
      vertex 4.69846 1.7101 4
    endloop
  endfacet
  facet normal 0 0 1
    outer loop
      vertex 4.98097 -0.435779 4
      vertex 1.99239 -0.174311 4
      vertex 4.92404 -0.86824 4
    endloop
  endfacet
  facet normal 0 0 1
    outer loop
      vertex 1.87938 0.68404 4
      vertex 4.69846 1.7101 4
      vertex 4.53154 2.11309 4
    endloop
  endfacet
  facet normal -0 0 1
    outer loop
      vertex 1.96961 -0.347296 4
      vertex 4.92404 -0.86824 4
      vertex 1.99239 -0.174311 4
    endloop
  endfacet
  facet normal 0 0 1
    outer loop
      vertex 1.81262 0.845236 4
      vertex 4.53154 2.11309 4
      vertex 4.33013 2.5 4
    endloop
  endfacet
  facet normal 0 0 1
    outer loop
      vertex 4.92404 -0.86824 4
      vertex 1.96961 -0.347296 4
      vertex 4.82963 -1.2941 4
    endloop
  endfacet
  facet normal 0 0 1
    outer loop
      vertex 1.73205 1 4
      vertex 4.33013 2.5 4
      vertex 4.09576 2.86788 4
    endloop
  endfacet
  facet normal -0 0 1
    outer loop
      vertex 1.93185 -0.517637 4
      vertex 4.82963 -1.2941 4
      vertex 1.96961 -0.347296 4
    endloop
  endfacet
  facet normal 0 0 1
    outer loop
      vertex 1.6383 1.14715 4
      vertex 4.09576 2.86788 4
      vertex 3.83022 3.21394 4
    endloop
  endfacet
  facet normal 0 0 1
    outer loop
      vertex 4.82963 -1.2941 4
      vertex 1.93185 -0.517637 4
      vertex 4.69846 -1.7101 4
    endloop
  endfacet
  facet normal 0 0 1
    outer loop
      vertex 1.53209 1.28557 4
      vertex 3.83022 3.21394 4
      vertex 3.53553 3.53553 4
    endloop
  endfacet
  facet normal -0 0 1
    outer loop
      vertex 1.87938 -0.68404 4
      vertex 4.69846 -1.7101 4
      vertex 1.93185 -0.517637 4
    endloop
  endfacet
  facet normal 0 0 1
    outer loop
      vertex 1.41421 1.41421 4
      vertex 3.53553 3.53553 4
      vertex 3.21394 3.83022 4
    endloop
  endfacet
  facet normal 0 0 1
    outer loop
      vertex 4.69846 -1.7101 4
      vertex 1.87938 -0.68404 4
      vertex 4.53154 -2.11309 4
    endloop
  endfacet
  facet normal 0 0 1
    outer loop
      vertex 1.28557 1.53209 4
      vertex 3.21394 3.83022 4
      vertex 2.86788 4.09576 4
    endloop
  endfacet
  facet normal -0 0 1
    outer loop
      vertex 1.81262 -0.845236 4
      vertex 4.53154 -2.11309 4
      vertex 1.87938 -0.68404 4
    endloop
  endfacet
  facet normal 0 0 1
    outer loop
      vertex 1.14715 1.6383 4
      vertex 2.86788 4.09576 4
      vertex 2.5 4.33013 4
    endloop
  endfacet
  facet normal 0 0 1
    outer loop
      vertex 4.53154 -2.11309 4
      vertex 1.81262 -0.845236 4
      vertex 4.33013 -2.5 4
    endloop
  endfacet
  facet normal 0 0 1
    outer loop
      vertex 1 1.73205 4
      vertex 2.5 4.33013 4
      vertex 2.11309 4.53154 4
    endloop
  endfacet
  facet normal -0 0 1
    outer loop
      vertex 1.73205 -1 4
      vertex 4.33013 -2.5 4
      vertex 1.81262 -0.845236 4
    endloop
  endfacet
  facet normal 0 0 1
    outer loop
      vertex 4.33013 -2.5 4
      vertex 1.73205 -1 4
      vertex 4.09576 -2.86788 4
    endloop
  endfacet
  facet normal 0 0 1
    outer loop
      vertex 4.98097 0.435779 4
      vertex 1.99239 0.174311 4
      vertex 2 0 4
    endloop
  endfacet
  facet normal 0 0 1
    outer loop
      vertex 4.92404 0.86824 4
      vertex 1.96961 0.347296 4
      vertex 1.99239 0.174311 4
    endloop
  endfacet
  facet normal 0 0 1
    outer loop
      vertex 4.82963 1.2941 4
      vertex 1.93185 0.517637 4
      vertex 1.96961 0.347296 4
    endloop
  endfacet
  facet normal 0 0 1
    outer loop
      vertex 4.69846 1.7101 4
      vertex 1.87938 0.68404 4
      vertex 1.93185 0.517637 4
    endloop
  endfacet
  facet normal 0 0 1
    outer loop
      vertex 4.53154 2.11309 4
      vertex 1.81262 0.845236 4
      vertex 1.87938 0.68404 4
    endloop
  endfacet
  facet normal 0 0 1
    outer loop
      vertex 4.33013 2.5 4
      vertex 1.73205 1 4
      vertex 1.81262 0.845236 4
    endloop
  endfacet
  facet normal 0 0 1
    outer loop
      vertex 0.845236 1.81262 4
      vertex 2.11309 4.53154 4
      vertex 1.7101 4.69846 4
    endloop
  endfacet
  facet normal 0 0 1
    outer loop
      vertex 4.09576 2.86788 4
      vertex 1.6383 1.14715 4
      vertex 1.73205 1 4
    endloop
  endfacet
  facet normal 0 0 1
    outer loop
      vertex 3.83022 3.21394 4
      vertex 1.53209 1.28557 4
      vertex 1.6383 1.14715 4
    endloop
  endfacet
  facet normal 0 0 1
    outer loop
      vertex 3.53553 3.53553 4
      vertex 1.41421 1.41421 4
      vertex 1.53209 1.28557 4
    endloop
  endfacet
  facet normal 0 0 1
    outer loop
      vertex 0.68404 1.87938 4
      vertex 1.7101 4.69846 4
      vertex 1.2941 4.82963 4
    endloop
  endfacet
  facet normal 0 0 1
    outer loop
      vertex 3.21394 3.83022 4
      vertex 1.28557 1.53209 4
      vertex 1.41421 1.41421 4
    endloop
  endfacet
  facet normal 0 0 1
    outer loop
      vertex 2.86788 4.09576 4
      vertex 1.14715 1.6383 4
      vertex 1.28557 1.53209 4
    endloop
  endfacet
  facet normal 0 0 1
    outer loop
      vertex 2.5 4.33013 4
      vertex 1 1.73205 4
      vertex 1.14715 1.6383 4
    endloop
  endfacet
  facet normal 0 0 1
    outer loop
      vertex 0.517637 1.93185 4
      vertex 1.2941 4.82963 4
      vertex 0.86824 4.92404 4
    endloop
  endfacet
  facet normal 0 0 1
    outer loop
      vertex 2.11309 4.53154 4
      vertex 0.845236 1.81262 4
      vertex 1 1.73205 4
    endloop
  endfacet
  facet normal 0 0 1
    outer loop
      vertex 1.7101 4.69846 4
      vertex 0.68404 1.87938 4
      vertex 0.845236 1.81262 4
    endloop
  endfacet
  facet normal 0 0 1
    outer loop
      vertex 1.2941 4.82963 4
      vertex 0.517637 1.93185 4
      vertex 0.68404 1.87938 4
    endloop
  endfacet
  facet normal 0 0 1
    outer loop
      vertex 0.347296 1.96961 4
      vertex 0.86824 4.92404 4
      vertex 0.435779 4.98097 4
    endloop
  endfacet
  facet normal 0 0 1
    outer loop
      vertex 0.86824 4.92404 4
      vertex 0.347296 1.96961 4
      vertex 0.517637 1.93185 4
    endloop
  endfacet
  facet normal 0 0 1
    outer loop
      vertex 0.435779 4.98097 4
      vertex 0.174311 1.99239 4
      vertex 0.347296 1.96961 4
    endloop
  endfacet
  facet normal 0 0 1
    outer loop
      vertex 0 5 4
      vertex 0.174311 1.99239 4
      vertex 0.435779 4.98097 4
    endloop
  endfacet
  facet normal 0 0 1
    outer loop
      vertex 0 5 4
      vertex 0 2 4
      vertex 0.174311 1.99239 4
    endloop
  endfacet
  facet normal 0 0 1
    outer loop
      vertex 0 5 4
      vertex -0.174311 1.99239 4
      vertex 0 2 4
    endloop
  endfacet
  facet normal -0 0 1
    outer loop
      vertex -0.435779 4.98097 4
      vertex -0.174311 1.99239 4
      vertex 0 5 4
    endloop
  endfacet
  facet normal 0 0 1
    outer loop
      vertex -0.174311 1.99239 4
      vertex -0.435779 4.98097 4
      vertex -0.347296 1.96961 4
    endloop
  endfacet
  facet normal -0 0 1
    outer loop
      vertex -0.86824 4.92404 4
      vertex -0.347296 1.96961 4
      vertex -0.435779 4.98097 4
    endloop
  endfacet
  facet normal 0 0 1
    outer loop
      vertex -0.347296 1.96961 4
      vertex -0.86824 4.92404 4
      vertex -0.517637 1.93185 4
    endloop
  endfacet
  facet normal -0 0 1
    outer loop
      vertex -1.2941 4.82963 4
      vertex -0.517637 1.93185 4
      vertex -0.86824 4.92404 4
    endloop
  endfacet
  facet normal 0 0 1
    outer loop
      vertex -0.517637 1.93185 4
      vertex -1.2941 4.82963 4
      vertex -0.68404 1.87938 4
    endloop
  endfacet
  facet normal -0 0 1
    outer loop
      vertex -1.7101 4.69846 4
      vertex -0.68404 1.87938 4
      vertex -1.2941 4.82963 4
    endloop
  endfacet
  facet normal 0 0 1
    outer loop
      vertex -0.68404 1.87938 4
      vertex -1.7101 4.69846 4
      vertex -0.845236 1.81262 4
    endloop
  endfacet
  facet normal -0 0 1
    outer loop
      vertex -2.11309 4.53154 4
      vertex -0.845236 1.81262 4
      vertex -1.7101 4.69846 4
    endloop
  endfacet
  facet normal 0 0 1
    outer loop
      vertex -0.845236 1.81262 4
      vertex -2.11309 4.53154 4
      vertex -1 1.73205 4
    endloop
  endfacet
  facet normal -0 0 1
    outer loop
      vertex -2.5 4.33013 4
      vertex -1 1.73205 4
      vertex -2.11309 4.53154 4
    endloop
  endfacet
  facet normal 0 0 1
    outer loop
      vertex -1 1.73205 4
      vertex -2.5 4.33013 4
      vertex -1.14715 1.6383 4
    endloop
  endfacet
  facet normal -0 0 1
    outer loop
      vertex -2.86788 4.09576 4
      vertex -1.14715 1.6383 4
      vertex -2.5 4.33013 4
    endloop
  endfacet
  facet normal 0 0 1
    outer loop
      vertex -1.14715 1.6383 4
      vertex -2.86788 4.09576 4
      vertex -1.28557 1.53209 4
    endloop
  endfacet
  facet normal -0 0 1
    outer loop
      vertex -3.21394 3.83022 4
      vertex -1.28557 1.53209 4
      vertex -2.86788 4.09576 4
    endloop
  endfacet
  facet normal 0 0 1
    outer loop
      vertex -1.28557 1.53209 4
      vertex -3.21394 3.83022 4
      vertex -1.41421 1.41421 4
    endloop
  endfacet
  facet normal -0 0 1
    outer loop
      vertex -3.53553 3.53553 4
      vertex -1.41421 1.41421 4
      vertex -3.21394 3.83022 4
    endloop
  endfacet
  facet normal 0 0 1
    outer loop
      vertex -1.41421 1.41421 4
      vertex -3.53553 3.53553 4
      vertex -1.53209 1.28557 4
    endloop
  endfacet
  facet normal -0 0 1
    outer loop
      vertex -3.83022 3.21394 4
      vertex -1.53209 1.28557 4
      vertex -3.53553 3.53553 4
    endloop
  endfacet
  facet normal 0 0 1
    outer loop
      vertex -1.53209 1.28557 4
      vertex -3.83022 3.21394 4
      vertex -1.6383 1.14715 4
    endloop
  endfacet
  facet normal 0 0 1
    outer loop
      vertex -1.6383 1.14715 4
      vertex -4.09576 2.86788 4
      vertex -1.73205 1 4
    endloop
  endfacet
  facet normal -0 0 1
    outer loop
      vertex -4.09576 2.86788 4
      vertex -1.6383 1.14715 4
      vertex -3.83022 3.21394 4
    endloop
  endfacet
  facet normal -0 0 1
    outer loop
      vertex 1.6383 -1.14715 4
      vertex 4.09576 -2.86788 4
      vertex 1.73205 -1 4
    endloop
  endfacet
  facet normal 0 0 1
    outer loop
      vertex 4.09576 -2.86788 4
      vertex 1.6383 -1.14715 4
      vertex 3.83022 -3.21394 4
    endloop
  endfacet
  facet normal -0 0 1
    outer loop
      vertex 1.53209 -1.28557 4
      vertex 3.83022 -3.21394 4
      vertex 1.6383 -1.14715 4
    endloop
  endfacet
  facet normal 0 0 1
    outer loop
      vertex 3.83022 -3.21394 4
      vertex 1.53209 -1.28557 4
      vertex 3.53553 -3.53553 4
    endloop
  endfacet
  facet normal -0 0 1
    outer loop
      vertex 1.41421 -1.41421 4
      vertex 3.53553 -3.53553 4
      vertex 1.53209 -1.28557 4
    endloop
  endfacet
  facet normal 0 0 1
    outer loop
      vertex 3.53553 -3.53553 4
      vertex 1.41421 -1.41421 4
      vertex 3.21394 -3.83022 4
    endloop
  endfacet
  facet normal -0 0 1
    outer loop
      vertex 1.28557 -1.53209 4
      vertex 3.21394 -3.83022 4
      vertex 1.41421 -1.41421 4
    endloop
  endfacet
  facet normal 0 0 1
    outer loop
      vertex 3.21394 -3.83022 4
      vertex 1.28557 -1.53209 4
      vertex 2.86788 -4.09576 4
    endloop
  endfacet
  facet normal -0 0 1
    outer loop
      vertex 1.14715 -1.6383 4
      vertex 2.86788 -4.09576 4
      vertex 1.28557 -1.53209 4
    endloop
  endfacet
  facet normal 0 0 1
    outer loop
      vertex 2.86788 -4.09576 4
      vertex 1.14715 -1.6383 4
      vertex 2.5 -4.33013 4
    endloop
  endfacet
  facet normal -0 0 1
    outer loop
      vertex 1 -1.73205 4
      vertex 2.5 -4.33013 4
      vertex 1.14715 -1.6383 4
    endloop
  endfacet
  facet normal 0 0 1
    outer loop
      vertex 2.5 -4.33013 4
      vertex 1 -1.73205 4
      vertex 2.11309 -4.53154 4
    endloop
  endfacet
  facet normal -0 0 1
    outer loop
      vertex 0.845236 -1.81262 4
      vertex 2.11309 -4.53154 4
      vertex 1 -1.73205 4
    endloop
  endfacet
  facet normal 0 0 1
    outer loop
      vertex 2.11309 -4.53154 4
      vertex 0.845236 -1.81262 4
      vertex 1.7101 -4.69846 4
    endloop
  endfacet
  facet normal -0 0 1
    outer loop
      vertex 0.68404 -1.87938 4
      vertex 1.7101 -4.69846 4
      vertex 0.845236 -1.81262 4
    endloop
  endfacet
  facet normal 0 0 1
    outer loop
      vertex 1.7101 -4.69846 4
      vertex 0.68404 -1.87938 4
      vertex 1.2941 -4.82963 4
    endloop
  endfacet
  facet normal -0 0 1
    outer loop
      vertex 0.517637 -1.93185 4
      vertex 1.2941 -4.82963 4
      vertex 0.68404 -1.87938 4
    endloop
  endfacet
  facet normal 0 0 1
    outer loop
      vertex 1.2941 -4.82963 4
      vertex 0.517637 -1.93185 4
      vertex 0.86824 -4.92404 4
    endloop
  endfacet
  facet normal -0 0 1
    outer loop
      vertex 0.347296 -1.96961 4
      vertex 0.86824 -4.92404 4
      vertex 0.517637 -1.93185 4
    endloop
  endfacet
  facet normal 0 0 1
    outer loop
      vertex 0.86824 -4.92404 4
      vertex 0.347296 -1.96961 4
      vertex 0.435779 -4.98097 4
    endloop
  endfacet
  facet normal -0 0 1
    outer loop
      vertex 0.174311 -1.99239 4
      vertex 0.435779 -4.98097 4
      vertex 0.347296 -1.96961 4
    endloop
  endfacet
  facet normal -0 0 1
    outer loop
      vertex 0 -2 4
      vertex 0.435779 -4.98097 4
      vertex 0.174311 -1.99239 4
    endloop
  endfacet
  facet normal 0 0 1
    outer loop
      vertex 0 -2 4
      vertex 0 -5 4
      vertex 0.435779 -4.98097 4
    endloop
  endfacet
  facet normal 0 0 1
    outer loop
      vertex -0.174311 -1.99239 4
      vertex 0 -5 4
      vertex 0 -2 4
    endloop
  endfacet
  facet normal 0 0 1
    outer loop
      vertex -0.435779 -4.98097 4
      vertex -0.174311 -1.99239 4
      vertex -0.347296 -1.96961 4
    endloop
  endfacet
  facet normal 0 0 1
    outer loop
      vertex -0.174311 -1.99239 4
      vertex -0.435779 -4.98097 4
      vertex 0 -5 4
    endloop
  endfacet
  facet normal 0 0 1
    outer loop
      vertex -0.86824 -4.92404 4
      vertex -0.347296 -1.96961 4
      vertex -0.517637 -1.93185 4
    endloop
  endfacet
  facet normal 0 0 1
    outer loop
      vertex -1.2941 -4.82963 4
      vertex -0.517637 -1.93185 4
      vertex -0.68404 -1.87938 4
    endloop
  endfacet
  facet normal 0 0 1
    outer loop
      vertex -1.7101 -4.69846 4
      vertex -0.68404 -1.87938 4
      vertex -0.845236 -1.81262 4
    endloop
  endfacet
  facet normal 0 0 1
    outer loop
      vertex -0.347296 -1.96961 4
      vertex -0.86824 -4.92404 4
      vertex -0.435779 -4.98097 4
    endloop
  endfacet
  facet normal 0 0 1
    outer loop
      vertex -2.11309 -4.53154 4
      vertex -0.845236 -1.81262 4
      vertex -1 -1.73205 4
    endloop
  endfacet
  facet normal 0 0 1
    outer loop
      vertex -2.5 -4.33013 4
      vertex -1 -1.73205 4
      vertex -1.14715 -1.6383 4
    endloop
  endfacet
  facet normal 0 0 1
    outer loop
      vertex -2.86788 -4.09576 4
      vertex -1.14715 -1.6383 4
      vertex -1.28557 -1.53209 4
    endloop
  endfacet
  facet normal 0 0 1
    outer loop
      vertex -0.517637 -1.93185 4
      vertex -1.2941 -4.82963 4
      vertex -0.86824 -4.92404 4
    endloop
  endfacet
  facet normal 0 0 1
    outer loop
      vertex -3.21394 -3.83022 4
      vertex -1.28557 -1.53209 4
      vertex -1.41421 -1.41421 4
    endloop
  endfacet
  facet normal 0 0 1
    outer loop
      vertex -3.53553 -3.53553 4
      vertex -1.41421 -1.41421 4
      vertex -1.53209 -1.28557 4
    endloop
  endfacet
  facet normal 0 0 1
    outer loop
      vertex -3.83022 -3.21394 4
      vertex -1.53209 -1.28557 4
      vertex -1.6383 -1.14715 4
    endloop
  endfacet
  facet normal 0 0 1
    outer loop
      vertex -0.68404 -1.87938 4
      vertex -1.7101 -4.69846 4
      vertex -1.2941 -4.82963 4
    endloop
  endfacet
  facet normal 0 0 1
    outer loop
      vertex -4.09576 -2.86788 4
      vertex -1.6383 -1.14715 4
      vertex -1.73205 -1 4
    endloop
  endfacet
  facet normal 0 0 1
    outer loop
      vertex -4.33013 -2.5 4
      vertex -1.73205 -1 4
      vertex -1.81262 -0.845236 4
    endloop
  endfacet
  facet normal 0 0 1
    outer loop
      vertex -4.53154 -2.11309 4
      vertex -1.81262 -0.845236 4
      vertex -1.87938 -0.68404 4
    endloop
  endfacet
  facet normal 0 0 1
    outer loop
      vertex -4.69846 -1.7101 4
      vertex -1.87938 -0.68404 4
      vertex -1.93185 -0.517637 4
    endloop
  endfacet
  facet normal 0 0 1
    outer loop
      vertex -4.82963 -1.2941 4
      vertex -1.93185 -0.517637 4
      vertex -1.96961 -0.347296 4
    endloop
  endfacet
  facet normal 0 0 1
    outer loop
      vertex -4.92404 -0.86824 4
      vertex -1.96961 -0.347296 4
      vertex -1.99239 -0.174311 4
    endloop
  endfacet
  facet normal 0 0 1
    outer loop
      vertex -0.845236 -1.81262 4
      vertex -2.11309 -4.53154 4
      vertex -1.7101 -4.69846 4
    endloop
  endfacet
  facet normal 0 0 1
    outer loop
      vertex -4.98097 -0.435779 4
      vertex -1.99239 -0.174311 4
      vertex -2 0 4
    endloop
  endfacet
  facet normal -0 0 1
    outer loop
      vertex -4.33013 2.5 4
      vertex -1.73205 1 4
      vertex -4.09576 2.86788 4
    endloop
  endfacet
  facet normal 0 0 1
    outer loop
      vertex -1.73205 1 4
      vertex -4.33013 2.5 4
      vertex -1.81262 0.845236 4
    endloop
  endfacet
  facet normal 0 0 1
    outer loop
      vertex -1 -1.73205 4
      vertex -2.5 -4.33013 4
      vertex -2.11309 -4.53154 4
    endloop
  endfacet
  facet normal -0 0 1
    outer loop
      vertex -4.53154 2.11309 4
      vertex -1.81262 0.845236 4
      vertex -4.33013 2.5 4
    endloop
  endfacet
  facet normal 0 0 1
    outer loop
      vertex -1.14715 -1.6383 4
      vertex -2.86788 -4.09576 4
      vertex -2.5 -4.33013 4
    endloop
  endfacet
  facet normal 0 0 1
    outer loop
      vertex -1.81262 0.845236 4
      vertex -4.53154 2.11309 4
      vertex -1.87938 0.68404 4
    endloop
  endfacet
  facet normal 0 0 1
    outer loop
      vertex -1.28557 -1.53209 4
      vertex -3.21394 -3.83022 4
      vertex -2.86788 -4.09576 4
    endloop
  endfacet
  facet normal -0 0 1
    outer loop
      vertex -4.69846 1.7101 4
      vertex -1.87938 0.68404 4
      vertex -4.53154 2.11309 4
    endloop
  endfacet
  facet normal 0 0 1
    outer loop
      vertex -1.41421 -1.41421 4
      vertex -3.53553 -3.53553 4
      vertex -3.21394 -3.83022 4
    endloop
  endfacet
  facet normal 0 0 1
    outer loop
      vertex -1.87938 0.68404 4
      vertex -4.69846 1.7101 4
      vertex -1.93185 0.517637 4
    endloop
  endfacet
  facet normal 0 0 1
    outer loop
      vertex -1.53209 -1.28557 4
      vertex -3.83022 -3.21394 4
      vertex -3.53553 -3.53553 4
    endloop
  endfacet
  facet normal -0 0 1
    outer loop
      vertex -4.82963 1.2941 4
      vertex -1.93185 0.517637 4
      vertex -4.69846 1.7101 4
    endloop
  endfacet
  facet normal 0 0 1
    outer loop
      vertex -1.6383 -1.14715 4
      vertex -4.09576 -2.86788 4
      vertex -3.83022 -3.21394 4
    endloop
  endfacet
  facet normal 0 0 1
    outer loop
      vertex -1.93185 0.517637 4
      vertex -4.82963 1.2941 4
      vertex -1.96961 0.347296 4
    endloop
  endfacet
  facet normal 0 0 1
    outer loop
      vertex -1.73205 -1 4
      vertex -4.33013 -2.5 4
      vertex -4.09576 -2.86788 4
    endloop
  endfacet
  facet normal -0 0 1
    outer loop
      vertex -4.92404 0.86824 4
      vertex -1.96961 0.347296 4
      vertex -4.82963 1.2941 4
    endloop
  endfacet
  facet normal 0 0 1
    outer loop
      vertex -1.81262 -0.845236 4
      vertex -4.53154 -2.11309 4
      vertex -4.33013 -2.5 4
    endloop
  endfacet
  facet normal 0 0 1
    outer loop
      vertex -1.96961 0.347296 4
      vertex -4.92404 0.86824 4
      vertex -1.99239 0.174311 4
    endloop
  endfacet
  facet normal 0 0 1
    outer loop
      vertex -1.87938 -0.68404 4
      vertex -4.69846 -1.7101 4
      vertex -4.53154 -2.11309 4
    endloop
  endfacet
  facet normal -0 0 1
    outer loop
      vertex -4.98097 0.435779 4
      vertex -1.99239 0.174311 4
      vertex -4.92404 0.86824 4
    endloop
  endfacet
  facet normal 0 0 1
    outer loop
      vertex -1.93185 -0.517637 4
      vertex -4.82963 -1.2941 4
      vertex -4.69846 -1.7101 4
    endloop
  endfacet
  facet normal 0 0 1
    outer loop
      vertex -1.99239 0.174311 4
      vertex -4.98097 0.435779 4
      vertex -2 0 4
    endloop
  endfacet
  facet normal 0 0 1
    outer loop
      vertex -1.96961 -0.347296 4
      vertex -4.92404 -0.86824 4
      vertex -4.82963 -1.2941 4
    endloop
  endfacet
  facet normal 0 0 1
    outer loop
      vertex -5 0 4
      vertex -2 0 4
      vertex -4.98097 0.435779 4
    endloop
  endfacet
  facet normal 0 0 1
    outer loop
      vertex -1.99239 -0.174311 4
      vertex -4.98097 -0.435779 4
      vertex -4.92404 -0.86824 4
    endloop
  endfacet
  facet normal 0 0 1
    outer loop
      vertex -2 0 4
      vertex -5 0 4
      vertex -4.98097 -0.435779 4
    endloop
  endfacet
  facet normal -0.999048 0.0436273 0
    outer loop
      vertex -5 0 0
      vertex -4.98097 0.435779 4
      vertex -4.98097 0.435779 0
    endloop
  endfacet
  facet normal -0.999048 0.0436273 0
    outer loop
      vertex -4.98097 0.435779 4
      vertex -5 0 0
      vertex -5 0 4
    endloop
  endfacet
  facet normal 0.843387 0.537307 0
    outer loop
      vertex 4.33013 2.5 4
      vertex 4.09576 2.86788 0
      vertex 4.09576 2.86788 4
    endloop
  endfacet
  facet normal 0.843387 0.537307 0
    outer loop
      vertex 4.09576 2.86788 0
      vertex 4.33013 2.5 4
      vertex 4.33013 2.5 0
    endloop
  endfacet
  facet normal 0.0436273 0.999048 -0
    outer loop
      vertex 0.435779 4.98097 0
      vertex 0 5 4
      vertex 0.435779 4.98097 4
    endloop
  endfacet
  facet normal 0.0436273 0.999048 0
    outer loop
      vertex 0 5 4
      vertex 0.435779 4.98097 0
      vertex 0 5 0
    endloop
  endfacet
  facet normal -0.0436273 0.999048 0
    outer loop
      vertex 0 5 0
      vertex -0.435779 4.98097 4
      vertex 0 5 4
    endloop
  endfacet
  facet normal -0.0436273 0.999048 0
    outer loop
      vertex -0.435779 4.98097 4
      vertex 0 5 0
      vertex -0.435779 4.98097 0
    endloop
  endfacet
  facet normal -0.976296 -0.216438 0
    outer loop
      vertex -4.82963 -1.2941 0
      vertex -4.92404 -0.86824 4
      vertex -4.92404 -0.86824 0
    endloop
  endfacet
  facet normal -0.976296 -0.216438 0
    outer loop
      vertex -4.92404 -0.86824 4
      vertex -4.82963 -1.2941 0
      vertex -4.82963 -1.2941 4
    endloop
  endfacet
  facet normal -0.675599 -0.737269 0
    outer loop
      vertex -3.53553 -3.53553 0
      vertex -3.21394 -3.83022 4
      vertex -3.53553 -3.53553 4
    endloop
  endfacet
  facet normal -0.675599 -0.737269 -0
    outer loop
      vertex -3.21394 -3.83022 4
      vertex -3.53553 -3.53553 0
      vertex -3.21394 -3.83022 0
    endloop
  endfacet
  facet normal -0.300718 0.953713 0
    outer loop
      vertex -1.2941 4.82963 0
      vertex -1.7101 4.69846 4
      vertex -1.2941 4.82963 4
    endloop
  endfacet
  facet normal -0.300718 0.953713 0
    outer loop
      vertex -1.7101 4.69846 4
      vertex -1.2941 4.82963 0
      vertex -1.7101 4.69846 0
    endloop
  endfacet
  facet normal 0.887013 -0.461744 0
    outer loop
      vertex 4.33013 -2.5 4
      vertex 4.53154 -2.11309 0
      vertex 4.53154 -2.11309 4
    endloop
  endfacet
  facet normal 0.887013 -0.461744 0
    outer loop
      vertex 4.53154 -2.11309 0
      vertex 4.33013 -2.5 4
      vertex 4.33013 -2.5 0
    endloop
  endfacet
  facet normal -0.793355 -0.60876 0
    outer loop
      vertex -3.83022 -3.21394 0
      vertex -4.09576 -2.86788 4
      vertex -4.09576 -2.86788 0
    endloop
  endfacet
  facet normal -0.793355 -0.60876 0
    outer loop
      vertex -4.09576 -2.86788 4
      vertex -3.83022 -3.21394 0
      vertex -3.83022 -3.21394 4
    endloop
  endfacet
  facet normal -0.382676 -0.923883 0
    outer loop
      vertex -2.11309 -4.53154 0
      vertex -1.7101 -4.69846 4
      vertex -2.11309 -4.53154 4
    endloop
  endfacet
  facet normal -0.382676 -0.923883 -0
    outer loop
      vertex -1.7101 -4.69846 4
      vertex -2.11309 -4.53154 0
      vertex -1.7101 -4.69846 0
    endloop
  endfacet
  facet normal 0.923883 -0.382676 0
    outer loop
      vertex 4.53154 -2.11309 4
      vertex 4.69846 -1.7101 0
      vertex 4.69846 -1.7101 4
    endloop
  endfacet
  facet normal 0.923883 -0.382676 0
    outer loop
      vertex 4.69846 -1.7101 0
      vertex 4.53154 -2.11309 4
      vertex 4.53154 -2.11309 0
    endloop
  endfacet
  facet normal 0.537307 0.843387 -0
    outer loop
      vertex 2.86788 4.09576 0
      vertex 2.5 4.33013 4
      vertex 2.86788 4.09576 4
    endloop
  endfacet
  facet normal 0.537307 0.843387 0
    outer loop
      vertex 2.5 4.33013 4
      vertex 2.86788 4.09576 0
      vertex 2.5 4.33013 0
    endloop
  endfacet
  facet normal 0.130516 -0.991446 0
    outer loop
      vertex 0.435779 -4.98097 0
      vertex 0.86824 -4.92404 4
      vertex 0.435779 -4.98097 4
    endloop
  endfacet
  facet normal 0.130516 -0.991446 0
    outer loop
      vertex 0.86824 -4.92404 4
      vertex 0.435779 -4.98097 0
      vertex 0.86824 -4.92404 0
    endloop
  endfacet
  facet normal 0.953713 0.300718 0
    outer loop
      vertex 4.82963 1.2941 4
      vertex 4.69846 1.7101 0
      vertex 4.69846 1.7101 4
    endloop
  endfacet
  facet normal 0.953713 0.300718 0
    outer loop
      vertex 4.69846 1.7101 0
      vertex 4.82963 1.2941 4
      vertex 4.82963 1.2941 0
    endloop
  endfacet
  facet normal 0.60876 0.793355 -0
    outer loop
      vertex 3.21394 3.83022 0
      vertex 2.86788 4.09576 4
      vertex 3.21394 3.83022 4
    endloop
  endfacet
  facet normal 0.60876 0.793355 0
    outer loop
      vertex 2.86788 4.09576 4
      vertex 3.21394 3.83022 0
      vertex 2.86788 4.09576 0
    endloop
  endfacet
  facet normal 0.737269 0.675599 0
    outer loop
      vertex 3.83022 3.21394 4
      vertex 3.53553 3.53553 0
      vertex 3.53553 3.53553 4
    endloop
  endfacet
  facet normal 0.737269 0.675599 0
    outer loop
      vertex 3.53553 3.53553 0
      vertex 3.83022 3.21394 4
      vertex 3.83022 3.21394 0
    endloop
  endfacet
  facet normal -0.737269 -0.675599 0
    outer loop
      vertex -3.53553 -3.53553 0
      vertex -3.83022 -3.21394 4
      vertex -3.83022 -3.21394 0
    endloop
  endfacet
  facet normal -0.737269 -0.675599 0
    outer loop
      vertex -3.83022 -3.21394 4
      vertex -3.53553 -3.53553 0
      vertex -3.53553 -3.53553 4
    endloop
  endfacet
  facet normal -0.60876 0.793355 0
    outer loop
      vertex -2.86788 4.09576 0
      vertex -3.21394 3.83022 4
      vertex -2.86788 4.09576 4
    endloop
  endfacet
  facet normal -0.60876 0.793355 0
    outer loop
      vertex -3.21394 3.83022 4
      vertex -2.86788 4.09576 0
      vertex -3.21394 3.83022 0
    endloop
  endfacet
  facet normal -0.537307 0.843387 0
    outer loop
      vertex -2.5 4.33013 0
      vertex -2.86788 4.09576 4
      vertex -2.5 4.33013 4
    endloop
  endfacet
  facet normal -0.537307 0.843387 0
    outer loop
      vertex -2.86788 4.09576 4
      vertex -2.5 4.33013 0
      vertex -2.86788 4.09576 0
    endloop
  endfacet
  facet normal 0.991446 -0.130516 0
    outer loop
      vertex 4.92404 -0.86824 4
      vertex 4.98097 -0.435779 0
      vertex 4.98097 -0.435779 4
    endloop
  endfacet
  facet normal 0.991446 -0.130516 0
    outer loop
      vertex 4.98097 -0.435779 0
      vertex 4.92404 -0.86824 4
      vertex 4.92404 -0.86824 0
    endloop
  endfacet
  facet normal 0.953713 -0.300718 0
    outer loop
      vertex 4.69846 -1.7101 4
      vertex 4.82963 -1.2941 0
      vertex 4.82963 -1.2941 4
    endloop
  endfacet
  facet normal 0.953713 -0.300718 0
    outer loop
      vertex 4.82963 -1.2941 0
      vertex 4.69846 -1.7101 4
      vertex 4.69846 -1.7101 0
    endloop
  endfacet
  facet normal 0.382676 0.923883 -0
    outer loop
      vertex 2.11309 4.53154 0
      vertex 1.7101 4.69846 4
      vertex 2.11309 4.53154 4
    endloop
  endfacet
  facet normal 0.382676 0.923883 0
    outer loop
      vertex 1.7101 4.69846 4
      vertex 2.11309 4.53154 0
      vertex 1.7101 4.69846 0
    endloop
  endfacet
  facet normal -0.216438 0.976296 0
    outer loop
      vertex -0.86824 4.92404 0
      vertex -1.2941 4.82963 4
      vertex -0.86824 4.92404 4
    endloop
  endfacet
  facet normal -0.216438 0.976296 0
    outer loop
      vertex -1.2941 4.82963 4
      vertex -0.86824 4.92404 0
      vertex -1.2941 4.82963 0
    endloop
  endfacet
  facet normal -0.130516 -0.991446 0
    outer loop
      vertex -0.86824 -4.92404 0
      vertex -0.435779 -4.98097 4
      vertex -0.86824 -4.92404 4
    endloop
  endfacet
  facet normal -0.130516 -0.991446 -0
    outer loop
      vertex -0.435779 -4.98097 4
      vertex -0.86824 -4.92404 0
      vertex -0.435779 -4.98097 0
    endloop
  endfacet
  facet normal 0.976296 -0.216438 0
    outer loop
      vertex 4.82963 -1.2941 4
      vertex 4.92404 -0.86824 0
      vertex 4.92404 -0.86824 4
    endloop
  endfacet
  facet normal 0.976296 -0.216438 0
    outer loop
      vertex 4.92404 -0.86824 0
      vertex 4.82963 -1.2941 4
      vertex 4.82963 -1.2941 0
    endloop
  endfacet
  facet normal 0.461744 0.887013 -0
    outer loop
      vertex 2.5 4.33013 0
      vertex 2.11309 4.53154 4
      vertex 2.5 4.33013 4
    endloop
  endfacet
  facet normal 0.461744 0.887013 0
    outer loop
      vertex 2.11309 4.53154 4
      vertex 2.5 4.33013 0
      vertex 2.11309 4.53154 0
    endloop
  endfacet
  facet normal 0.999048 -0.0436273 0
    outer loop
      vertex 4.98097 -0.435779 4
      vertex 5 0 0
      vertex 5 0 4
    endloop
  endfacet
  facet normal 0.999048 -0.0436273 0
    outer loop
      vertex 5 0 0
      vertex 4.98097 -0.435779 4
      vertex 4.98097 -0.435779 0
    endloop
  endfacet
  facet normal -0.382676 0.923883 0
    outer loop
      vertex -1.7101 4.69846 0
      vertex -2.11309 4.53154 4
      vertex -1.7101 4.69846 4
    endloop
  endfacet
  facet normal -0.382676 0.923883 0
    outer loop
      vertex -2.11309 4.53154 4
      vertex -1.7101 4.69846 0
      vertex -2.11309 4.53154 0
    endloop
  endfacet
  facet normal -0.887013 -0.461744 0
    outer loop
      vertex -4.33013 -2.5 0
      vertex -4.53154 -2.11309 4
      vertex -4.53154 -2.11309 0
    endloop
  endfacet
  facet normal -0.887013 -0.461744 0
    outer loop
      vertex -4.53154 -2.11309 4
      vertex -4.33013 -2.5 0
      vertex -4.33013 -2.5 4
    endloop
  endfacet
  facet normal 0.887013 0.461744 0
    outer loop
      vertex 4.53154 2.11309 4
      vertex 4.33013 2.5 0
      vertex 4.33013 2.5 4
    endloop
  endfacet
  facet normal 0.887013 0.461744 0
    outer loop
      vertex 4.33013 2.5 0
      vertex 4.53154 2.11309 4
      vertex 4.53154 2.11309 0
    endloop
  endfacet
  facet normal -0.461744 -0.887013 0
    outer loop
      vertex -2.5 -4.33013 0
      vertex -2.11309 -4.53154 4
      vertex -2.5 -4.33013 4
    endloop
  endfacet
  facet normal -0.461744 -0.887013 -0
    outer loop
      vertex -2.11309 -4.53154 4
      vertex -2.5 -4.33013 0
      vertex -2.11309 -4.53154 0
    endloop
  endfacet
  facet normal -0.675599 0.737269 0
    outer loop
      vertex -3.21394 3.83022 0
      vertex -3.53553 3.53553 4
      vertex -3.21394 3.83022 4
    endloop
  endfacet
  facet normal -0.675599 0.737269 0
    outer loop
      vertex -3.53553 3.53553 4
      vertex -3.21394 3.83022 0
      vertex -3.53553 3.53553 0
    endloop
  endfacet
  facet normal 0 0 -1
    outer loop
      vertex 4.98097 -0.435779 0
      vertex 4.98097 0.435779 0
      vertex 5 0 0
    endloop
  endfacet
  facet normal 0 0 -1
    outer loop
      vertex 4.92404 -0.86824 0
      vertex 4.98097 0.435779 0
      vertex 4.98097 -0.435779 0
    endloop
  endfacet
  facet normal 0 0 -1
    outer loop
      vertex 4.92404 -0.86824 0
      vertex 4.92404 0.86824 0
      vertex 4.98097 0.435779 0
    endloop
  endfacet
  facet normal 0 0 -1
    outer loop
      vertex 4.82963 -1.2941 0
      vertex 4.92404 0.86824 0
      vertex 4.92404 -0.86824 0
    endloop
  endfacet
  facet normal 0 0 -1
    outer loop
      vertex 4.82963 -1.2941 0
      vertex 4.82963 1.2941 0
      vertex 4.92404 0.86824 0
    endloop
  endfacet
  facet normal 0 0 -1
    outer loop
      vertex 4.69846 -1.7101 0
      vertex 4.82963 1.2941 0
      vertex 4.82963 -1.2941 0
    endloop
  endfacet
  facet normal 0 0 -1
    outer loop
      vertex 4.69846 -1.7101 0
      vertex 4.69846 1.7101 0
      vertex 4.82963 1.2941 0
    endloop
  endfacet
  facet normal 0 0 -1
    outer loop
      vertex 4.53154 -2.11309 0
      vertex 4.69846 1.7101 0
      vertex 4.69846 -1.7101 0
    endloop
  endfacet
  facet normal 0 0 -1
    outer loop
      vertex 4.53154 -2.11309 0
      vertex 4.53154 2.11309 0
      vertex 4.69846 1.7101 0
    endloop
  endfacet
  facet normal 0 0 -1
    outer loop
      vertex 4.33013 -2.5 0
      vertex 4.53154 2.11309 0
      vertex 4.53154 -2.11309 0
    endloop
  endfacet
  facet normal 0 0 -1
    outer loop
      vertex 4.33013 -2.5 0
      vertex 4.33013 2.5 0
      vertex 4.53154 2.11309 0
    endloop
  endfacet
  facet normal 0 0 -1
    outer loop
      vertex 4.09576 -2.86788 0
      vertex 4.33013 2.5 0
      vertex 4.33013 -2.5 0
    endloop
  endfacet
  facet normal 0 0 -1
    outer loop
      vertex 4.09576 -2.86788 0
      vertex 4.09576 2.86788 0
      vertex 4.33013 2.5 0
    endloop
  endfacet
  facet normal 0 0 -1
    outer loop
      vertex 3.83022 -3.21394 0
      vertex 4.09576 2.86788 0
      vertex 4.09576 -2.86788 0
    endloop
  endfacet
  facet normal 0 0 -1
    outer loop
      vertex 3.83022 -3.21394 0
      vertex 3.83022 3.21394 0
      vertex 4.09576 2.86788 0
    endloop
  endfacet
  facet normal 0 0 -1
    outer loop
      vertex 3.53553 -3.53553 0
      vertex 3.83022 3.21394 0
      vertex 3.83022 -3.21394 0
    endloop
  endfacet
  facet normal 0 0 -1
    outer loop
      vertex 3.53553 -3.53553 0
      vertex 3.53553 3.53553 0
      vertex 3.83022 3.21394 0
    endloop
  endfacet
  facet normal 0 0 -1
    outer loop
      vertex 3.21394 -3.83022 0
      vertex 3.53553 3.53553 0
      vertex 3.53553 -3.53553 0
    endloop
  endfacet
  facet normal 0 0 -1
    outer loop
      vertex 3.21394 -3.83022 0
      vertex 3.21394 3.83022 0
      vertex 3.53553 3.53553 0
    endloop
  endfacet
  facet normal 0 0 -1
    outer loop
      vertex 2.86788 -4.09576 0
      vertex 3.21394 3.83022 0
      vertex 3.21394 -3.83022 0
    endloop
  endfacet
  facet normal 0 0 -1
    outer loop
      vertex 2.86788 -4.09576 0
      vertex 2.86788 4.09576 0
      vertex 3.21394 3.83022 0
    endloop
  endfacet
  facet normal 0 0 -1
    outer loop
      vertex 2.5 -4.33013 0
      vertex 2.86788 4.09576 0
      vertex 2.86788 -4.09576 0
    endloop
  endfacet
  facet normal 0 0 -1
    outer loop
      vertex 2.5 -4.33013 0
      vertex 2.5 4.33013 0
      vertex 2.86788 4.09576 0
    endloop
  endfacet
  facet normal 0 0 -1
    outer loop
      vertex 2.11309 -4.53154 0
      vertex 2.5 4.33013 0
      vertex 2.5 -4.33013 0
    endloop
  endfacet
  facet normal 0 0 -1
    outer loop
      vertex 2.11309 -4.53154 0
      vertex 2.11309 4.53154 0
      vertex 2.5 4.33013 0
    endloop
  endfacet
  facet normal 0 0 -1
    outer loop
      vertex 1.7101 -4.69846 0
      vertex 2.11309 4.53154 0
      vertex 2.11309 -4.53154 0
    endloop
  endfacet
  facet normal 0 0 -1
    outer loop
      vertex 1.7101 -4.69846 0
      vertex 1.7101 4.69846 0
      vertex 2.11309 4.53154 0
    endloop
  endfacet
  facet normal 0 0 -1
    outer loop
      vertex 1.2941 -4.82963 0
      vertex 1.7101 4.69846 0
      vertex 1.7101 -4.69846 0
    endloop
  endfacet
  facet normal 0 0 -1
    outer loop
      vertex 1.2941 -4.82963 0
      vertex 1.2941 4.82963 0
      vertex 1.7101 4.69846 0
    endloop
  endfacet
  facet normal 0 0 -1
    outer loop
      vertex 0.86824 -4.92404 0
      vertex 1.2941 4.82963 0
      vertex 1.2941 -4.82963 0
    endloop
  endfacet
  facet normal 0 0 -1
    outer loop
      vertex 0.86824 -4.92404 0
      vertex 0.86824 4.92404 0
      vertex 1.2941 4.82963 0
    endloop
  endfacet
  facet normal 0 0 -1
    outer loop
      vertex 0.435779 -4.98097 0
      vertex 0.86824 4.92404 0
      vertex 0.86824 -4.92404 0
    endloop
  endfacet
  facet normal 0 0 -1
    outer loop
      vertex 0.435779 -4.98097 0
      vertex 0.435779 4.98097 0
      vertex 0.86824 4.92404 0
    endloop
  endfacet
  facet normal 0 0 -1
    outer loop
      vertex 0 -5 0
      vertex 0.435779 4.98097 0
      vertex 0.435779 -4.98097 0
    endloop
  endfacet
  facet normal 0 0 -1
    outer loop
      vertex 0 -5 0
      vertex 0 5 0
      vertex 0.435779 4.98097 0
    endloop
  endfacet
  facet normal 0 0 -1
    outer loop
      vertex -0.435779 -4.98097 0
      vertex 0 5 0
      vertex 0 -5 0
    endloop
  endfacet
  facet normal 0 0 -1
    outer loop
      vertex -0.435779 -4.98097 0
      vertex -0.435779 4.98097 0
      vertex 0 5 0
    endloop
  endfacet
  facet normal 0 0 -1
    outer loop
      vertex -0.86824 -4.92404 0
      vertex -0.435779 4.98097 0
      vertex -0.435779 -4.98097 0
    endloop
  endfacet
  facet normal 0 0 -1
    outer loop
      vertex -0.86824 -4.92404 0
      vertex -0.86824 4.92404 0
      vertex -0.435779 4.98097 0
    endloop
  endfacet
  facet normal 0 0 -1
    outer loop
      vertex -1.2941 -4.82963 0
      vertex -0.86824 4.92404 0
      vertex -0.86824 -4.92404 0
    endloop
  endfacet
  facet normal 0 0 -1
    outer loop
      vertex -1.2941 -4.82963 0
      vertex -1.2941 4.82963 0
      vertex -0.86824 4.92404 0
    endloop
  endfacet
  facet normal 0 0 -1
    outer loop
      vertex -1.7101 -4.69846 0
      vertex -1.2941 4.82963 0
      vertex -1.2941 -4.82963 0
    endloop
  endfacet
  facet normal 0 0 -1
    outer loop
      vertex -1.7101 -4.69846 0
      vertex -1.7101 4.69846 0
      vertex -1.2941 4.82963 0
    endloop
  endfacet
  facet normal 0 0 -1
    outer loop
      vertex -2.11309 -4.53154 0
      vertex -1.7101 4.69846 0
      vertex -1.7101 -4.69846 0
    endloop
  endfacet
  facet normal 0 0 -1
    outer loop
      vertex -2.11309 -4.53154 0
      vertex -2.11309 4.53154 0
      vertex -1.7101 4.69846 0
    endloop
  endfacet
  facet normal 0 0 -1
    outer loop
      vertex -2.5 -4.33013 0
      vertex -2.11309 4.53154 0
      vertex -2.11309 -4.53154 0
    endloop
  endfacet
  facet normal 0 0 -1
    outer loop
      vertex -2.5 -4.33013 0
      vertex -2.5 4.33013 0
      vertex -2.11309 4.53154 0
    endloop
  endfacet
  facet normal 0 0 -1
    outer loop
      vertex -2.86788 -4.09576 0
      vertex -2.5 4.33013 0
      vertex -2.5 -4.33013 0
    endloop
  endfacet
  facet normal 0 0 -1
    outer loop
      vertex -2.86788 -4.09576 0
      vertex -2.86788 4.09576 0
      vertex -2.5 4.33013 0
    endloop
  endfacet
  facet normal 0 0 -1
    outer loop
      vertex -3.21394 -3.83022 0
      vertex -2.86788 4.09576 0
      vertex -2.86788 -4.09576 0
    endloop
  endfacet
  facet normal 0 0 -1
    outer loop
      vertex -3.21394 -3.83022 0
      vertex -3.21394 3.83022 0
      vertex -2.86788 4.09576 0
    endloop
  endfacet
  facet normal 0 0 -1
    outer loop
      vertex -3.53553 -3.53553 0
      vertex -3.21394 3.83022 0
      vertex -3.21394 -3.83022 0
    endloop
  endfacet
  facet normal 0 0 -1
    outer loop
      vertex -3.53553 -3.53553 0
      vertex -3.53553 3.53553 0
      vertex -3.21394 3.83022 0
    endloop
  endfacet
  facet normal 0 0 -1
    outer loop
      vertex -3.83022 -3.21394 0
      vertex -3.53553 3.53553 0
      vertex -3.53553 -3.53553 0
    endloop
  endfacet
  facet normal 0 0 -1
    outer loop
      vertex -3.83022 -3.21394 0
      vertex -3.83022 3.21394 0
      vertex -3.53553 3.53553 0
    endloop
  endfacet
  facet normal 0 0 -1
    outer loop
      vertex -4.09576 -2.86788 0
      vertex -3.83022 3.21394 0
      vertex -3.83022 -3.21394 0
    endloop
  endfacet
  facet normal 0 0 -1
    outer loop
      vertex -4.09576 -2.86788 0
      vertex -4.09576 2.86788 0
      vertex -3.83022 3.21394 0
    endloop
  endfacet
  facet normal 0 0 -1
    outer loop
      vertex -4.33013 -2.5 0
      vertex -4.09576 2.86788 0
      vertex -4.09576 -2.86788 0
    endloop
  endfacet
  facet normal 0 0 -1
    outer loop
      vertex -4.33013 -2.5 0
      vertex -4.33013 2.5 0
      vertex -4.09576 2.86788 0
    endloop
  endfacet
  facet normal 0 0 -1
    outer loop
      vertex -4.53154 -2.11309 0
      vertex -4.33013 2.5 0
      vertex -4.33013 -2.5 0
    endloop
  endfacet
  facet normal 0 0 -1
    outer loop
      vertex -4.53154 -2.11309 0
      vertex -4.53154 2.11309 0
      vertex -4.33013 2.5 0
    endloop
  endfacet
  facet normal 0 0 -1
    outer loop
      vertex -4.69846 -1.7101 0
      vertex -4.53154 2.11309 0
      vertex -4.53154 -2.11309 0
    endloop
  endfacet
  facet normal 0 0 -1
    outer loop
      vertex -4.69846 -1.7101 0
      vertex -4.69846 1.7101 0
      vertex -4.53154 2.11309 0
    endloop
  endfacet
  facet normal 0 0 -1
    outer loop
      vertex -4.82963 -1.2941 0
      vertex -4.69846 1.7101 0
      vertex -4.69846 -1.7101 0
    endloop
  endfacet
  facet normal 0 0 -1
    outer loop
      vertex -4.82963 -1.2941 0
      vertex -4.82963 1.2941 0
      vertex -4.69846 1.7101 0
    endloop
  endfacet
  facet normal 0 0 -1
    outer loop
      vertex -4.92404 -0.86824 0
      vertex -4.82963 1.2941 0
      vertex -4.82963 -1.2941 0
    endloop
  endfacet
  facet normal 0 0 -1
    outer loop
      vertex -4.92404 -0.86824 0
      vertex -4.92404 0.86824 0
      vertex -4.82963 1.2941 0
    endloop
  endfacet
  facet normal 0 0 -1
    outer loop
      vertex -4.98097 -0.435779 0
      vertex -4.92404 0.86824 0
      vertex -4.92404 -0.86824 0
    endloop
  endfacet
  facet normal 0 0 -1
    outer loop
      vertex -4.98097 -0.435779 0
      vertex -4.98097 0.435779 0
      vertex -4.92404 0.86824 0
    endloop
  endfacet
  facet normal 0 -0 -1
    outer loop
      vertex -4.98097 0.435779 0
      vertex -4.98097 -0.435779 0
      vertex -5 0 0
    endloop
  endfacet
  facet normal -0.843387 -0.537307 0
    outer loop
      vertex -4.09576 -2.86788 0
      vertex -4.33013 -2.5 4
      vertex -4.33013 -2.5 0
    endloop
  endfacet
  facet normal -0.843387 -0.537307 0
    outer loop
      vertex -4.33013 -2.5 4
      vertex -4.09576 -2.86788 0
      vertex -4.09576 -2.86788 4
    endloop
  endfacet
  facet normal -0.216438 -0.976296 0
    outer loop
      vertex -1.2941 -4.82963 0
      vertex -0.86824 -4.92404 4
      vertex -1.2941 -4.82963 4
    endloop
  endfacet
  facet normal -0.216438 -0.976296 -0
    outer loop
      vertex -0.86824 -4.92404 4
      vertex -1.2941 -4.82963 0
      vertex -0.86824 -4.92404 0
    endloop
  endfacet
  facet normal 0.300718 0.953713 -0
    outer loop
      vertex 1.7101 4.69846 0
      vertex 1.2941 4.82963 4
      vertex 1.7101 4.69846 4
    endloop
  endfacet
  facet normal 0.300718 0.953713 0
    outer loop
      vertex 1.2941 4.82963 4
      vertex 1.7101 4.69846 0
      vertex 1.2941 4.82963 0
    endloop
  endfacet
  facet normal 0.793355 -0.60876 0
    outer loop
      vertex 3.83022 -3.21394 4
      vertex 4.09576 -2.86788 0
      vertex 4.09576 -2.86788 4
    endloop
  endfacet
  facet normal 0.793355 -0.60876 0
    outer loop
      vertex 4.09576 -2.86788 0
      vertex 3.83022 -3.21394 4
      vertex 3.83022 -3.21394 0
    endloop
  endfacet
  facet normal -0.991446 -0.130516 0
    outer loop
      vertex -4.92404 -0.86824 0
      vertex -4.98097 -0.435779 4
      vertex -4.98097 -0.435779 0
    endloop
  endfacet
  facet normal -0.991446 -0.130516 0
    outer loop
      vertex -4.98097 -0.435779 4
      vertex -4.92404 -0.86824 0
      vertex -4.92404 -0.86824 4
    endloop
  endfacet
  facet normal -0.976296 0.216438 0
    outer loop
      vertex -4.92404 0.86824 0
      vertex -4.82963 1.2941 4
      vertex -4.82963 1.2941 0
    endloop
  endfacet
  facet normal -0.976296 0.216438 0
    outer loop
      vertex -4.82963 1.2941 4
      vertex -4.92404 0.86824 0
      vertex -4.92404 0.86824 4
    endloop
  endfacet
  facet normal 0.300718 -0.953713 0
    outer loop
      vertex 1.2941 -4.82963 0
      vertex 1.7101 -4.69846 4
      vertex 1.2941 -4.82963 4
    endloop
  endfacet
  facet normal 0.300718 -0.953713 0
    outer loop
      vertex 1.7101 -4.69846 4
      vertex 1.2941 -4.82963 0
      vertex 1.7101 -4.69846 0
    endloop
  endfacet
  facet normal -0.461744 0.887013 0
    outer loop
      vertex -2.11309 4.53154 0
      vertex -2.5 4.33013 4
      vertex -2.11309 4.53154 4
    endloop
  endfacet
  facet normal -0.461744 0.887013 0
    outer loop
      vertex -2.5 4.33013 4
      vertex -2.11309 4.53154 0
      vertex -2.5 4.33013 0
    endloop
  endfacet
  facet normal -0.999048 -0.0436273 0
    outer loop
      vertex -4.98097 -0.435779 0
      vertex -5 0 4
      vertex -5 0 0
    endloop
  endfacet
  facet normal -0.999048 -0.0436273 0
    outer loop
      vertex -5 0 4
      vertex -4.98097 -0.435779 0
      vertex -4.98097 -0.435779 4
    endloop
  endfacet
  facet normal 0.461744 -0.887013 0
    outer loop
      vertex 2.11309 -4.53154 0
      vertex 2.5 -4.33013 4
      vertex 2.11309 -4.53154 4
    endloop
  endfacet
  facet normal 0.461744 -0.887013 0
    outer loop
      vertex 2.5 -4.33013 4
      vertex 2.11309 -4.53154 0
      vertex 2.5 -4.33013 0
    endloop
  endfacet
  facet normal -0.843387 0.537307 0
    outer loop
      vertex -4.33013 2.5 0
      vertex -4.09576 2.86788 4
      vertex -4.09576 2.86788 0
    endloop
  endfacet
  facet normal -0.843387 0.537307 0
    outer loop
      vertex -4.09576 2.86788 4
      vertex -4.33013 2.5 0
      vertex -4.33013 2.5 4
    endloop
  endfacet
  facet normal 0.843387 -0.537307 0
    outer loop
      vertex 4.09576 -2.86788 4
      vertex 4.33013 -2.5 0
      vertex 4.33013 -2.5 4
    endloop
  endfacet
  facet normal 0.843387 -0.537307 0
    outer loop
      vertex 4.33013 -2.5 0
      vertex 4.09576 -2.86788 4
      vertex 4.09576 -2.86788 0
    endloop
  endfacet
  facet normal 0.60876 -0.793355 0
    outer loop
      vertex 2.86788 -4.09576 0
      vertex 3.21394 -3.83022 4
      vertex 2.86788 -4.09576 4
    endloop
  endfacet
  facet normal 0.60876 -0.793355 0
    outer loop
      vertex 3.21394 -3.83022 4
      vertex 2.86788 -4.09576 0
      vertex 3.21394 -3.83022 0
    endloop
  endfacet
  facet normal 0.793355 0.60876 0
    outer loop
      vertex 4.09576 2.86788 4
      vertex 3.83022 3.21394 0
      vertex 3.83022 3.21394 4
    endloop
  endfacet
  facet normal 0.793355 0.60876 0
    outer loop
      vertex 3.83022 3.21394 0
      vertex 4.09576 2.86788 4
      vertex 4.09576 2.86788 0
    endloop
  endfacet
  facet normal 0.537307 -0.843387 0
    outer loop
      vertex 2.5 -4.33013 0
      vertex 2.86788 -4.09576 4
      vertex 2.5 -4.33013 4
    endloop
  endfacet
  facet normal 0.537307 -0.843387 0
    outer loop
      vertex 2.86788 -4.09576 4
      vertex 2.5 -4.33013 0
      vertex 2.86788 -4.09576 0
    endloop
  endfacet
  facet normal -0.923883 -0.382676 0
    outer loop
      vertex -4.53154 -2.11309 0
      vertex -4.69846 -1.7101 4
      vertex -4.69846 -1.7101 0
    endloop
  endfacet
  facet normal -0.923883 -0.382676 0
    outer loop
      vertex -4.69846 -1.7101 4
      vertex -4.53154 -2.11309 0
      vertex -4.53154 -2.11309 4
    endloop
  endfacet
  facet normal -0.991446 0.130516 0
    outer loop
      vertex -4.98097 0.435779 0
      vertex -4.92404 0.86824 4
      vertex -4.92404 0.86824 0
    endloop
  endfacet
  facet normal -0.991446 0.130516 0
    outer loop
      vertex -4.92404 0.86824 4
      vertex -4.98097 0.435779 0
      vertex -4.98097 0.435779 4
    endloop
  endfacet
  facet normal -0.300718 -0.953713 0
    outer loop
      vertex -1.7101 -4.69846 0
      vertex -1.2941 -4.82963 4
      vertex -1.7101 -4.69846 4
    endloop
  endfacet
  facet normal -0.300718 -0.953713 -0
    outer loop
      vertex -1.2941 -4.82963 4
      vertex -1.7101 -4.69846 0
      vertex -1.2941 -4.82963 0
    endloop
  endfacet
  facet normal -0.923883 0.382676 0
    outer loop
      vertex -4.69846 1.7101 0
      vertex -4.53154 2.11309 4
      vertex -4.53154 2.11309 0
    endloop
  endfacet
  facet normal -0.923883 0.382676 0
    outer loop
      vertex -4.53154 2.11309 4
      vertex -4.69846 1.7101 0
      vertex -4.69846 1.7101 4
    endloop
  endfacet
  facet normal 0.675599 -0.737269 0
    outer loop
      vertex 3.21394 -3.83022 0
      vertex 3.53553 -3.53553 4
      vertex 3.21394 -3.83022 4
    endloop
  endfacet
  facet normal 0.675599 -0.737269 0
    outer loop
      vertex 3.53553 -3.53553 4
      vertex 3.21394 -3.83022 0
      vertex 3.53553 -3.53553 0
    endloop
  endfacet
  facet normal -0.887013 0.461744 0
    outer loop
      vertex -4.53154 2.11309 0
      vertex -4.33013 2.5 4
      vertex -4.33013 2.5 0
    endloop
  endfacet
  facet normal -0.887013 0.461744 0
    outer loop
      vertex -4.33013 2.5 4
      vertex -4.53154 2.11309 0
      vertex -4.53154 2.11309 4
    endloop
  endfacet
  facet normal -0.793355 0.60876 0
    outer loop
      vertex -4.09576 2.86788 0
      vertex -3.83022 3.21394 4
      vertex -3.83022 3.21394 0
    endloop
  endfacet
  facet normal -0.793355 0.60876 0
    outer loop
      vertex -3.83022 3.21394 4
      vertex -4.09576 2.86788 0
      vertex -4.09576 2.86788 4
    endloop
  endfacet
  facet normal 0.99144 0.130561 0
    outer loop
      vertex 1.99239 0.174311 21
      vertex 1.96961 0.347296 4
      vertex 1.96961 0.347296 21
    endloop
  endfacet
  facet normal 0.99144 0.130561 0
    outer loop
      vertex 1.96961 0.347296 4
      vertex 1.99239 0.174311 21
      vertex 1.99239 0.174311 4
    endloop
  endfacet
  facet normal 0.999048 0.0436161 0
    outer loop
      vertex 2 0 21
      vertex 1.99239 0.174311 4
      vertex 1.99239 0.174311 21
    endloop
  endfacet
  facet normal 0.999048 0.0436161 0
    outer loop
      vertex 1.99239 0.174311 4
      vertex 2 0 21
      vertex 2 0 4
    endloop
  endfacet
  facet normal 0.9763 0.216419 0
    outer loop
      vertex 1.96961 0.347296 21
      vertex 1.93185 0.517637 4
      vertex 1.93185 0.517637 21
    endloop
  endfacet
  facet normal 0.9763 0.216419 0
    outer loop
      vertex 1.93185 0.517637 4
      vertex 1.96961 0.347296 21
      vertex 1.96961 0.347296 4
    endloop
  endfacet
  facet normal 0.608749 0.793363 -0
    outer loop
      vertex 1.28557 1.53209 4
      vertex 1.14715 1.6383 21
      vertex 1.28557 1.53209 21
    endloop
  endfacet
  facet normal 0.608749 0.793363 0
    outer loop
      vertex 1.14715 1.6383 21
      vertex 1.28557 1.53209 4
      vertex 1.14715 1.6383 4
    endloop
  endfacet
  facet normal -0.793363 -0.608749 0
    outer loop
      vertex -1.53209 -1.28557 4
      vertex -1.6383 -1.14715 21
      vertex -1.6383 -1.14715 4
    endloop
  endfacet
  facet normal -0.793363 -0.608749 0
    outer loop
      vertex -1.6383 -1.14715 21
      vertex -1.53209 -1.28557 4
      vertex -1.53209 -1.28557 21
    endloop
  endfacet
  facet normal -0.130561 -0.99144 0
    outer loop
      vertex -0.347296 -1.96961 4
      vertex -0.174311 -1.99239 21
      vertex -0.347296 -1.96961 21
    endloop
  endfacet
  facet normal -0.130561 -0.99144 -0
    outer loop
      vertex -0.174311 -1.99239 21
      vertex -0.347296 -1.96961 4
      vertex -0.174311 -1.99239 4
    endloop
  endfacet
  facet normal 0.737268 0.6756 0
    outer loop
      vertex 1.53209 1.28557 21
      vertex 1.41421 1.41421 4
      vertex 1.41421 1.41421 21
    endloop
  endfacet
  facet normal 0.737268 0.6756 0
    outer loop
      vertex 1.41421 1.41421 4
      vertex 1.53209 1.28557 21
      vertex 1.53209 1.28557 4
    endloop
  endfacet
  facet normal 0.300723 0.953711 -0
    outer loop
      vertex 0.68404 1.87938 4
      vertex 0.517637 1.93185 21
      vertex 0.68404 1.87938 21
    endloop
  endfacet
  facet normal 0.300723 0.953711 0
    outer loop
      vertex 0.517637 1.93185 21
      vertex 0.68404 1.87938 4
      vertex 0.517637 1.93185 4
    endloop
  endfacet
  facet normal -0.9763 0.216419 0
    outer loop
      vertex -1.96961 0.347296 4
      vertex -1.93185 0.517637 21
      vertex -1.93185 0.517637 4
    endloop
  endfacet
  facet normal -0.9763 0.216419 0
    outer loop
      vertex -1.93185 0.517637 21
      vertex -1.96961 0.347296 4
      vertex -1.96961 0.347296 21
    endloop
  endfacet
  facet normal -0.53732 0.843378 0
    outer loop
      vertex -1 1.73205 4
      vertex -1.14715 1.6383 21
      vertex -1 1.73205 21
    endloop
  endfacet
  facet normal -0.53732 0.843378 0
    outer loop
      vertex -1.14715 1.6383 21
      vertex -1 1.73205 4
      vertex -1.14715 1.6383 4
    endloop
  endfacet
  facet normal -0.216419 0.9763 0
    outer loop
      vertex -0.347296 1.96961 4
      vertex -0.517637 1.93185 21
      vertex -0.347296 1.96961 21
    endloop
  endfacet
  facet normal -0.216419 0.9763 0
    outer loop
      vertex -0.517637 1.93185 21
      vertex -0.347296 1.96961 4
      vertex -0.517637 1.93185 4
    endloop
  endfacet
  facet normal 0.130561 -0.99144 0
    outer loop
      vertex 0.174311 -1.99239 4
      vertex 0.347296 -1.96961 21
      vertex 0.174311 -1.99239 21
    endloop
  endfacet
  facet normal 0.130561 -0.99144 0
    outer loop
      vertex 0.347296 -1.96961 21
      vertex 0.174311 -1.99239 4
      vertex 0.347296 -1.96961 4
    endloop
  endfacet
  facet normal 0.999048 -0.0436161 0
    outer loop
      vertex 1.99239 -0.174311 21
      vertex 2 0 4
      vertex 2 0 21
    endloop
  endfacet
  facet normal 0.999048 -0.0436161 0
    outer loop
      vertex 2 0 4
      vertex 1.99239 -0.174311 21
      vertex 1.99239 -0.174311 4
    endloop
  endfacet
  facet normal 0.843378 -0.53732 0
    outer loop
      vertex 1.6383 -1.14715 21
      vertex 1.73205 -1 4
      vertex 1.73205 -1 21
    endloop
  endfacet
  facet normal 0.843378 -0.53732 0
    outer loop
      vertex 1.73205 -1 4
      vertex 1.6383 -1.14715 21
      vertex 1.6383 -1.14715 4
    endloop
  endfacet
  facet normal 0.608749 -0.793363 0
    outer loop
      vertex 1.14715 -1.6383 4
      vertex 1.28557 -1.53209 21
      vertex 1.14715 -1.6383 21
    endloop
  endfacet
  facet normal 0.608749 -0.793363 0
    outer loop
      vertex 1.28557 -1.53209 21
      vertex 1.14715 -1.6383 4
      vertex 1.28557 -1.53209 4
    endloop
  endfacet
  facet normal 0.6756 0.737268 -0
    outer loop
      vertex 1.41421 1.41421 4
      vertex 1.28557 1.53209 21
      vertex 1.41421 1.41421 21
    endloop
  endfacet
  facet normal 0.6756 0.737268 0
    outer loop
      vertex 1.28557 1.53209 21
      vertex 1.41421 1.41421 4
      vertex 1.28557 1.53209 4
    endloop
  endfacet
  facet normal -0.608749 0.793363 0
    outer loop
      vertex -1.14715 1.6383 4
      vertex -1.28557 1.53209 21
      vertex -1.14715 1.6383 21
    endloop
  endfacet
  facet normal -0.608749 0.793363 0
    outer loop
      vertex -1.28557 1.53209 21
      vertex -1.14715 1.6383 4
      vertex -1.28557 1.53209 4
    endloop
  endfacet
  facet normal -0.953711 -0.300723 0
    outer loop
      vertex -1.87938 -0.68404 4
      vertex -1.93185 -0.517637 21
      vertex -1.93185 -0.517637 4
    endloop
  endfacet
  facet normal -0.953711 -0.300723 0
    outer loop
      vertex -1.93185 -0.517637 21
      vertex -1.87938 -0.68404 4
      vertex -1.87938 -0.68404 21
    endloop
  endfacet
  facet normal 0.737268 -0.6756 0
    outer loop
      vertex 1.41421 -1.41421 21
      vertex 1.53209 -1.28557 4
      vertex 1.53209 -1.28557 21
    endloop
  endfacet
  facet normal 0.737268 -0.6756 0
    outer loop
      vertex 1.53209 -1.28557 4
      vertex 1.41421 -1.41421 21
      vertex 1.41421 -1.41421 4
    endloop
  endfacet
  facet normal 0.843378 0.53732 0
    outer loop
      vertex 1.73205 1 21
      vertex 1.6383 1.14715 4
      vertex 1.6383 1.14715 21
    endloop
  endfacet
  facet normal 0.843378 0.53732 0
    outer loop
      vertex 1.6383 1.14715 4
      vertex 1.73205 1 21
      vertex 1.73205 1 4
    endloop
  endfacet
  facet normal -0.843378 -0.53732 0
    outer loop
      vertex -1.6383 -1.14715 4
      vertex -1.73205 -1 21
      vertex -1.73205 -1 4
    endloop
  endfacet
  facet normal -0.843378 -0.53732 0
    outer loop
      vertex -1.73205 -1 21
      vertex -1.6383 -1.14715 4
      vertex -1.6383 -1.14715 21
    endloop
  endfacet
  facet normal 0.9763 -0.216419 0
    outer loop
      vertex 1.93185 -0.517637 21
      vertex 1.96961 -0.347296 4
      vertex 1.96961 -0.347296 21
    endloop
  endfacet
  facet normal 0.9763 -0.216419 0
    outer loop
      vertex 1.96961 -0.347296 4
      vertex 1.93185 -0.517637 21
      vertex 1.93185 -0.517637 4
    endloop
  endfacet
  facet normal -0.737268 0.6756 0
    outer loop
      vertex -1.53209 1.28557 4
      vertex -1.41421 1.41421 21
      vertex -1.41421 1.41421 4
    endloop
  endfacet
  facet normal -0.737268 0.6756 0
    outer loop
      vertex -1.41421 1.41421 21
      vertex -1.53209 1.28557 4
      vertex -1.53209 1.28557 21
    endloop
  endfacet
  facet normal -0.999048 0.0436161 0
    outer loop
      vertex -2 0 4
      vertex -1.99239 0.174311 21
      vertex -1.99239 0.174311 4
    endloop
  endfacet
  facet normal -0.999048 0.0436161 0
    outer loop
      vertex -1.99239 0.174311 21
      vertex -2 0 4
      vertex -2 0 21
    endloop
  endfacet
  facet normal 0.461771 0.886999 -0
    outer loop
      vertex 1 1.73205 4
      vertex 0.845236 1.81262 21
      vertex 1 1.73205 21
    endloop
  endfacet
  facet normal 0.461771 0.886999 0
    outer loop
      vertex 0.845236 1.81262 21
      vertex 1 1.73205 4
      vertex 0.845236 1.81262 4
    endloop
  endfacet
  facet normal -0.382637 0.923899 0
    outer loop
      vertex -0.68404 1.87938 4
      vertex -0.845236 1.81262 21
      vertex -0.68404 1.87938 21
    endloop
  endfacet
  facet normal -0.382637 0.923899 0
    outer loop
      vertex -0.845236 1.81262 21
      vertex -0.68404 1.87938 4
      vertex -0.845236 1.81262 4
    endloop
  endfacet
  facet normal -0.53732 -0.843378 0
    outer loop
      vertex -1.14715 -1.6383 4
      vertex -1 -1.73205 21
      vertex -1.14715 -1.6383 21
    endloop
  endfacet
  facet normal -0.53732 -0.843378 -0
    outer loop
      vertex -1 -1.73205 21
      vertex -1.14715 -1.6383 4
      vertex -1 -1.73205 4
    endloop
  endfacet
  facet normal 0.953711 0.300723 0
    outer loop
      vertex 1.93185 0.517637 21
      vertex 1.87938 0.68404 4
      vertex 1.87938 0.68404 21
    endloop
  endfacet
  facet normal 0.953711 0.300723 0
    outer loop
      vertex 1.87938 0.68404 4
      vertex 1.93185 0.517637 21
      vertex 1.93185 0.517637 4
    endloop
  endfacet
  facet normal 0.923899 -0.382637 0
    outer loop
      vertex 1.81262 -0.845236 21
      vertex 1.87938 -0.68404 4
      vertex 1.87938 -0.68404 21
    endloop
  endfacet
  facet normal 0.923899 -0.382637 0
    outer loop
      vertex 1.87938 -0.68404 4
      vertex 1.81262 -0.845236 21
      vertex 1.81262 -0.845236 4
    endloop
  endfacet
  facet normal 0.382637 0.923899 -0
    outer loop
      vertex 0.845236 1.81262 4
      vertex 0.68404 1.87938 21
      vertex 0.845236 1.81262 21
    endloop
  endfacet
  facet normal 0.382637 0.923899 0
    outer loop
      vertex 0.68404 1.87938 21
      vertex 0.845236 1.81262 4
      vertex 0.68404 1.87938 4
    endloop
  endfacet
  facet normal 0.216419 0.9763 -0
    outer loop
      vertex 0.517637 1.93185 4
      vertex 0.347296 1.96961 21
      vertex 0.517637 1.93185 21
    endloop
  endfacet
  facet normal 0.216419 0.9763 0
    outer loop
      vertex 0.347296 1.96961 21
      vertex 0.517637 1.93185 4
      vertex 0.347296 1.96961 4
    endloop
  endfacet
  facet normal -0.382637 -0.923899 0
    outer loop
      vertex -0.845236 -1.81262 4
      vertex -0.68404 -1.87938 21
      vertex -0.845236 -1.81262 21
    endloop
  endfacet
  facet normal -0.382637 -0.923899 -0
    outer loop
      vertex -0.68404 -1.87938 21
      vertex -0.845236 -1.81262 4
      vertex -0.68404 -1.87938 4
    endloop
  endfacet
  facet normal 0.793363 -0.608749 0
    outer loop
      vertex 1.53209 -1.28557 21
      vertex 1.6383 -1.14715 4
      vertex 1.6383 -1.14715 21
    endloop
  endfacet
  facet normal 0.793363 -0.608749 0
    outer loop
      vertex 1.6383 -1.14715 4
      vertex 1.53209 -1.28557 21
      vertex 1.53209 -1.28557 4
    endloop
  endfacet
  facet normal 0.461771 -0.886999 0
    outer loop
      vertex 0.845236 -1.81262 4
      vertex 1 -1.73205 21
      vertex 0.845236 -1.81262 21
    endloop
  endfacet
  facet normal 0.461771 -0.886999 0
    outer loop
      vertex 1 -1.73205 21
      vertex 0.845236 -1.81262 4
      vertex 1 -1.73205 4
    endloop
  endfacet
  facet normal 0.0436161 0.999048 -0
    outer loop
      vertex 0.174311 1.99239 4
      vertex 0 2 21
      vertex 0.174311 1.99239 21
    endloop
  endfacet
  facet normal 0.0436161 0.999048 0
    outer loop
      vertex 0 2 21
      vertex 0.174311 1.99239 4
      vertex 0 2 4
    endloop
  endfacet
  facet normal -0.886999 -0.461771 0
    outer loop
      vertex -1.73205 -1 4
      vertex -1.81262 -0.845236 21
      vertex -1.81262 -0.845236 4
    endloop
  endfacet
  facet normal -0.886999 -0.461771 0
    outer loop
      vertex -1.81262 -0.845236 21
      vertex -1.73205 -1 4
      vertex -1.73205 -1 21
    endloop
  endfacet
  facet normal -0.737268 -0.6756 0
    outer loop
      vertex -1.41421 -1.41421 4
      vertex -1.53209 -1.28557 21
      vertex -1.53209 -1.28557 4
    endloop
  endfacet
  facet normal -0.737268 -0.6756 0
    outer loop
      vertex -1.53209 -1.28557 21
      vertex -1.41421 -1.41421 4
      vertex -1.41421 -1.41421 21
    endloop
  endfacet
  facet normal 0.382637 -0.923899 0
    outer loop
      vertex 0.68404 -1.87938 4
      vertex 0.845236 -1.81262 21
      vertex 0.68404 -1.87938 21
    endloop
  endfacet
  facet normal 0.382637 -0.923899 0
    outer loop
      vertex 0.845236 -1.81262 21
      vertex 0.68404 -1.87938 4
      vertex 0.845236 -1.81262 4
    endloop
  endfacet
  facet normal -0.6756 -0.737268 0
    outer loop
      vertex -1.41421 -1.41421 4
      vertex -1.28557 -1.53209 21
      vertex -1.41421 -1.41421 21
    endloop
  endfacet
  facet normal -0.6756 -0.737268 -0
    outer loop
      vertex -1.28557 -1.53209 21
      vertex -1.41421 -1.41421 4
      vertex -1.28557 -1.53209 4
    endloop
  endfacet
  facet normal 0.0436161 -0.999048 0
    outer loop
      vertex 0 -2 4
      vertex 0.174311 -1.99239 21
      vertex 0 -2 21
    endloop
  endfacet
  facet normal 0.0436161 -0.999048 0
    outer loop
      vertex 0.174311 -1.99239 21
      vertex 0 -2 4
      vertex 0.174311 -1.99239 4
    endloop
  endfacet
  facet normal 0.953711 -0.300723 0
    outer loop
      vertex 1.87938 -0.68404 21
      vertex 1.93185 -0.517637 4
      vertex 1.93185 -0.517637 21
    endloop
  endfacet
  facet normal 0.953711 -0.300723 0
    outer loop
      vertex 1.93185 -0.517637 4
      vertex 1.87938 -0.68404 21
      vertex 1.87938 -0.68404 4
    endloop
  endfacet
  facet normal -0.608749 -0.793363 0
    outer loop
      vertex -1.28557 -1.53209 4
      vertex -1.14715 -1.6383 21
      vertex -1.28557 -1.53209 21
    endloop
  endfacet
  facet normal -0.608749 -0.793363 -0
    outer loop
      vertex -1.14715 -1.6383 21
      vertex -1.28557 -1.53209 4
      vertex -1.14715 -1.6383 4
    endloop
  endfacet
  facet normal 0.53732 0.843378 -0
    outer loop
      vertex 1.14715 1.6383 4
      vertex 1 1.73205 21
      vertex 1.14715 1.6383 21
    endloop
  endfacet
  facet normal 0.53732 0.843378 0
    outer loop
      vertex 1 1.73205 21
      vertex 1.14715 1.6383 4
      vertex 1 1.73205 4
    endloop
  endfacet
  facet normal -0.130561 0.99144 0
    outer loop
      vertex -0.174311 1.99239 4
      vertex -0.347296 1.96961 21
      vertex -0.174311 1.99239 21
    endloop
  endfacet
  facet normal -0.130561 0.99144 0
    outer loop
      vertex -0.347296 1.96961 21
      vertex -0.174311 1.99239 4
      vertex -0.347296 1.96961 4
    endloop
  endfacet
  facet normal 0.99144 -0.130561 0
    outer loop
      vertex 1.96961 -0.347296 21
      vertex 1.99239 -0.174311 4
      vertex 1.99239 -0.174311 21
    endloop
  endfacet
  facet normal 0.99144 -0.130561 0
    outer loop
      vertex 1.99239 -0.174311 4
      vertex 1.96961 -0.347296 21
      vertex 1.96961 -0.347296 4
    endloop
  endfacet
  facet normal -0.9763 -0.216419 0
    outer loop
      vertex -1.93185 -0.517637 4
      vertex -1.96961 -0.347296 21
      vertex -1.96961 -0.347296 4
    endloop
  endfacet
  facet normal -0.9763 -0.216419 0
    outer loop
      vertex -1.96961 -0.347296 21
      vertex -1.93185 -0.517637 4
      vertex -1.93185 -0.517637 21
    endloop
  endfacet
  facet normal 0.923899 0.382637 0
    outer loop
      vertex 1.87938 0.68404 21
      vertex 1.81262 0.845236 4
      vertex 1.81262 0.845236 21
    endloop
  endfacet
  facet normal 0.923899 0.382637 0
    outer loop
      vertex 1.81262 0.845236 4
      vertex 1.87938 0.68404 21
      vertex 1.87938 0.68404 4
    endloop
  endfacet
  facet normal 0.130561 0.99144 -0
    outer loop
      vertex 0.347296 1.96961 4
      vertex 0.174311 1.99239 21
      vertex 0.347296 1.96961 21
    endloop
  endfacet
  facet normal 0.130561 0.99144 0
    outer loop
      vertex 0.174311 1.99239 21
      vertex 0.347296 1.96961 4
      vertex 0.174311 1.99239 4
    endloop
  endfacet
  facet normal 0.886999 0.461771 0
    outer loop
      vertex 1.81262 0.845236 21
      vertex 1.73205 1 4
      vertex 1.73205 1 21
    endloop
  endfacet
  facet normal 0.886999 0.461771 0
    outer loop
      vertex 1.73205 1 4
      vertex 1.81262 0.845236 21
      vertex 1.81262 0.845236 4
    endloop
  endfacet
  facet normal -0.461771 -0.886999 0
    outer loop
      vertex -1 -1.73205 4
      vertex -0.845236 -1.81262 21
      vertex -1 -1.73205 21
    endloop
  endfacet
  facet normal -0.461771 -0.886999 -0
    outer loop
      vertex -0.845236 -1.81262 21
      vertex -1 -1.73205 4
      vertex -0.845236 -1.81262 4
    endloop
  endfacet
  facet normal -0.6756 0.737268 0
    outer loop
      vertex -1.28557 1.53209 4
      vertex -1.41421 1.41421 21
      vertex -1.28557 1.53209 21
    endloop
  endfacet
  facet normal -0.6756 0.737268 0
    outer loop
      vertex -1.41421 1.41421 21
      vertex -1.28557 1.53209 4
      vertex -1.41421 1.41421 4
    endloop
  endfacet
  facet normal -0.300723 0.953711 0
    outer loop
      vertex -0.517637 1.93185 4
      vertex -0.68404 1.87938 21
      vertex -0.517637 1.93185 21
    endloop
  endfacet
  facet normal -0.300723 0.953711 0
    outer loop
      vertex -0.68404 1.87938 21
      vertex -0.517637 1.93185 4
      vertex -0.68404 1.87938 4
    endloop
  endfacet
  facet normal -0.843378 0.53732 0
    outer loop
      vertex -1.73205 1 4
      vertex -1.6383 1.14715 21
      vertex -1.6383 1.14715 4
    endloop
  endfacet
  facet normal -0.843378 0.53732 0
    outer loop
      vertex -1.6383 1.14715 21
      vertex -1.73205 1 4
      vertex -1.73205 1 21
    endloop
  endfacet
  facet normal -0.999048 -0.0436161 0
    outer loop
      vertex -1.99239 -0.174311 4
      vertex -2 0 21
      vertex -2 0 4
    endloop
  endfacet
  facet normal -0.999048 -0.0436161 0
    outer loop
      vertex -2 0 21
      vertex -1.99239 -0.174311 4
      vertex -1.99239 -0.174311 21
    endloop
  endfacet
  facet normal -0.216419 -0.9763 0
    outer loop
      vertex -0.517637 -1.93185 4
      vertex -0.347296 -1.96961 21
      vertex -0.517637 -1.93185 21
    endloop
  endfacet
  facet normal -0.216419 -0.9763 -0
    outer loop
      vertex -0.347296 -1.96961 21
      vertex -0.517637 -1.93185 4
      vertex -0.347296 -1.96961 4
    endloop
  endfacet
  facet normal -0.0436161 0.999048 0
    outer loop
      vertex 0 2 4
      vertex -0.174311 1.99239 21
      vertex 0 2 21
    endloop
  endfacet
  facet normal -0.0436161 0.999048 0
    outer loop
      vertex -0.174311 1.99239 21
      vertex 0 2 4
      vertex -0.174311 1.99239 4
    endloop
  endfacet
  facet normal 0.300723 -0.953711 0
    outer loop
      vertex 0.517637 -1.93185 4
      vertex 0.68404 -1.87938 21
      vertex 0.517637 -1.93185 21
    endloop
  endfacet
  facet normal 0.300723 -0.953711 0
    outer loop
      vertex 0.68404 -1.87938 21
      vertex 0.517637 -1.93185 4
      vertex 0.68404 -1.87938 4
    endloop
  endfacet
  facet normal 0.216419 -0.9763 0
    outer loop
      vertex 0.347296 -1.96961 4
      vertex 0.517637 -1.93185 21
      vertex 0.347296 -1.96961 21
    endloop
  endfacet
  facet normal 0.216419 -0.9763 0
    outer loop
      vertex 0.517637 -1.93185 21
      vertex 0.347296 -1.96961 4
      vertex 0.517637 -1.93185 4
    endloop
  endfacet
  facet normal -0.953711 0.300723 0
    outer loop
      vertex -1.93185 0.517637 4
      vertex -1.87938 0.68404 21
      vertex -1.87938 0.68404 4
    endloop
  endfacet
  facet normal -0.953711 0.300723 0
    outer loop
      vertex -1.87938 0.68404 21
      vertex -1.93185 0.517637 4
      vertex -1.93185 0.517637 21
    endloop
  endfacet
  facet normal -0.461771 0.886999 0
    outer loop
      vertex -0.845236 1.81262 4
      vertex -1 1.73205 21
      vertex -0.845236 1.81262 21
    endloop
  endfacet
  facet normal -0.461771 0.886999 0
    outer loop
      vertex -1 1.73205 21
      vertex -0.845236 1.81262 4
      vertex -1 1.73205 4
    endloop
  endfacet
  facet normal -0.99144 -0.130561 0
    outer loop
      vertex -1.96961 -0.347296 4
      vertex -1.99239 -0.174311 21
      vertex -1.99239 -0.174311 4
    endloop
  endfacet
  facet normal -0.99144 -0.130561 0
    outer loop
      vertex -1.99239 -0.174311 21
      vertex -1.96961 -0.347296 4
      vertex -1.96961 -0.347296 21
    endloop
  endfacet
  facet normal -0.0436161 -0.999048 0
    outer loop
      vertex -0.174311 -1.99239 4
      vertex 0 -2 21
      vertex -0.174311 -1.99239 21
    endloop
  endfacet
  facet normal -0.0436161 -0.999048 -0
    outer loop
      vertex 0 -2 21
      vertex -0.174311 -1.99239 4
      vertex 0 -2 4
    endloop
  endfacet
  facet normal 0.886999 -0.461771 0
    outer loop
      vertex 1.73205 -1 21
      vertex 1.81262 -0.845236 4
      vertex 1.81262 -0.845236 21
    endloop
  endfacet
  facet normal 0.886999 -0.461771 0
    outer loop
      vertex 1.81262 -0.845236 4
      vertex 1.73205 -1 21
      vertex 1.73205 -1 4
    endloop
  endfacet
  facet normal 0.793363 0.608749 0
    outer loop
      vertex 1.6383 1.14715 21
      vertex 1.53209 1.28557 4
      vertex 1.53209 1.28557 21
    endloop
  endfacet
  facet normal 0.793363 0.608749 0
    outer loop
      vertex 1.53209 1.28557 4
      vertex 1.6383 1.14715 21
      vertex 1.6383 1.14715 4
    endloop
  endfacet
  facet normal 0.53732 -0.843378 0
    outer loop
      vertex 1 -1.73205 4
      vertex 1.14715 -1.6383 21
      vertex 1 -1.73205 21
    endloop
  endfacet
  facet normal 0.53732 -0.843378 0
    outer loop
      vertex 1.14715 -1.6383 21
      vertex 1 -1.73205 4
      vertex 1.14715 -1.6383 4
    endloop
  endfacet
  facet normal -0.923899 -0.382637 0
    outer loop
      vertex -1.81262 -0.845236 4
      vertex -1.87938 -0.68404 21
      vertex -1.87938 -0.68404 4
    endloop
  endfacet
  facet normal -0.923899 -0.382637 0
    outer loop
      vertex -1.87938 -0.68404 21
      vertex -1.81262 -0.845236 4
      vertex -1.81262 -0.845236 21
    endloop
  endfacet
  facet normal -0.99144 0.130561 0
    outer loop
      vertex -1.99239 0.174311 4
      vertex -1.96961 0.347296 21
      vertex -1.96961 0.347296 4
    endloop
  endfacet
  facet normal -0.99144 0.130561 0
    outer loop
      vertex -1.96961 0.347296 21
      vertex -1.99239 0.174311 4
      vertex -1.99239 0.174311 21
    endloop
  endfacet
  facet normal -0.300723 -0.953711 0
    outer loop
      vertex -0.68404 -1.87938 4
      vertex -0.517637 -1.93185 21
      vertex -0.68404 -1.87938 21
    endloop
  endfacet
  facet normal -0.300723 -0.953711 -0
    outer loop
      vertex -0.517637 -1.93185 21
      vertex -0.68404 -1.87938 4
      vertex -0.517637 -1.93185 4
    endloop
  endfacet
  facet normal -0.923899 0.382637 0
    outer loop
      vertex -1.87938 0.68404 4
      vertex -1.81262 0.845236 21
      vertex -1.81262 0.845236 4
    endloop
  endfacet
  facet normal -0.923899 0.382637 0
    outer loop
      vertex -1.81262 0.845236 21
      vertex -1.87938 0.68404 4
      vertex -1.87938 0.68404 21
    endloop
  endfacet
  facet normal 0.6756 -0.737268 0
    outer loop
      vertex 1.28557 -1.53209 4
      vertex 1.41421 -1.41421 21
      vertex 1.28557 -1.53209 21
    endloop
  endfacet
  facet normal 0.6756 -0.737268 0
    outer loop
      vertex 1.41421 -1.41421 21
      vertex 1.28557 -1.53209 4
      vertex 1.41421 -1.41421 4
    endloop
  endfacet
  facet normal -0.886999 0.461771 0
    outer loop
      vertex -1.81262 0.845236 4
      vertex -1.73205 1 21
      vertex -1.73205 1 4
    endloop
  endfacet
  facet normal -0.886999 0.461771 0
    outer loop
      vertex -1.73205 1 21
      vertex -1.81262 0.845236 4
      vertex -1.81262 0.845236 21
    endloop
  endfacet
  facet normal -0.793363 0.608749 0
    outer loop
      vertex -1.6383 1.14715 4
      vertex -1.53209 1.28557 21
      vertex -1.53209 1.28557 4
    endloop
  endfacet
  facet normal -0.793363 0.608749 0
    outer loop
      vertex -1.53209 1.28557 21
      vertex -1.6383 1.14715 4
      vertex -1.6383 1.14715 21
    endloop
  endfacet
  facet normal 0.800069 -0.177354 0.573093
    outer loop
      vertex 1.96961 -0.347296 21
      vertex 1.28025 -0.225742 22
      vertex 1.93185 -0.517637 21
    endloop
  endfacet
  facet normal 0.818708 0.0357682 0.573095
    outer loop
      vertex 2 0 21
      vertex 1.29505 0.113302 22
      vertex 1.3 0 22
    endloop
  endfacet
  facet normal 0.818707 0.0357428 0.573098
    outer loop
      vertex 1.99239 0.174311 21
      vertex 1.29505 0.113302 22
      vertex 2 0 21
    endloop
  endfacet
  facet normal -0.106944 -0.812483 0.573092
    outer loop
      vertex -0.225742 -1.28025 22
      vertex -0.347296 -1.96961 21
      vertex -0.113302 -1.29505 22
    endloop
  endfacet
  facet normal -0.498886 0.650135 0.573095
    outer loop
      vertex -0.745649 1.0649 22
      vertex -1.28557 1.53209 21
      vertex -0.835624 0.995857 22
    endloop
  endfacet
  facet normal 0.75711 -0.313605 0.573093
    outer loop
      vertex 1.2216 -0.444626 22
      vertex 1.1782 -0.549403 22
      vertex 1.87938 -0.68404 21
    endloop
  endfacet
  facet normal 0.604184 0.553647 0.573094
    outer loop
      vertex 1.41421 1.41421 21
      vertex 0.995857 0.835624 22
      vertex 1.53209 1.28557 21
    endloop
  endfacet
  facet normal 0.691141 0.440329 0.573093
    outer loop
      vertex 1.6383 1.14715 21
      vertex 1.0649 0.745649 22
      vertex 1.73205 1 21
    endloop
  endfacet
  facet normal -0.106993 0.812473 0.573097
    outer loop
      vertex -0.174311 1.99239 21
      vertex -0.347296 1.96961 21
      vertex -0.113302 1.29505 22
    endloop
  endfacet
  facet normal 0.0357428 -0.818707 0.573098
    outer loop
      vertex 0.113302 -1.29505 22
      vertex 0 -2 21
      vertex 0.174311 -1.99239 21
    endloop
  endfacet
  facet normal 0.553647 -0.604184 0.573094
    outer loop
      vertex 1.41421 -1.41421 21
      vertex 0.835624 -0.995857 22
      vertex 1.28557 -1.53209 21
    endloop
  endfacet
  facet normal 0.313605 0.75711 0.573093
    outer loop
      vertex 0.68404 1.87938 21
      vertex 0.444626 1.2216 22
      vertex 0.549403 1.1782 22
    endloop
  endfacet
  facet normal -0.726886 0.378411 0.573098
    outer loop
      vertex -1.12583 0.65 22
      vertex -1.81262 0.845236 21
      vertex -1.1782 0.549403 22
    endloop
  endfacet
  facet normal 0.726885 -0.378415 0.573097
    outer loop
      vertex 1.81262 -0.845236 21
      vertex 1.12583 -0.65 22
      vertex 1.73205 -1 21
    endloop
  endfacet
  facet normal 0.800057 0.177394 0.573097
    outer loop
      vertex 1.93185 0.517637 21
      vertex 1.2557 0.336464 22
      vertex 1.28025 0.225742 22
    endloop
  endfacet
  facet normal -0.812473 -0.106993 0.573097
    outer loop
      vertex -1.29505 -0.113302 22
      vertex -1.99239 -0.174311 21
      vertex -1.96961 -0.347296 21
    endloop
  endfacet
  facet normal -0.75711 0.313605 0.573093
    outer loop
      vertex -1.1782 0.549403 22
      vertex -1.87938 0.68404 21
      vertex -1.2216 0.444626 22
    endloop
  endfacet
  facet normal 0.650135 0.498886 0.573095
    outer loop
      vertex 1.53209 1.28557 21
      vertex 0.995857 0.835624 22
      vertex 1.0649 0.745649 22
    endloop
  endfacet
  facet normal -0.498864 0.650153 0.573092
    outer loop
      vertex -1.14715 1.6383 21
      vertex -1.28557 1.53209 21
      vertex -0.745649 1.0649 22
    endloop
  endfacet
  facet normal -0.177354 -0.800069 0.573093
    outer loop
      vertex -0.225742 -1.28025 22
      vertex -0.517637 -1.93185 21
      vertex -0.347296 -1.96961 21
    endloop
  endfacet
  facet normal 0.313566 -0.757123 0.573097
    outer loop
      vertex 0.845236 -1.81262 21
      vertex 0.549403 -1.1782 22
      vertex 0.68404 -1.87938 21
    endloop
  endfacet
  facet normal -0.313605 -0.75711 0.573093
    outer loop
      vertex -0.549403 -1.1782 22
      vertex -0.68404 -1.87938 21
      vertex -0.444626 -1.2216 22
    endloop
  endfacet
  facet normal 0.553643 0.604188 0.573094
    outer loop
      vertex 1.41421 1.41421 21
      vertex 0.835624 0.995857 22
      vertex 0.919238 0.919238 22
    endloop
  endfacet
  facet normal 0.650153 0.498864 0.573092
    outer loop
      vertex 1.53209 1.28557 21
      vertex 1.0649 0.745649 22
      vertex 1.6383 1.14715 21
    endloop
  endfacet
  facet normal 0.757123 0.313566 0.573097
    outer loop
      vertex 1.81262 0.845236 21
      vertex 1.1782 0.549403 22
      vertex 1.87938 0.68404 21
    endloop
  endfacet
  facet normal 0.726886 0.378411 0.573098
    outer loop
      vertex 1.81262 0.845236 21
      vertex 1.12583 0.65 22
      vertex 1.1782 0.549403 22
    endloop
  endfacet
  facet normal 0.781555 0.246439 0.573097
    outer loop
      vertex 1.87938 0.68404 21
      vertex 1.2557 0.336464 22
      vertex 1.93185 0.517637 21
    endloop
  endfacet
  facet normal 0.726886 -0.378411 0.573098
    outer loop
      vertex 1.1782 -0.549403 22
      vertex 1.12583 -0.65 22
      vertex 1.81262 -0.845236 21
    endloop
  endfacet
  facet normal 0.553647 0.604184 0.573094
    outer loop
      vertex 1.28557 1.53209 21
      vertex 0.835624 0.995857 22
      vertex 1.41421 1.41421 21
    endloop
  endfacet
  facet normal -0.650135 0.498886 0.573095
    outer loop
      vertex -0.995857 0.835624 22
      vertex -1.53209 1.28557 21
      vertex -1.0649 0.745649 22
    endloop
  endfacet
  facet normal 0.0357428 0.818707 0.573098
    outer loop
      vertex 0.174311 1.99239 21
      vertex 0 2 21
      vertex 0.113302 1.29505 22
    endloop
  endfacet
  facet normal 0.800069 0.177354 0.573093
    outer loop
      vertex 1.93185 0.517637 21
      vertex 1.28025 0.225742 22
      vertex 1.96961 0.347296 21
    endloop
  endfacet
  facet normal -0.812473 0.106993 0.573097
    outer loop
      vertex -1.96961 0.347296 21
      vertex -1.99239 0.174311 21
      vertex -1.29505 0.113302 22
    endloop
  endfacet
  facet normal 0.498886 -0.650135 0.573095
    outer loop
      vertex 0.835624 -0.995857 22
      vertex 0.745649 -1.0649 22
      vertex 1.28557 -1.53209 21
    endloop
  endfacet
  facet normal -0.726885 0.378415 0.573097
    outer loop
      vertex -1.73205 1 21
      vertex -1.81262 0.845236 21
      vertex -1.12583 0.65 22
    endloop
  endfacet
  facet normal -0.604184 0.553647 0.573094
    outer loop
      vertex -1.41421 1.41421 21
      vertex -1.53209 1.28557 21
      vertex -0.995857 0.835624 22
    endloop
  endfacet
  facet normal 0.177394 -0.800057 0.573097
    outer loop
      vertex 0.336464 -1.2557 22
      vertex 0.225742 -1.28025 22
      vertex 0.517637 -1.93185 21
    endloop
  endfacet
  facet normal -0.313566 -0.757123 0.573097
    outer loop
      vertex -0.549403 -1.1782 22
      vertex -0.845236 -1.81262 21
      vertex -0.68404 -1.87938 21
    endloop
  endfacet
  facet normal 0.0357682 0.818708 0.573095
    outer loop
      vertex 0 2 21
      vertex 0 1.3 22
      vertex 0.113302 1.29505 22
    endloop
  endfacet
  facet normal 0.106944 -0.812483 0.573092
    outer loop
      vertex 0.225742 -1.28025 22
      vertex 0.113302 -1.29505 22
      vertex 0.347296 -1.96961 21
    endloop
  endfacet
  facet normal 0.498864 0.650153 0.573092
    outer loop
      vertex 1.14715 1.6383 21
      vertex 0.745649 1.0649 22
      vertex 1.28557 1.53209 21
    endloop
  endfacet
  facet normal -0.812483 0.106944 0.573092
    outer loop
      vertex -1.28025 0.225742 22
      vertex -1.96961 0.347296 21
      vertex -1.29505 0.113302 22
    endloop
  endfacet
  facet normal -0.440284 0.691165 0.573098
    outer loop
      vertex -0.65 1.12583 22
      vertex -1 1.73205 21
      vertex -0.745649 1.0649 22
    endloop
  endfacet
  facet normal 0.812483 0.106944 0.573092
    outer loop
      vertex 1.96961 0.347296 21
      vertex 1.28025 0.225742 22
      vertex 1.29505 0.113302 22
    endloop
  endfacet
  facet normal 0.812473 0.106993 0.573097
    outer loop
      vertex 1.96961 0.347296 21
      vertex 1.29505 0.113302 22
      vertex 1.99239 0.174311 21
    endloop
  endfacet
  facet normal 0.378411 0.726886 0.573098
    outer loop
      vertex 0.845236 1.81262 21
      vertex 0.549403 1.1782 22
      vertex 0.65 1.12583 22
    endloop
  endfacet
  facet normal -0.818707 -0.0357428 0.573098
    outer loop
      vertex -1.29505 -0.113302 22
      vertex -2 0 21
      vertex -1.99239 -0.174311 21
    endloop
  endfacet
  facet normal -0.0357682 0.818708 0.573095
    outer loop
      vertex 0 2 21
      vertex -0.113302 1.29505 22
      vertex 0 1.3 22
    endloop
  endfacet
  facet normal 0.691165 -0.440284 0.573098
    outer loop
      vertex 1.12583 -0.65 22
      vertex 1.0649 -0.745649 22
      vertex 1.73205 -1 21
    endloop
  endfacet
  facet normal -0.800069 0.177354 0.573093
    outer loop
      vertex -1.93185 0.517637 21
      vertex -1.96961 0.347296 21
      vertex -1.28025 0.225742 22
    endloop
  endfacet
  facet normal 0.781555 -0.246439 0.573097
    outer loop
      vertex 1.93185 -0.517637 21
      vertex 1.2557 -0.336464 22
      vertex 1.87938 -0.68404 21
    endloop
  endfacet
  facet normal 0.812473 -0.106993 0.573097
    outer loop
      vertex 1.99239 -0.174311 21
      vertex 1.29505 -0.113302 22
      vertex 1.96961 -0.347296 21
    endloop
  endfacet
  facet normal -0.604184 -0.553647 0.573094
    outer loop
      vertex -0.995857 -0.835624 22
      vertex -1.53209 -1.28557 21
      vertex -1.41421 -1.41421 21
    endloop
  endfacet
  facet normal -0.691141 0.440329 0.573093
    outer loop
      vertex -1.6383 1.14715 21
      vertex -1.73205 1 21
      vertex -1.0649 0.745649 22
    endloop
  endfacet
  facet normal -0.553647 0.604184 0.573094
    outer loop
      vertex -1.28557 1.53209 21
      vertex -1.41421 1.41421 21
      vertex -0.835624 0.995857 22
    endloop
  endfacet
  facet normal 0.781569 -0.246404 0.573093
    outer loop
      vertex 1.2557 -0.336464 22
      vertex 1.2216 -0.444626 22
      vertex 1.87938 -0.68404 21
    endloop
  endfacet
  facet normal 0.177354 -0.800069 0.573093
    outer loop
      vertex 0.517637 -1.93185 21
      vertex 0.225742 -1.28025 22
      vertex 0.347296 -1.96961 21
    endloop
  endfacet
  facet normal 0.650135 -0.498886 0.573095
    outer loop
      vertex 1.0649 -0.745649 22
      vertex 0.995857 -0.835624 22
      vertex 1.53209 -1.28557 21
    endloop
  endfacet
  facet normal -0.818708 0.0357682 0.573095
    outer loop
      vertex -1.29505 0.113302 22
      vertex -2 0 21
      vertex -1.3 0 22
    endloop
  endfacet
  facet normal -0.553647 -0.604184 0.573094
    outer loop
      vertex -0.835624 -0.995857 22
      vertex -1.41421 -1.41421 21
      vertex -1.28557 -1.53209 21
    endloop
  endfacet
  facet normal 0.177354 0.800069 0.573093
    outer loop
      vertex 0.347296 1.96961 21
      vertex 0.225742 1.28025 22
      vertex 0.517637 1.93185 21
    endloop
  endfacet
  facet normal 0.818707 -0.0357428 0.573098
    outer loop
      vertex 2 0 21
      vertex 1.29505 -0.113302 22
      vertex 1.99239 -0.174311 21
    endloop
  endfacet
  facet normal 0.818708 -0.0357682 0.573095
    outer loop
      vertex 1.3 0 22
      vertex 1.29505 -0.113302 22
      vertex 2 0 21
    endloop
  endfacet
  facet normal 0.75711 0.313605 0.573093
    outer loop
      vertex 1.87938 0.68404 21
      vertex 1.1782 0.549403 22
      vertex 1.2216 0.444626 22
    endloop
  endfacet
  facet normal 0.106944 0.812483 0.573092
    outer loop
      vertex 0.347296 1.96961 21
      vertex 0.113302 1.29505 22
      vertex 0.225742 1.28025 22
    endloop
  endfacet
  facet normal 0.378415 0.726885 0.573097
    outer loop
      vertex 0.845236 1.81262 21
      vertex 0.65 1.12583 22
      vertex 1 1.73205 21
    endloop
  endfacet
  facet normal -0.650153 -0.498864 0.573092
    outer loop
      vertex -1.0649 -0.745649 22
      vertex -1.6383 -1.14715 21
      vertex -1.53209 -1.28557 21
    endloop
  endfacet
  facet normal 0.781569 0.246404 0.573093
    outer loop
      vertex 1.87938 0.68404 21
      vertex 1.2216 0.444626 22
      vertex 1.2557 0.336464 22
    endloop
  endfacet
  facet normal 0.246439 0.781555 0.573097
    outer loop
      vertex 0.517637 1.93185 21
      vertex 0.336464 1.2557 22
      vertex 0.68404 1.87938 21
    endloop
  endfacet
  facet normal 0.800057 -0.177394 0.573097
    outer loop
      vertex 1.28025 -0.225742 22
      vertex 1.2557 -0.336464 22
      vertex 1.93185 -0.517637 21
    endloop
  endfacet
  facet normal 0.106993 -0.812473 0.573097
    outer loop
      vertex 0.347296 -1.96961 21
      vertex 0.113302 -1.29505 22
      vertex 0.174311 -1.99239 21
    endloop
  endfacet
  facet normal 0.0357682 -0.818708 0.573095
    outer loop
      vertex 0 -1.3 22
      vertex 0 -2 21
      vertex 0.113302 -1.29505 22
    endloop
  endfacet
  facet normal -0.246439 -0.781555 0.573097
    outer loop
      vertex -0.336464 -1.2557 22
      vertex -0.68404 -1.87938 21
      vertex -0.517637 -1.93185 21
    endloop
  endfacet
  facet normal -0.440329 -0.691141 0.573093
    outer loop
      vertex -0.745649 -1.0649 22
      vertex -1.14715 -1.6383 21
      vertex -1 -1.73205 21
    endloop
  endfacet
  facet normal -0.781555 -0.246439 0.573097
    outer loop
      vertex -1.2557 -0.336464 22
      vertex -1.93185 -0.517637 21
      vertex -1.87938 -0.68404 21
    endloop
  endfacet
  facet normal -0.800069 -0.177354 0.573093
    outer loop
      vertex -1.28025 -0.225742 22
      vertex -1.96961 -0.347296 21
      vertex -1.93185 -0.517637 21
    endloop
  endfacet
  facet normal 0.106993 0.812473 0.573097
    outer loop
      vertex 0.174311 1.99239 21
      vertex 0.113302 1.29505 22
      vertex 0.347296 1.96961 21
    endloop
  endfacet
  facet normal -0.812483 -0.106944 0.573092
    outer loop
      vertex -1.29505 -0.113302 22
      vertex -1.96961 -0.347296 21
      vertex -1.28025 -0.225742 22
    endloop
  endfacet
  facet normal -0.75711 -0.313605 0.573093
    outer loop
      vertex -1.2216 -0.444626 22
      vertex -1.87938 -0.68404 21
      vertex -1.1782 -0.549403 22
    endloop
  endfacet
  facet normal 0.378411 -0.726886 0.573098
    outer loop
      vertex 0.65 -1.12583 22
      vertex 0.549403 -1.1782 22
      vertex 0.845236 -1.81262 21
    endloop
  endfacet
  facet normal -0.604188 -0.553643 0.573094
    outer loop
      vertex -0.995857 -0.835624 22
      vertex -1.41421 -1.41421 21
      vertex -0.919238 -0.919238 22
    endloop
  endfacet
  facet normal -0.781569 0.246404 0.573093
    outer loop
      vertex -1.2216 0.444626 22
      vertex -1.87938 0.68404 21
      vertex -1.2557 0.336464 22
    endloop
  endfacet
  facet normal 0.313605 -0.75711 0.573093
    outer loop
      vertex 0.549403 -1.1782 22
      vertex 0.444626 -1.2216 22
      vertex 0.68404 -1.87938 21
    endloop
  endfacet
  facet normal -0.818708 -0.0357682 0.573095
    outer loop
      vertex -1.3 0 22
      vertex -2 0 21
      vertex -1.29505 -0.113302 22
    endloop
  endfacet
  facet normal -0.757123 -0.313566 0.573097
    outer loop
      vertex -1.1782 -0.549403 22
      vertex -1.87938 -0.68404 21
      vertex -1.81262 -0.845236 21
    endloop
  endfacet
  facet normal 0.691165 0.440284 0.573098
    outer loop
      vertex 1.73205 1 21
      vertex 1.0649 0.745649 22
      vertex 1.12583 0.65 22
    endloop
  endfacet
  facet normal 0.650153 -0.498864 0.573092
    outer loop
      vertex 1.6383 -1.14715 21
      vertex 1.0649 -0.745649 22
      vertex 1.53209 -1.28557 21
    endloop
  endfacet
  facet normal -0.781569 -0.246404 0.573093
    outer loop
      vertex -1.2557 -0.336464 22
      vertex -1.87938 -0.68404 21
      vertex -1.2216 -0.444626 22
    endloop
  endfacet
  facet normal -0.378415 0.726885 0.573097
    outer loop
      vertex -0.845236 1.81262 21
      vertex -1 1.73205 21
      vertex -0.65 1.12583 22
    endloop
  endfacet
  facet normal 0.757123 -0.313566 0.573097
    outer loop
      vertex 1.87938 -0.68404 21
      vertex 1.1782 -0.549403 22
      vertex 1.81262 -0.845236 21
    endloop
  endfacet
  facet normal -0.498864 -0.650153 0.573092
    outer loop
      vertex -0.745649 -1.0649 22
      vertex -1.28557 -1.53209 21
      vertex -1.14715 -1.6383 21
    endloop
  endfacet
  facet normal 0.440329 -0.691141 0.573093
    outer loop
      vertex 1.14715 -1.6383 21
      vertex 0.745649 -1.0649 22
      vertex 1 -1.73205 21
    endloop
  endfacet
  facet normal 0.691141 -0.440329 0.573093
    outer loop
      vertex 1.73205 -1 21
      vertex 1.0649 -0.745649 22
      vertex 1.6383 -1.14715 21
    endloop
  endfacet
  facet normal 0.313566 0.757123 0.573097
    outer loop
      vertex 0.68404 1.87938 21
      vertex 0.549403 1.1782 22
      vertex 0.845236 1.81262 21
    endloop
  endfacet
  facet normal -0.0357682 -0.818708 0.573095
    outer loop
      vertex 0 -1.3 22
      vertex -0.113302 -1.29505 22
      vertex 0 -2 21
    endloop
  endfacet
  facet normal 0.812483 -0.106944 0.573092
    outer loop
      vertex 1.29505 -0.113302 22
      vertex 1.28025 -0.225742 22
      vertex 1.96961 -0.347296 21
    endloop
  endfacet
  facet normal 0.498886 0.650135 0.573095
    outer loop
      vertex 1.28557 1.53209 21
      vertex 0.745649 1.0649 22
      vertex 0.835624 0.995857 22
    endloop
  endfacet
  facet normal -0.177354 0.800069 0.573093
    outer loop
      vertex -0.347296 1.96961 21
      vertex -0.517637 1.93185 21
      vertex -0.225742 1.28025 22
    endloop
  endfacet
  facet normal -0.781555 0.246439 0.573097
    outer loop
      vertex -1.87938 0.68404 21
      vertex -1.93185 0.517637 21
      vertex -1.2557 0.336464 22
    endloop
  endfacet
  facet normal 0.604188 -0.553643 0.573094
    outer loop
      vertex 0.995857 -0.835624 22
      vertex 0.919238 -0.919238 22
      vertex 1.41421 -1.41421 21
    endloop
  endfacet
  facet normal 0.604184 -0.553647 0.573094
    outer loop
      vertex 1.53209 -1.28557 21
      vertex 0.995857 -0.835624 22
      vertex 1.41421 -1.41421 21
    endloop
  endfacet
  facet normal -0.0357428 0.818707 0.573098
    outer loop
      vertex 0 2 21
      vertex -0.174311 1.99239 21
      vertex -0.113302 1.29505 22
    endloop
  endfacet
  facet normal -0.313605 0.75711 0.573093
    outer loop
      vertex -0.444626 1.2216 22
      vertex -0.68404 1.87938 21
      vertex -0.549403 1.1782 22
    endloop
  endfacet
  facet normal -0.818707 0.0357428 0.573098
    outer loop
      vertex -1.99239 0.174311 21
      vertex -2 0 21
      vertex -1.29505 0.113302 22
    endloop
  endfacet
  facet normal -0.553643 0.604188 0.573094
    outer loop
      vertex -0.835624 0.995857 22
      vertex -1.41421 1.41421 21
      vertex -0.919238 0.919238 22
    endloop
  endfacet
  facet normal 0.604188 0.553643 0.573094
    outer loop
      vertex 1.41421 1.41421 21
      vertex 0.919238 0.919238 22
      vertex 0.995857 0.835624 22
    endloop
  endfacet
  facet normal -0.691165 0.440284 0.573098
    outer loop
      vertex -1.0649 0.745649 22
      vertex -1.73205 1 21
      vertex -1.12583 0.65 22
    endloop
  endfacet
  facet normal -0.440329 0.691141 0.573093
    outer loop
      vertex -1 1.73205 21
      vertex -1.14715 1.6383 21
      vertex -0.745649 1.0649 22
    endloop
  endfacet
  facet normal -0.378411 0.726886 0.573098
    outer loop
      vertex -0.549403 1.1782 22
      vertex -0.845236 1.81262 21
      vertex -0.65 1.12583 22
    endloop
  endfacet
  facet normal -0.604188 0.553643 0.573094
    outer loop
      vertex -0.919238 0.919238 22
      vertex -1.41421 1.41421 21
      vertex -0.995857 0.835624 22
    endloop
  endfacet
  facet normal -0.726885 -0.378415 0.573097
    outer loop
      vertex -1.12583 -0.65 22
      vertex -1.81262 -0.845236 21
      vertex -1.73205 -1 21
    endloop
  endfacet
  facet normal 0.726885 0.378415 0.573097
    outer loop
      vertex 1.73205 1 21
      vertex 1.12583 0.65 22
      vertex 1.81262 0.845236 21
    endloop
  endfacet
  facet normal -0.0357428 -0.818707 0.573098
    outer loop
      vertex -0.113302 -1.29505 22
      vertex -0.174311 -1.99239 21
      vertex 0 -2 21
    endloop
  endfacet
  facet normal -0.106993 -0.812473 0.573097
    outer loop
      vertex -0.113302 -1.29505 22
      vertex -0.347296 -1.96961 21
      vertex -0.174311 -1.99239 21
    endloop
  endfacet
  facet normal 0.246404 0.781569 0.573093
    outer loop
      vertex 0.68404 1.87938 21
      vertex 0.336464 1.2557 22
      vertex 0.444626 1.2216 22
    endloop
  endfacet
  facet normal 0 0 1
    outer loop
      vertex 1.29505 0.113302 22
      vertex 1.29505 -0.113302 22
      vertex 1.3 0 22
    endloop
  endfacet
  facet normal 0 0 1
    outer loop
      vertex 1.28025 0.225742 22
      vertex 1.29505 -0.113302 22
      vertex 1.29505 0.113302 22
    endloop
  endfacet
  facet normal 0 0 1
    outer loop
      vertex 1.28025 0.225742 22
      vertex 1.28025 -0.225742 22
      vertex 1.29505 -0.113302 22
    endloop
  endfacet
  facet normal 0 0 1
    outer loop
      vertex 1.2557 0.336464 22
      vertex 1.28025 -0.225742 22
      vertex 1.28025 0.225742 22
    endloop
  endfacet
  facet normal 0 0 1
    outer loop
      vertex 1.2557 0.336464 22
      vertex 1.2557 -0.336464 22
      vertex 1.28025 -0.225742 22
    endloop
  endfacet
  facet normal 0 0 1
    outer loop
      vertex 1.2216 0.444626 22
      vertex 1.2557 -0.336464 22
      vertex 1.2557 0.336464 22
    endloop
  endfacet
  facet normal 0 0 1
    outer loop
      vertex 1.2216 0.444626 22
      vertex 1.2216 -0.444626 22
      vertex 1.2557 -0.336464 22
    endloop
  endfacet
  facet normal 0 0 1
    outer loop
      vertex 1.1782 0.549403 22
      vertex 1.2216 -0.444626 22
      vertex 1.2216 0.444626 22
    endloop
  endfacet
  facet normal 0 0 1
    outer loop
      vertex 1.1782 0.549403 22
      vertex 1.1782 -0.549403 22
      vertex 1.2216 -0.444626 22
    endloop
  endfacet
  facet normal 0 0 1
    outer loop
      vertex 1.12583 0.65 22
      vertex 1.1782 -0.549403 22
      vertex 1.1782 0.549403 22
    endloop
  endfacet
  facet normal 0 0 1
    outer loop
      vertex 1.12583 0.65 22
      vertex 1.12583 -0.65 22
      vertex 1.1782 -0.549403 22
    endloop
  endfacet
  facet normal 0 0 1
    outer loop
      vertex 1.0649 0.745649 22
      vertex 1.12583 -0.65 22
      vertex 1.12583 0.65 22
    endloop
  endfacet
  facet normal 0 0 1
    outer loop
      vertex 1.0649 0.745649 22
      vertex 1.0649 -0.745649 22
      vertex 1.12583 -0.65 22
    endloop
  endfacet
  facet normal 0 0 1
    outer loop
      vertex 0.995857 0.835624 22
      vertex 1.0649 -0.745649 22
      vertex 1.0649 0.745649 22
    endloop
  endfacet
  facet normal 0 0 1
    outer loop
      vertex 0.995857 0.835624 22
      vertex 0.995857 -0.835624 22
      vertex 1.0649 -0.745649 22
    endloop
  endfacet
  facet normal 0 0 1
    outer loop
      vertex 0.919238 0.919238 22
      vertex 0.995857 -0.835624 22
      vertex 0.995857 0.835624 22
    endloop
  endfacet
  facet normal 0 0 1
    outer loop
      vertex 0.919238 0.919238 22
      vertex 0.919238 -0.919238 22
      vertex 0.995857 -0.835624 22
    endloop
  endfacet
  facet normal 0 0 1
    outer loop
      vertex 0.835624 0.995857 22
      vertex 0.919238 -0.919238 22
      vertex 0.919238 0.919238 22
    endloop
  endfacet
  facet normal 0 0 1
    outer loop
      vertex 0.835624 0.995857 22
      vertex 0.835624 -0.995857 22
      vertex 0.919238 -0.919238 22
    endloop
  endfacet
  facet normal 0 0 1
    outer loop
      vertex 0.745649 1.0649 22
      vertex 0.835624 -0.995857 22
      vertex 0.835624 0.995857 22
    endloop
  endfacet
  facet normal 0 0 1
    outer loop
      vertex 0.745649 1.0649 22
      vertex 0.745649 -1.0649 22
      vertex 0.835624 -0.995857 22
    endloop
  endfacet
  facet normal 0 0 1
    outer loop
      vertex 0.65 1.12583 22
      vertex 0.745649 -1.0649 22
      vertex 0.745649 1.0649 22
    endloop
  endfacet
  facet normal 0 0 1
    outer loop
      vertex 0.65 1.12583 22
      vertex 0.65 -1.12583 22
      vertex 0.745649 -1.0649 22
    endloop
  endfacet
  facet normal 0 0 1
    outer loop
      vertex 0.549403 1.1782 22
      vertex 0.65 -1.12583 22
      vertex 0.65 1.12583 22
    endloop
  endfacet
  facet normal 0 0 1
    outer loop
      vertex 0.549403 1.1782 22
      vertex 0.549403 -1.1782 22
      vertex 0.65 -1.12583 22
    endloop
  endfacet
  facet normal 0 0 1
    outer loop
      vertex 0.444626 1.2216 22
      vertex 0.549403 -1.1782 22
      vertex 0.549403 1.1782 22
    endloop
  endfacet
  facet normal 0 0 1
    outer loop
      vertex 0.444626 1.2216 22
      vertex 0.444626 -1.2216 22
      vertex 0.549403 -1.1782 22
    endloop
  endfacet
  facet normal 0 0 1
    outer loop
      vertex 0.336464 1.2557 22
      vertex 0.444626 -1.2216 22
      vertex 0.444626 1.2216 22
    endloop
  endfacet
  facet normal 0 0 1
    outer loop
      vertex 0.336464 1.2557 22
      vertex 0.336464 -1.2557 22
      vertex 0.444626 -1.2216 22
    endloop
  endfacet
  facet normal 0 0 1
    outer loop
      vertex 0.225742 1.28025 22
      vertex 0.336464 -1.2557 22
      vertex 0.336464 1.2557 22
    endloop
  endfacet
  facet normal 0 0 1
    outer loop
      vertex 0.225742 1.28025 22
      vertex 0.225742 -1.28025 22
      vertex 0.336464 -1.2557 22
    endloop
  endfacet
  facet normal 0 0 1
    outer loop
      vertex 0.113302 1.29505 22
      vertex 0.225742 -1.28025 22
      vertex 0.225742 1.28025 22
    endloop
  endfacet
  facet normal 0 0 1
    outer loop
      vertex 0.113302 1.29505 22
      vertex 0.113302 -1.29505 22
      vertex 0.225742 -1.28025 22
    endloop
  endfacet
  facet normal 0 0 1
    outer loop
      vertex 0 1.3 22
      vertex 0.113302 -1.29505 22
      vertex 0.113302 1.29505 22
    endloop
  endfacet
  facet normal 0 0 1
    outer loop
      vertex 0 1.3 22
      vertex 0 -1.3 22
      vertex 0.113302 -1.29505 22
    endloop
  endfacet
  facet normal -0 0 1
    outer loop
      vertex -0.113302 1.29505 22
      vertex 0 -1.3 22
      vertex 0 1.3 22
    endloop
  endfacet
  facet normal 0 0 1
    outer loop
      vertex -0.113302 1.29505 22
      vertex -0.113302 -1.29505 22
      vertex 0 -1.3 22
    endloop
  endfacet
  facet normal -0 0 1
    outer loop
      vertex -0.225742 1.28025 22
      vertex -0.113302 -1.29505 22
      vertex -0.113302 1.29505 22
    endloop
  endfacet
  facet normal 0 0 1
    outer loop
      vertex -0.225742 1.28025 22
      vertex -0.225742 -1.28025 22
      vertex -0.113302 -1.29505 22
    endloop
  endfacet
  facet normal -0 0 1
    outer loop
      vertex -0.336464 1.2557 22
      vertex -0.225742 -1.28025 22
      vertex -0.225742 1.28025 22
    endloop
  endfacet
  facet normal 0 0 1
    outer loop
      vertex -0.336464 1.2557 22
      vertex -0.336464 -1.2557 22
      vertex -0.225742 -1.28025 22
    endloop
  endfacet
  facet normal -0 0 1
    outer loop
      vertex -0.444626 1.2216 22
      vertex -0.336464 -1.2557 22
      vertex -0.336464 1.2557 22
    endloop
  endfacet
  facet normal 0 0 1
    outer loop
      vertex -0.444626 1.2216 22
      vertex -0.444626 -1.2216 22
      vertex -0.336464 -1.2557 22
    endloop
  endfacet
  facet normal -0 0 1
    outer loop
      vertex -0.549403 1.1782 22
      vertex -0.444626 -1.2216 22
      vertex -0.444626 1.2216 22
    endloop
  endfacet
  facet normal 0 0 1
    outer loop
      vertex -0.549403 1.1782 22
      vertex -0.549403 -1.1782 22
      vertex -0.444626 -1.2216 22
    endloop
  endfacet
  facet normal -0 0 1
    outer loop
      vertex -0.65 1.12583 22
      vertex -0.549403 -1.1782 22
      vertex -0.549403 1.1782 22
    endloop
  endfacet
  facet normal 0 0 1
    outer loop
      vertex -0.65 1.12583 22
      vertex -0.65 -1.12583 22
      vertex -0.549403 -1.1782 22
    endloop
  endfacet
  facet normal -0 0 1
    outer loop
      vertex -0.745649 1.0649 22
      vertex -0.65 -1.12583 22
      vertex -0.65 1.12583 22
    endloop
  endfacet
  facet normal 0 0 1
    outer loop
      vertex -0.745649 1.0649 22
      vertex -0.745649 -1.0649 22
      vertex -0.65 -1.12583 22
    endloop
  endfacet
  facet normal -0 0 1
    outer loop
      vertex -0.835624 0.995857 22
      vertex -0.745649 -1.0649 22
      vertex -0.745649 1.0649 22
    endloop
  endfacet
  facet normal 0 0 1
    outer loop
      vertex -0.835624 0.995857 22
      vertex -0.835624 -0.995857 22
      vertex -0.745649 -1.0649 22
    endloop
  endfacet
  facet normal -0 0 1
    outer loop
      vertex -0.919238 0.919238 22
      vertex -0.835624 -0.995857 22
      vertex -0.835624 0.995857 22
    endloop
  endfacet
  facet normal 0 0 1
    outer loop
      vertex -0.919238 0.919238 22
      vertex -0.919238 -0.919238 22
      vertex -0.835624 -0.995857 22
    endloop
  endfacet
  facet normal -0 0 1
    outer loop
      vertex -0.995857 0.835624 22
      vertex -0.919238 -0.919238 22
      vertex -0.919238 0.919238 22
    endloop
  endfacet
  facet normal 0 0 1
    outer loop
      vertex -0.995857 0.835624 22
      vertex -0.995857 -0.835624 22
      vertex -0.919238 -0.919238 22
    endloop
  endfacet
  facet normal -0 0 1
    outer loop
      vertex -1.0649 0.745649 22
      vertex -0.995857 -0.835624 22
      vertex -0.995857 0.835624 22
    endloop
  endfacet
  facet normal 0 0 1
    outer loop
      vertex -1.0649 0.745649 22
      vertex -1.0649 -0.745649 22
      vertex -0.995857 -0.835624 22
    endloop
  endfacet
  facet normal -0 0 1
    outer loop
      vertex -1.12583 0.65 22
      vertex -1.0649 -0.745649 22
      vertex -1.0649 0.745649 22
    endloop
  endfacet
  facet normal 0 0 1
    outer loop
      vertex -1.12583 0.65 22
      vertex -1.12583 -0.65 22
      vertex -1.0649 -0.745649 22
    endloop
  endfacet
  facet normal -0 0 1
    outer loop
      vertex -1.1782 0.549403 22
      vertex -1.12583 -0.65 22
      vertex -1.12583 0.65 22
    endloop
  endfacet
  facet normal 0 0 1
    outer loop
      vertex -1.1782 0.549403 22
      vertex -1.1782 -0.549403 22
      vertex -1.12583 -0.65 22
    endloop
  endfacet
  facet normal -0 0 1
    outer loop
      vertex -1.2216 0.444626 22
      vertex -1.1782 -0.549403 22
      vertex -1.1782 0.549403 22
    endloop
  endfacet
  facet normal 0 0 1
    outer loop
      vertex -1.2216 0.444626 22
      vertex -1.2216 -0.444626 22
      vertex -1.1782 -0.549403 22
    endloop
  endfacet
  facet normal -0 0 1
    outer loop
      vertex -1.2557 0.336464 22
      vertex -1.2216 -0.444626 22
      vertex -1.2216 0.444626 22
    endloop
  endfacet
  facet normal 0 0 1
    outer loop
      vertex -1.2557 0.336464 22
      vertex -1.2557 -0.336464 22
      vertex -1.2216 -0.444626 22
    endloop
  endfacet
  facet normal -0 0 1
    outer loop
      vertex -1.28025 0.225742 22
      vertex -1.2557 -0.336464 22
      vertex -1.2557 0.336464 22
    endloop
  endfacet
  facet normal 0 0 1
    outer loop
      vertex -1.28025 0.225742 22
      vertex -1.28025 -0.225742 22
      vertex -1.2557 -0.336464 22
    endloop
  endfacet
  facet normal -0 0 1
    outer loop
      vertex -1.29505 0.113302 22
      vertex -1.28025 -0.225742 22
      vertex -1.28025 0.225742 22
    endloop
  endfacet
  facet normal 0 0 1
    outer loop
      vertex -1.29505 0.113302 22
      vertex -1.29505 -0.113302 22
      vertex -1.28025 -0.225742 22
    endloop
  endfacet
  facet normal 0 -0 1
    outer loop
      vertex -1.29505 -0.113302 22
      vertex -1.29505 0.113302 22
      vertex -1.3 0 22
    endloop
  endfacet
  facet normal -0.378415 -0.726885 0.573097
    outer loop
      vertex -0.65 -1.12583 22
      vertex -1 -1.73205 21
      vertex -0.845236 -1.81262 21
    endloop
  endfacet
  facet normal -0.313566 0.757123 0.573097
    outer loop
      vertex -0.68404 1.87938 21
      vertex -0.845236 1.81262 21
      vertex -0.549403 1.1782 22
    endloop
  endfacet
  facet normal -0.650153 0.498864 0.573092
    outer loop
      vertex -1.53209 1.28557 21
      vertex -1.6383 1.14715 21
      vertex -1.0649 0.745649 22
    endloop
  endfacet
  facet normal -0.757123 0.313566 0.573097
    outer loop
      vertex -1.81262 0.845236 21
      vertex -1.87938 0.68404 21
      vertex -1.1782 0.549403 22
    endloop
  endfacet
  facet normal 0.246404 -0.781569 0.573093
    outer loop
      vertex 0.444626 -1.2216 22
      vertex 0.336464 -1.2557 22
      vertex 0.68404 -1.87938 21
    endloop
  endfacet
  facet normal 0.246439 -0.781555 0.573097
    outer loop
      vertex 0.68404 -1.87938 21
      vertex 0.336464 -1.2557 22
      vertex 0.517637 -1.93185 21
    endloop
  endfacet
  facet normal -0.246404 0.781569 0.573093
    outer loop
      vertex -0.336464 1.2557 22
      vertex -0.68404 1.87938 21
      vertex -0.444626 1.2216 22
    endloop
  endfacet
  facet normal 0.177394 0.800057 0.573097
    outer loop
      vertex 0.517637 1.93185 21
      vertex 0.225742 1.28025 22
      vertex 0.336464 1.2557 22
    endloop
  endfacet
  facet normal -0.800057 0.177394 0.573097
    outer loop
      vertex -1.2557 0.336464 22
      vertex -1.93185 0.517637 21
      vertex -1.28025 0.225742 22
    endloop
  endfacet
  facet normal -0.800057 -0.177394 0.573097
    outer loop
      vertex -1.28025 -0.225742 22
      vertex -1.93185 -0.517637 21
      vertex -1.2557 -0.336464 22
    endloop
  endfacet
  facet normal 0.498864 -0.650153 0.573092
    outer loop
      vertex 1.28557 -1.53209 21
      vertex 0.745649 -1.0649 22
      vertex 1.14715 -1.6383 21
    endloop
  endfacet
  facet normal 0.440284 -0.691165 0.573098
    outer loop
      vertex 0.745649 -1.0649 22
      vertex 0.65 -1.12583 22
      vertex 1 -1.73205 21
    endloop
  endfacet
  facet normal 0.378415 -0.726885 0.573097
    outer loop
      vertex 1 -1.73205 21
      vertex 0.65 -1.12583 22
      vertex 0.845236 -1.81262 21
    endloop
  endfacet
  facet normal -0.246404 -0.781569 0.573093
    outer loop
      vertex -0.444626 -1.2216 22
      vertex -0.68404 -1.87938 21
      vertex -0.336464 -1.2557 22
    endloop
  endfacet
  facet normal -0.106944 0.812483 0.573092
    outer loop
      vertex -0.113302 1.29505 22
      vertex -0.347296 1.96961 21
      vertex -0.225742 1.28025 22
    endloop
  endfacet
  facet normal -0.553643 -0.604188 0.573094
    outer loop
      vertex -0.919238 -0.919238 22
      vertex -1.41421 -1.41421 21
      vertex -0.835624 -0.995857 22
    endloop
  endfacet
  facet normal 0.440329 0.691141 0.573093
    outer loop
      vertex 1 1.73205 21
      vertex 0.745649 1.0649 22
      vertex 1.14715 1.6383 21
    endloop
  endfacet
  facet normal -0.177394 -0.800057 0.573097
    outer loop
      vertex -0.336464 -1.2557 22
      vertex -0.517637 -1.93185 21
      vertex -0.225742 -1.28025 22
    endloop
  endfacet
  facet normal 0.440284 0.691165 0.573098
    outer loop
      vertex 1 1.73205 21
      vertex 0.65 1.12583 22
      vertex 0.745649 1.0649 22
    endloop
  endfacet
  facet normal 0.553643 -0.604188 0.573094
    outer loop
      vertex 0.919238 -0.919238 22
      vertex 0.835624 -0.995857 22
      vertex 1.41421 -1.41421 21
    endloop
  endfacet
  facet normal -0.498886 -0.650135 0.573095
    outer loop
      vertex -0.835624 -0.995857 22
      vertex -1.28557 -1.53209 21
      vertex -0.745649 -1.0649 22
    endloop
  endfacet
  facet normal -0.246439 0.781555 0.573097
    outer loop
      vertex -0.517637 1.93185 21
      vertex -0.68404 1.87938 21
      vertex -0.336464 1.2557 22
    endloop
  endfacet
  facet normal -0.177394 0.800057 0.573097
    outer loop
      vertex -0.225742 1.28025 22
      vertex -0.517637 1.93185 21
      vertex -0.336464 1.2557 22
    endloop
  endfacet
  facet normal -0.726886 -0.378411 0.573098
    outer loop
      vertex -1.1782 -0.549403 22
      vertex -1.81262 -0.845236 21
      vertex -1.12583 -0.65 22
    endloop
  endfacet
  facet normal -0.691141 -0.440329 0.573093
    outer loop
      vertex -1.0649 -0.745649 22
      vertex -1.73205 -1 21
      vertex -1.6383 -1.14715 21
    endloop
  endfacet
  facet normal -0.378411 -0.726886 0.573098
    outer loop
      vertex -0.65 -1.12583 22
      vertex -0.845236 -1.81262 21
      vertex -0.549403 -1.1782 22
    endloop
  endfacet
  facet normal -0.650135 -0.498886 0.573095
    outer loop
      vertex -1.0649 -0.745649 22
      vertex -1.53209 -1.28557 21
      vertex -0.995857 -0.835624 22
    endloop
  endfacet
  facet normal -0.440284 -0.691165 0.573098
    outer loop
      vertex -0.745649 -1.0649 22
      vertex -1 -1.73205 21
      vertex -0.65 -1.12583 22
    endloop
  endfacet
  facet normal -0.691165 -0.440284 0.573098
    outer loop
      vertex -1.12583 -0.65 22
      vertex -1.73205 -1 21
      vertex -1.0649 -0.745649 22
    endloop
  endfacet
endsolid OpenSCAD_Model
